datetime,open,high,low,close,volume,adx
2025-09-02 17:00:00,110745.7,111000.0,110579.0,110853.8,4189.192,
2025-09-02 18:00:00,110853.8,110890.7,110118.5,110584.1,6333.183,
2025-09-02 19:00:00,110584.0,110792.1,110390.2,110742.9,3120.802,
2025-09-02 20:00:00,110742.9,111373.4,110650.8,111356.1,5655.118,
2025-09-02 21:00:00,111356.1,111487.9,111066.0,111066.1,3291.78,
2025-09-02 22:00:00,111066.1,111216.2,110812.4,111216.1,3957.976,
2025-09-02 23:00:00,111216.1,111230.7,110958.5,111188.0,1659.283,
2025-09-03 00:00:00,111187.9,111732.9,111173.2,111283.2,5273.108,
2025-09-03 01:00:00,111283.1,111346.4,110842.7,111120.0,3487.045,
2025-09-03 02:00:00,111120.0,111442.2,110972.3,111327.9,3149.336,
2025-09-03 03:00:00,111327.9,111358.0,110844.0,110991.7,2770.224,
2025-09-03 04:00:00,110991.8,111117.5,110783.6,110966.7,2112.534,
2025-09-03 05:00:00,110966.7,111022.7,110613.2,110647.6,2261.177,
2025-09-03 06:00:00,110647.6,110843.0,110523.0,110676.6,3057.494,
2025-09-03 07:00:00,110676.5,111065.5,110486.9,111041.5,3685.839,
2025-09-03 08:00:00,111041.4,111221.0,110923.0,110974.9,3159.461,
2025-09-03 09:00:00,110974.8,111283.6,110843.0,111261.2,2448.686,
2025-09-03 10:00:00,111261.2,111438.0,111112.9,111402.0,2668.675,
2025-09-03 11:00:00,111402.0,111670.0,111338.5,111391.6,3613.606,
2025-09-03 12:00:00,111391.6,111831.4,110966.8,111051.0,6470.858,
2025-09-03 13:00:00,111051.0,111869.8,111011.3,111409.4,10528.245,
2025-09-03 14:00:00,111409.4,112470.5,111047.6,112208.3,19193.727,
2025-09-03 15:00:00,112208.8,112334.7,111850.0,112168.6,6775.076,
2025-09-03 16:00:00,112168.5,112296.8,111626.0,111810.0,5078.095,
2025-09-03 17:00:00,111809.9,112541.2,111800.0,112251.8,5869.245,
2025-09-03 18:00:00,112251.8,112467.4,111740.9,111952.8,3678.628,
2025-09-03 19:00:00,111952.9,112183.4,111724.1,112139.9,2812.958,13.485119011299764
2025-09-03 20:00:00,112140.0,112196.8,111984.4,112166.8,1669.437,15.161854760233606
2025-09-03 21:00:00,112166.8,112207.1,111700.0,111936.6,1643.634,15.826606613419033
2025-09-03 22:00:00,111936.6,112093.5,111777.7,111899.9,1496.147,14.957827978924694
2025-09-03 23:00:00,111899.9,111935.7,111550.9,111659.8,2601.186,13.630639595896216
2025-09-04 00:00:00,111659.7,112136.8,111556.0,112015.4,2951.43,13.467927046913456
2025-09-04 01:00:00,112015.3,112027.9,111580.7,111900.0,1917.071,13.125476182322501
2025-09-04 02:00:00,111899.9,111930.0,111344.9,111409.6,4384.497,12.793619541516685
2025-09-04 03:00:00,111409.6,111678.7,111081.1,111107.1,5644.09,13.287334832047666
2025-09-04 04:00:00,111107.1,111283.7,110853.4,110870.8,3907.09,17.105810264657208
2025-09-04 05:00:00,110870.9,110880.0,110517.2,110613.3,7660.784,19.851482143906022
2025-09-04 06:00:00,110613.3,110683.6,110237.2,110350.0,5261.595,23.70195390878508
2025-09-04 07:00:00,110349.9,110598.4,110299.7,110417.3,3889.4,27.82994215449846
2025-09-04 08:00:00,110417.3,110800.0,110366.0,110595.3,4062.453,30.700587310739014
2025-09-04 09:00:00,110595.4,110818.6,110595.4,110764.1,2233.183,32.88639331166803
2025-09-04 10:00:00,110764.1,111111.0,110561.2,110569.0,4277.971,33.35963599314108
2025-09-04 11:00:00,110568.9,111009.5,110478.9,110763.9,4273.216,35.055658087230356
2025-09-04 12:00:00,110763.8,111081.6,110463.8,110887.6,4781.847,36.78228863564714
2025-09-04 13:00:00,110888.8,110931.9,110150.0,110421.2,6580.733,39.186598923198645
2025-09-04 14:00:00,110421.2,110486.0,109655.4,109799.9,12600.353,42.99491321303998
2025-09-04 15:00:00,109800.0,109826.8,109269.1,109448.0,9349.266,47.066571448222035
2025-09-04 16:00:00,109448.0,109648.7,109315.0,109384.9,4463.608,51.22356246309745
2025-09-04 17:00:00,109384.8,109876.9,109372.5,109728.3,4768.35,53.30313769916934
2025-09-04 18:00:00,109728.4,110150.0,109632.5,109918.6,5516.407,50.522876328114826
2025-09-04 19:00:00,109918.7,110063.0,109648.6,109753.9,3056.603,47.30107978851184
2025-09-04 20:00:00,109753.9,110370.0,109702.8,110350.0,3454.519,43.69947029628387
2025-09-04 21:00:00,110350.0,110500.0,110265.6,110445.8,1513.533,38.90758210059003
2025-09-04 22:00:00,110445.8,111560.0,110427.1,111454.9,8280.779,36.88166915697805
2025-09-04 23:00:00,111454.9,111743.8,110541.2,110679.4,7471.591,35.190412005271675
2025-09-05 00:00:00,110679.5,110893.5,110394.2,110418.0,4272.714,34.05189056784366
2025-09-05 01:00:00,110418.0,111098.3,110405.5,111079.9,3129.486,33.793576691627834
2025-09-05 02:00:00,111079.9,111444.1,110992.8,111297.7,5087.695,34.01180554358286
2025-09-05 03:00:00,111297.7,111297.7,111040.5,111266.9,2329.756,35.023052725799865
2025-09-05 04:00:00,111267.0,111429.1,111086.2,111396.7,1806.698,36.24017651148316
2025-09-05 05:00:00,111396.8,111687.9,111361.1,111524.2,3135.78,38.729421670935245
2025-09-05 06:00:00,111524.2,111876.8,111448.4,111860.0,3660.55,41.29888558978475
2025-09-05 07:00:00,111860.0,112949.0,111831.7,112900.1,19603.479,45.128659931196275
2025-09-05 08:00:00,112900.0,112947.6,112559.3,112589.0,6454.835,50.23302439357116
2025-09-05 09:00:00,112589.0,112589.1,112080.0,112252.8,7505.547,54.53981300032801
2025-09-05 10:00:00,112252.8,112547.0,112143.7,112199.1,4636.353,58.99707843125411
2025-09-05 11:00:00,112199.2,112397.7,112085.9,112299.6,3613.537,63.08529566257279
2025-09-05 12:00:00,112299.6,113344.3,112000.0,113159.1,28456.112,65.5953809760821
2025-09-05 13:00:00,113159.0,113271.6,112642.4,113028.4,12850.379,67.73157254635336
2025-09-05 14:00:00,113028.4,113028.4,110440.0,110527.4,36245.316,66.39416007823385
2025-09-05 15:00:00,110527.3,110974.8,110240.0,110674.1,11144.796,64.22138963078017
2025-09-05 16:00:00,110674.1,110886.4,110485.3,110767.3,3936.916,62.30849225567986
2025-09-05 17:00:00,110767.3,110770.0,110153.3,110567.2,5428.736,59.865826533819764
2025-09-05 18:00:00,110567.1,111247.0,110521.7,111146.0,5084.28,55.1965466474606
2025-09-05 19:00:00,111146.1,111598.2,111072.0,111550.1,4603.475,48.7375246908512
2025-09-05 20:00:00,111550.0,111594.1,111230.7,111581.8,3871.715,42.710076980676035
2025-09-05 21:00:00,111581.8,111655.5,110307.6,110544.1,12256.957,39.106761951117775
2025-09-05 22:00:00,110544.0,110873.6,110438.1,110745.2,2544.544,35.430278694313095
2025-09-05 23:00:00,110745.2,110819.5,110534.2,110614.9,1715.748,33.04290700793736
2025-09-06 00:00:00,110614.8,110786.3,110504.9,110729.4,2070.165,30.755157091034818
2025-09-06 01:00:00,110729.4,110874.9,110682.2,110817.6,1269.562,28.489879968120743
2025-09-06 02:00:00,110817.5,111174.7,110675.6,111170.1,2158.159,27.67728479860545
2025-09-06 03:00:00,111170.0,111256.2,110958.9,111034.0,1903.334,26.66118998245675
2025-09-06 04:00:00,111034.0,111034.0,110735.0,110834.8,1758.386,27.35196542482658
2025-09-06 05:00:00,110834.7,110834.8,110653.1,110678.7,1657.031,28.114732495695563
2025-09-06 06:00:00,110678.7,110773.9,110660.0,110705.1,833.604,28.005759990954175
2025-09-06 07:00:00,110705.1,110794.6,110700.0,110779.9,902.766,27.317741597979968
2025-09-06 08:00:00,110779.9,110928.5,110730.6,110906.5,1099.778,27.397219517387786
2025-09-06 09:00:00,110906.5,110906.5,110653.1,110653.1,1632.0,29.44024807044274
2025-09-06 10:00:00,110653.2,110757.0,110630.0,110734.2,995.677,31.2700890241494
2025-09-06 11:00:00,110734.2,110830.9,110621.0,110732.9,1321.074,30.632863682867615
2025-09-06 12:00:00,110732.8,110852.9,110704.0,110786.6,1148.219,29.015401776871546
2025-09-06 13:00:00,110786.6,110910.0,110772.6,110882.1,1353.752,28.17801231522779
2025-09-06 14:00:00,110882.1,110956.5,110719.7,110760.8,1432.496,27.221710927364267
2025-09-06 15:00:00,110760.8,110793.4,110285.2,110324.1,5374.969,25.492767919024846
2025-09-06 16:00:00,110324.2,110359.1,109850.0,110206.2,8944.434,25.373185576641255
2025-09-06 17:00:00,110206.2,110222.3,109933.2,110096.1,2109.326,26.025947495193158
2025-09-06 18:00:00,110096.2,110238.4,110005.8,110176.3,1887.316,28.598823268053046
2025-09-06 19:00:00,110176.3,110206.9,109950.0,109986.7,1672.032,31.375611919956828
2025-09-06 20:00:00,109986.8,110121.0,109981.2,110121.0,950.783,34.364266732774205
2025-09-06 21:00:00,110121.0,110167.6,110039.5,110158.1,1063.152,37.287554865760356
2025-09-06 22:00:00,110158.1,110192.6,110023.6,110114.9,1413.249,40.86510759617551
2025-09-06 23:00:00,110115.0,110225.9,110057.9,110135.3,1331.252,42.07852858521814
2025-09-07 00:00:00,110135.2,110325.5,110120.5,110306.0,2086.639,42.31373579027221
2025-09-07 01:00:00,110305.9,110545.0,110276.2,110502.2,3150.738,41.472358874798694
2025-09-07 02:00:00,110502.1,110645.7,110394.1,110610.0,1736.392,41.22341761048294
2025-09-07 03:00:00,110610.1,110700.0,110541.6,110579.8,1513.18,40.475031527971744
2025-09-07 04:00:00,110579.8,110596.0,110438.0,110514.5,1097.889,40.09898319470231
2025-09-07 05:00:00,110514.5,110650.1,110514.4,110607.0,1036.422,40.2703154241908
2025-09-07 06:00:00,110607.1,110613.4,110418.8,110458.5,1448.59,40.97552313689356
2025-09-07 07:00:00,110458.5,110880.8,110414.4,110710.8,3591.966,41.01343474708178
2025-09-07 08:00:00,110710.8,111348.0,110666.4,111022.8,8313.628,42.458858937067895
2025-09-07 09:00:00,111022.8,111211.7,110823.8,111074.6,3631.035,44.26683510121274
2025-09-07 10:00:00,111074.6,111186.5,110992.2,111170.3,1184.532,45.831440036656105
2025-09-07 11:00:00,111170.4,111249.9,111128.2,111249.5,1634.215,47.630763757324324
2025-09-07 12:00:00,111249.5,111249.6,111018.4,111074.3,1740.718,47.554452144798795
2025-09-07 13:00:00,111074.3,111193.5,110998.8,111168.1,1383.015,47.78207449877196
2025-09-07 14:00:00,111168.1,111371.4,111010.0,111092.1,2666.836,49.107621848710174
2025-09-07 15:00:00,111092.1,111334.1,111061.0,111276.2,1718.583,50.89958667470519
2025-09-07 16:00:00,111276.2,111327.2,111115.2,111158.0,1562.965,52.853703394067914
2025-09-07 17:00:00,111158.1,111200.1,110850.0,110925.6,3120.211,52.698344408467946
2025-09-07 18:00:00,110925.5,111029.1,110817.5,111011.8,1403.894,52.785639460650195
2025-09-07 19:00:00,111011.7,111266.6,111004.3,111217.0,1553.717,53.9804511479336
2025-09-07 20:00:00,111216.9,111325.0,111105.5,111282.8,1724.934,52.437447564463696
2025-09-07 21:00:00,111282.8,111291.2,111006.4,111006.4,954.47,49.56723157782655
2025-09-07 22:00:00,111006.4,111316.2,110947.6,111197.9,2058.947,46.408944820767125
2025-09-07 23:00:00,111197.9,111559.5,111010.0,111076.0,3527.068,41.676050369840524
2025-09-08 00:00:00,111075.5,111250.0,110683.8,110786.5,5003.903,37.316327963764444
2025-09-08 01:00:00,110786.5,110958.5,110680.0,110847.0,2564.18,33.2634343746236
2025-09-08 02:00:00,110846.9,111345.0,110566.5,111199.9,4007.876,30.02354703012414
2025-09-08 03:00:00,111199.9,111304.2,110970.0,111004.9,2565.867,26.94670574351704
2025-09-08 04:00:00,111004.8,111176.0,110875.3,110934.7,2356.422,22.955151750453002
2025-09-08 05:00:00,110934.6,111027.5,110852.1,110984.8,1275.123,19.48487793711012
2025-09-08 06:00:00,110984.8,111153.3,110864.1,111068.4,1257.468,16.630612027475607
2025-09-08 07:00:00,111068.4,111580.7,111061.8,111236.4,4520.01,18.22092967032277
2025-09-08 08:00:00,111236.5,111876.5,111201.0,111640.0,6717.256,20.06557865552222
2025-09-08 09:00:00,111640.0,112066.7,111537.4,112059.9,7507.572,21.169581054620846
2025-09-08 10:00:00,112060.0,112144.0,111866.3,112005.5,6019.26,21.511387120418927
2025-09-08 11:00:00,112005.5,112088.0,111718.7,112022.0,3772.591,23.224141261265412
2025-09-08 12:00:00,112022.0,112120.6,111885.4,111990.1,2172.702,24.74581277496818
2025-09-08 13:00:00,111990.1,112331.0,111800.0,111864.3,9206.938,27.49609555146856
2025-09-08 14:00:00,111864.3,112731.2,111834.6,112586.2,10307.016,32.26060664774395
2025-09-08 15:00:00,112586.3,112867.6,112459.2,112573.6,6589.153,36.80169866036264
2025-09-08 16:00:00,112573.6,112635.0,112234.1,112345.8,5132.236,39.983190405714126
2025-09-08 17:00:00,112345.9,112494.3,112030.0,112168.1,3563.59,42.37300940609198
2025-09-08 18:00:00,112168.1,112466.6,112136.3,112425.3,2838.363,45.87904691216682
2025-09-08 19:00:00,112425.3,112425.3,111927.0,112051.0,3331.798,48.689110872569
2025-09-08 20:00:00,112050.0,112100.0,111847.0,111919.4,2348.233,50.68902943761554
2025-09-08 21:00:00,111919.5,112289.7,111880.0,112271.8,1980.365,49.862145766625524
2025-09-08 22:00:00,112271.8,112460.4,112160.0,112186.7,2484.308,48.05194628260178
2025-09-08 23:00:00,112186.7,112255.0,111931.7,112012.6,1595.629,44.982019950223766
2025-09-09 00:00:00,112012.7,112055.7,111409.0,111597.9,6733.25,42.90456444452544
2025-09-09 01:00:00,111598.0,111700.0,111220.0,111313.1,3570.259,41.130748042371756
2025-09-09 02:00:00,111313.0,111399.9,111050.0,111280.0,4370.29,39.47252730165358
2025-09-09 03:00:00,111280.0,111705.1,111186.1,111657.6,4616.451,37.58288982626265
2025-09-09 04:00:00,111657.7,112073.4,111576.7,111979.9,6541.068,33.70906736200252
2025-09-09 05:00:00,111979.8,112217.8,111800.1,112152.2,3310.8,29.70430695452371
2025-09-09 06:00:00,112152.2,113131.6,112115.8,112989.5,13709.78,26.446807465664744
2025-09-09 07:00:00,112989.6,113238.0,112699.9,112950.1,8359.988,24.678111885465007
2025-09-09 08:00:00,112950.2,113134.3,112852.4,112965.8,3570.423,22.429502585626327
2025-09-09 09:00:00,112965.9,113032.8,112870.3,112928.7,2068.245,21.534618831913292
2025-09-09 10:00:00,112928.8,113011.8,112588.4,112690.2,4022.423,20.61893380527431
2025-09-09 11:00:00,112690.1,112769.2,112350.0,112397.4,3180.594,19.288864692074124
2025-09-09 12:00:00,112397.5,112793.8,112350.0,112626.5,4080.737,17.96568980043175
2025-09-09 13:00:00,112626.4,112900.0,112429.4,112712.9,5401.529,18.725556934032245
2025-09-09 14:00:00,112712.8,112897.4,111452.4,111709.5,23375.351,17.456179288013157
2025-09-09 15:00:00,111708.8,111793.5,110714.9,110830.1,16528.686,16.92450166838955
2025-09-09 16:00:00,110830.1,111095.6,110738.6,110915.1,5134.914,15.66265291623508
2025-09-09 17:00:00,110915.1,111153.0,110838.6,110984.9,3384.959,15.186385738436112
2025-09-09 18:00:00,110984.8,111269.3,110880.1,111097.9,4510.748,15.198973675858241
2025-09-09 19:00:00,111097.9,111342.0,111076.0,111242.3,1897.988,15.416213553723802
2025-09-09 20:00:00,111242.4,111490.6,111041.1,111487.4,2981.067,18.887294699297993
2025-09-09 21:00:00,111487.5,111692.3,111212.5,111241.9,2458.831,21.323131210316767
2025-09-09 22:00:00,111241.8,111585.0,111201.6,111510.0,1690.736,23.49908955486695
2025-09-09 23:00:00,111509.9,111530.5,111308.2,111499.9,1776.016,25.30352840909247
2025-09-10 00:00:00,111499.9,111533.3,110873.8,110971.3,5982.128,27.80732336749789
2025-09-10 01:00:00,110971.3,111182.9,110855.8,110955.8,4507.489,30.955046466214892
2025-09-10 02:00:00,110955.8,111505.7,110955.7,111357.6,4753.387,33.34796250513745
2025-09-10 03:00:00,111357.7,111545.0,111304.4,111498.9,1942.887,35.20926524449488
2025-09-10 04:00:00,111498.9,111607.0,111351.9,111482.1,1926.667,35.86006678583047
2025-09-10 05:00:00,111482.2,111674.2,111316.8,111529.9,2677.657,37.863431644262455
2025-09-10 06:00:00,111530.0,111929.5,111342.0,111742.8,4547.774,40.65149506875381
2025-09-10 07:00:00,111742.7,112555.0,111710.0,112500.1,7623.204,43.86244551985968
2025-09-10 08:00:00,112500.0,112832.0,112280.0,112333.0,10745.223,46.67592366443656
2025-09-10 09:00:00,112333.0,112395.0,112060.0,112240.3,3928.535,48.26205811549018
2025-09-10 10:00:00,112240.3,112394.0,112163.8,112234.1,2436.028,47.09777652646051
2025-09-10 11:00:00,112234.1,112379.3,112106.5,112266.4,2256.888,45.72862077235845
2025-09-10 12:00:00,112266.5,113530.0,112266.4,113388.0,27158.451,46.273077144313966
2025-09-10 13:00:00,113388.0,114287.9,113343.7,113911.3,21312.77,47.1621297145556
2025-09-10 14:00:00,113911.3,114236.9,113754.9,113872.4,10165.252,49.20708214138587
2025-09-10 15:00:00,113872.4,114067.2,113648.1,113801.3,5390.227,51.197192025162344
2025-09-10 16:00:00,113801.3,113888.5,113532.8,113723.9,5697.401,53.699083588871204
2025-09-10 17:00:00,113724.0,114046.8,113366.2,113693.8,6561.14,55.4255975153021
2025-09-10 18:00:00,113693.9,113858.9,113304.1,113550.0,4822.387,59.13571722930099
2025-09-10 19:00:00,113550.1,113581.2,113111.0,113525.2,4550.556,60.055000067077
2025-09-10 20:00:00,113525.3,113889.6,113500.0,113513.6,4433.809,60.5331872933948
2025-09-10 21:00:00,113513.7,113796.6,113468.4,113782.8,1696.935,59.37628038198792
2025-09-10 22:00:00,113782.8,113942.8,113645.4,113831.5,2895.542,57.87392295951545
2025-09-10 23:00:00,113831.5,114005.0,113732.0,113896.8,3889.202,58.21781664701218
2025-09-11 00:00:00,113896.8,113948.8,113614.5,113833.5,2563.735,58.389193444607976
2025-09-11 01:00:00,113833.4,114142.4,113779.4,113852.4,2711.816,59.5512001349051
2025-09-11 02:00:00,113852.3,113904.7,113663.7,113774.8,1670.348,56.97084837978197
2025-09-11 03:00:00,113774.8,114433.2,113774.7,114354.4,4237.977,53.21113536106456
2025-09-11 04:00:00,114354.4,114359.5,114020.5,114102.9,3195.281,48.06156526292006
2025-09-11 05:00:00,114103.0,114290.0,113912.5,114215.1,2286.921,43.2081444699062
2025-09-11 06:00:00,114215.2,114419.9,114017.7,114279.6,2711.251,39.713512895898724
2025-09-11 07:00:00,114279.6,114279.6,113900.0,114040.0,3428.177,36.99102118736363
2025-09-11 08:00:00,114040.1,114161.0,113917.1,114005.6,2242.024,34.86736056821901
2025-09-11 09:00:00,114005.7,114037.5,113722.2,113857.5,4041.817,33.3486401167227
2025-09-11 10:00:00,113857.5,114065.0,113839.9,114003.1,2243.393,30.973581584648002
2025-09-11 11:00:00,114003.1,114063.1,113850.0,113960.9,2534.637,29.467178015250493
2025-09-11 12:00:00,113961.0,114500.0,113451.0,113929.9,17928.716,28.948108424223893
2025-09-11 13:00:00,113930.0,114691.7,113340.7,114577.5,17108.432,27.922562795184003
2025-09-11 14:00:00,114578.2,114630.0,113871.5,114400.1,9211.175,27.765054919642562
2025-09-11 15:00:00,114400.2,114646.8,113926.4,114122.3,5835.762,26.806241780217118
2025-09-11 16:00:00,114122.4,114541.1,114122.3,114428.4,3706.951,28.52327124937729
2025-09-11 17:00:00,114428.5,114554.4,114274.3,114534.1,2438.993,28.812526571157555
2025-09-11 18:00:00,114534.1,114564.0,114008.5,114254.5,3703.781,28.0512118726389
2025-09-11 19:00:00,114254.5,114478.7,114130.3,114370.5,2081.211,27.173696949081563
2025-09-11 20:00:00,114370.4,114440.6,114195.0,114343.1,1408.393,26.718236576718095
2025-09-11 21:00:00,114343.1,114473.3,114336.2,114426.4,990.167,24.938211184526075
2025-09-11 22:00:00,114426.4,115218.9,114375.3,115037.3,10750.187,25.760617576265105
2025-09-11 23:00:00,115037.3,115439.0,115031.9,115427.0,4034.933,28.332564591690357
2025-09-12 00:00:00,115427.0,116280.0,115357.6,115795.1,13923.017,32.4703854099966
2025-09-12 01:00:00,115795.1,115980.0,115305.1,115329.5,7515.681,36.185861656956405
2025-09-12 02:00:00,115329.5,115618.1,115196.9,115332.5,5338.348,38.10171083924045
2025-09-12 03:00:00,115332.4,115375.0,114993.0,115138.3,4942.467,38.420830545988494
2025-09-12 04:00:00,115138.3,115452.8,115024.3,115314.5,4255.175,38.51074152622924
2025-09-12 05:00:00,115314.5,115613.0,115266.0,115559.6,3729.005,39.226300117296184
2025-09-12 06:00:00,115559.6,115559.6,115204.9,115270.5,2167.681,39.37485556326215
2025-09-12 07:00:00,115270.5,115358.0,115039.1,115049.0,2246.923,40.92085906992804
2025-09-12 08:00:00,115048.9,115243.5,114908.9,115013.9,5376.695,44.08840488038921
2025-09-12 09:00:00,115014.0,115090.0,114833.8,115010.0,3607.691,47.21642982543484
2025-09-12 10:00:00,115010.0,115045.9,114880.8,114928.4,1715.476,49.08190657755638
2025-09-12 11:00:00,114928.4,115107.6,114850.0,114863.0,2685.617,52.100600901169734
2025-09-12 12:00:00,114863.0,115161.5,114681.5,115035.5,5903.861,50.08915906929566
2025-09-12 13:00:00,115035.5,115191.3,114771.9,115114.6,3684.948,45.78704463909866
2025-09-12 14:00:00,115114.6,115445.9,114818.7,115213.6,6809.602,42.198853239568855
2025-09-12 15:00:00,115213.6,115246.8,114880.0,115064.9,2428.993,38.45541082171763
2025-09-12 16:00:00,115064.8,115469.7,114989.9,115435.0,3689.496,34.17889129837002
2025-09-12 17:00:00,115435.0,115879.1,115335.5,115746.4,6835.6,33.753745109610534
2025-09-12 18:00:00,115746.5,116444.0,115697.7,116423.9,9539.626,34.08373938656295
2025-09-12 19:00:00,116423.9,116605.7,116180.0,116561.1,7884.436,34.19546958015787
2025-09-12 20:00:00,116561.0,116561.0,115907.8,116088.3,6118.628,33.464751642189796
2025-09-12 21:00:00,116088.3,116094.1,115701.4,115810.5,3326.573,33.21208456881808
2025-09-12 22:00:00,115810.5,116298.0,115810.5,115972.9,3137.655,33.3271385476939
2025-09-12 23:00:00,115973.0,116110.7,115872.3,115978.4,2150.524,34.20702699712192
2025-09-13 00:00:00,115978.4,116245.4,115911.0,116155.1,2876.228,35.31364398404603
2025-09-13 01:00:00,116155.0,116222.0,115500.1,115703.2,4589.727,34.7160240921525
2025-09-13 02:00:00,115703.1,115940.0,115625.8,115832.1,1853.596,37.268975305073944
2025-09-13 03:00:00,115832.2,115966.7,115789.2,115913.6,1548.143,40.367575184745526
2025-09-13 04:00:00,115913.6,115913.6,115635.0,115650.1,1500.03,40.98447910610088
2025-09-13 05:00:00,115650.0,115818.0,115600.0,115656.7,1933.36,41.66047183234263
2025-09-13 06:00:00,115656.7,115754.0,115594.9,115695.7,1562.355,43.369920324533496
2025-09-13 07:00:00,115695.7,115810.0,115650.0,115715.5,1583.127,41.60799576382566
2025-09-13 08:00:00,115715.5,116011.0,115715.5,115913.3,1844.202,38.44702831373782
2025-09-13 09:00:00,115913.3,115988.2,115811.0,115969.7,1859.139,36.22359278999429
2025-09-13 10:00:00,115969.7,116126.0,115849.9,115882.7,2175.527,34.12080479422821
2025-09-13 11:00:00,115882.7,115956.1,115824.4,115912.9,1018.759,33.36652545045628
2025-09-13 12:00:00,115913.0,116013.7,115800.1,115947.5,1261.065,30.98261445185304
2025-09-13 13:00:00,115947.5,115947.5,115566.0,115706.4,2159.63,27.768750239807982
2025-09-13 14:00:00,115706.4,115906.8,115546.1,115750.0,3475.565,25.3204471537184
2025-09-13 15:00:00,115750.1,115885.3,115555.0,115721.3,2207.13,23.8079328520849
2025-09-13 16:00:00,115721.4,115780.3,115032.0,115286.6,8199.574,22.784305438030916
2025-09-13 17:00:00,115286.6,115544.0,115127.2,115518.7,3596.831,21.63716558115372
2025-09-13 18:00:00,115518.8,115627.7,115373.1,115594.0,1560.644,20.2871609440413
2025-09-13 19:00:00,115593.9,115763.1,115519.6,115751.4,1647.045,18.30164967865151
2025-09-13 20:00:00,115751.4,115946.4,115745.6,115837.2,1835.484,17.12280517562154
2025-09-13 21:00:00,115837.2,115928.9,115791.2,115849.7,869.104,16.538319746320102
2025-09-13 22:00:00,115849.8,115888.6,115758.4,115828.2,640.742,17.023703253956064
2025-09-13 23:00:00,115828.3,115944.0,115813.0,115862.7,732.583,16.105445192918264
2025-09-14 00:00:00,115862.7,115960.3,115765.0,115884.4,1533.661,17.08483778781638
2025-09-14 01:00:00,115884.4,115950.0,115683.1,115907.4,1986.376,17.11420650736014
2025-09-14 02:00:00,115907.3,116075.8,115692.3,115809.8,2090.297,17.466736060503994
2025-09-14 03:00:00,115809.7,115819.4,115580.0,115626.0,2066.8,17.49569769581582
2025-09-14 04:00:00,115626.0,115723.9,115406.1,115693.2,1904.411,17.21948973870884
2025-09-14 05:00:00,115693.2,115867.5,115680.0,115810.1,1118.502,16.919966712081216
2025-09-14 06:00:00,115810.0,115884.1,115634.8,115684.1,894.566,16.293256263732996
2025-09-14 07:00:00,115684.0,115778.4,115671.5,115746.0,823.973,15.335783067152175
2025-09-14 08:00:00,115746.1,115938.7,115700.3,115887.4,1183.506,15.939725207742978
2025-09-14 09:00:00,115887.3,116118.6,115838.9,115996.2,2492.647,17.72069144610948
2025-09-14 10:00:00,115996.2,116091.4,115904.6,115979.5,1417.829,18.1768185848862
2025-09-14 11:00:00,115979.5,116057.7,115701.1,115750.0,2415.287,18.009211759307032
2025-09-14 12:00:00,115750.0,115828.1,115607.9,115727.2,1867.199,17.485288341377675
2025-09-14 13:00:00,115727.2,115736.8,115151.3,115279.5,6854.655,19.40263468748476
2025-09-14 14:00:00,115279.6,115651.0,115100.5,115350.8,4946.419,20.253211894057305
2025-09-14 15:00:00,115350.8,115374.4,115132.4,115162.2,2329.237,20.542623643548364
2025-09-14 16:00:00,115162.2,115499.0,115132.4,115422.7,2035.188,21.274312628036114
2025-09-14 17:00:00,115422.7,115605.5,115352.7,115502.9,1799.273,21.610857935782438
2025-09-14 18:00:00,115502.9,115503.0,115313.2,115333.1,876.36,20.73561050577171
2025-09-14 19:00:00,115333.2,115597.4,115275.5,115597.4,1235.721,20.873418889935127
2025-09-14 20:00:00,115597.3,115816.9,115588.6,115745.0,1478.483,19.2339410341661
2025-09-14 21:00:00,115745.1,116050.0,115556.1,116023.3,3053.925,18.73865098223373
2025-09-14 22:00:00,116023.3,116041.1,115753.1,115957.0,2680.052,17.303753133598388
2025-09-14 23:00:00,115956.9,115957.0,115057.0,115210.0,6003.623,17.664638771982986
2025-09-15 00:00:00,115210.0,115214.8,114888.1,115023.4,4842.813,19.23516613660768
2025-09-15 01:00:00,115023.4,115232.8,114777.0,115178.3,4555.436,21.581939190837744
2025-09-15 02:00:00,115178.4,115392.5,115157.3,115318.6,2562.866,22.80248442977415
2025-09-15 03:00:00,115318.5,115536.0,115300.0,115387.6,1615.354,20.51458375160942
2025-09-15 04:00:00,115387.7,116150.1,115341.8,116006.5,7929.299,19.970696517947975
2025-09-15 05:00:00,116006.5,116547.9,115960.0,116474.2,6140.043,20.334925568230197
2025-09-15 06:00:00,116474.2,116759.9,116000.1,116077.8,7143.097,20.82076704569011
2025-09-15 07:00:00,116077.7,116362.9,115554.0,115769.5,6251.252,20.882177465107393
2025-09-15 08:00:00,115769.6,115769.6,114650.0,114697.0,12658.889,20.679061754463987
2025-09-15 09:00:00,114697.0,115141.9,114588.0,114820.1,9459.121,20.47329704226937
2025-09-15 10:00:00,114820.1,114908.9,114700.0,114729.1,3708.051,21.04117053426723
2025-09-15 11:00:00,114729.1,115167.7,114691.6,115009.0,4413.482,20.872068425610713
2025-09-15 12:00:00,115009.0,115034.5,114621.3,114686.7,3205.118,21.38701500824849
2025-09-15 13:00:00,114686.7,115045.5,114338.5,114610.7,11845.656,19.238590324708195
2025-09-15 14:00:00,114610.7,114984.9,114400.0,114618.3,4822.105,16.668211731639875
2025-09-15 15:00:00,114618.3,114869.3,114340.0,114788.4,6009.03,14.219524095343996
2025-09-15 16:00:00,114788.1,114886.5,114542.6,114618.9,2669.685,12.842731646839349
2025-09-15 17:00:00,114618.9,115086.6,114550.2,115075.9,2711.313,12.871476305988548
2025-09-15 18:00:00,115075.9,115306.8,114843.0,115252.7,3092.752,12.120582904376459
2025-09-15 19:00:00,115252.7,115528.8,114901.7,115246.7,5814.635,11.309729680674653
2025-09-15 20:00:00,115246.7,115444.1,115141.4,115331.0,2100.602,11.420063154580353
2025-09-15 21:00:00,115331.1,115478.9,115224.1,115456.6,1156.667,11.778967605619638
2025-09-15 22:00:00,115456.6,115550.0,115160.0,115224.1,1695.106,14.320850160244401
2025-09-15 23:00:00,115224.0,115425.0,115171.0,115300.6,1508.907,17.23458194776132
2025-09-16 00:00:00,115300.5,115300.6,114890.0,115033.5,2528.698,17.199032836832494
2025-09-16 01:00:00,115033.6,115490.8,114950.0,114964.4,2622.944,16.927695857310102
2025-09-16 02:00:00,114964.4,115187.6,114964.4,114969.9,1348.448,17.033143786980812
2025-09-16 03:00:00,114969.9,115380.1,114969.9,115250.9,1774.516,20.473368841988755
2025-09-16 04:00:00,115250.8,115512.0,114867.0,115458.3,4521.19,24.552366609843126
2025-09-16 05:00:00,115458.4,115912.2,115397.6,115893.3,7190.978,29.697515914793595
2025-09-16 06:00:00,115893.2,115968.0,115547.1,115724.0,4883.478,34.62549993753096
2025-09-16 07:00:00,115724.1,115854.5,115666.0,115799.4,1936.627,39.29437373621283
2025-09-16 08:00:00,115799.4,115945.0,115465.8,115616.4,3580.017,41.12366148407728
2025-09-16 09:00:00,115616.4,115668.5,115374.0,115420.5,1570.66,41.12859071323449
2025-09-16 10:00:00,115420.6,115552.6,115311.4,115318.5,1985.328,40.029225058889054
2025-09-16 11:00:00,115318.4,115384.6,115151.0,115222.2,2767.924,39.110734362311526
2025-09-16 12:00:00,115222.1,115421.4,115222.1,115393.1,2175.161,36.67343716650214
2025-09-16 13:00:00,115393.2,115511.0,114600.0,115154.6,9492.667,34.66061821767948
2025-09-16 14:00:00,115154.5,115268.6,114769.2,115231.1,7412.059,33.99568567558287
2025-09-16 15:00:00,115231.1,115878.2,114975.4,115877.9,5479.109,34.5210513063907
2025-09-16 16:00:00,115877.9,116050.0,115549.9,116021.0,5845.153,34.952633373647444
2025-09-16 17:00:00,116021.0,116830.0,116010.0,116414.8,14209.727,33.82470862976568
2025-09-16 18:00:00,116414.7,116733.7,116166.3,116372.6,4718.462,31.89207187175714
2025-09-16 19:00:00,116372.5,116779.9,116340.3,116758.0,3654.151,28.23996741361457
2025-09-16 20:00:00,116757.1,116879.7,116655.4,116783.7,2727.151,24.64647348246161
2025-09-16 21:00:00,116783.8,116888.0,116543.7,116757.1,2362.185,21.308646377923107
2025-09-16 22:00:00,116757.1,116910.8,116643.3,116802.8,2574.132,20.566682735020578
2025-09-16 23:00:00,116802.8,116866.6,116565.8,116747.3,2085.419,21.179303965714826
2025-09-17 00:00:00,116747.3,116786.6,116501.0,116512.9,2219.409,21.83853375464915
2025-09-17 01:00:00,116512.9,116720.0,116450.0,116621.9,2054.443,23.860555423852215
2025-09-17 02:00:00,116622.0,117081.9,116504.2,116633.2,3784.907,26.542443415913343
2025-09-17 03:00:00,116633.1,116714.0,116317.0,116320.1,3663.078,30.11047141518505
2025-09-17 04:00:00,116320.2,116433.3,116107.2,116264.8,3290.431,33.305574229414894
2025-09-17 05:00:00,116264.8,117200.0,116264.7,117070.5,8968.622,35.80191701979008
2025-09-17 06:00:00,117070.4,117266.4,116930.0,117180.4,4751.777,37.79133014459112
2025-09-17 07:00:00,117180.3,117233.5,117072.9,117120.5,2892.895,37.16054209442735
2025-09-17 08:00:00,117120.5,117156.6,116639.4,116801.0,5342.187,35.50024333481468
2025-09-17 09:00:00,116801.0,116801.0,116502.3,116503.9,2616.475,34.01585974880542
2025-09-17 10:00:00,116503.9,116563.3,116212.1,116317.5,3327.442,33.381156105773535
2025-09-17 11:00:00,116317.5,116332.9,116197.0,116200.1,3461.794,32.65078178885691
2025-09-17 12:00:00,116200.1,116493.0,116034.0,116150.0,5551.302,31.629637684214078
2025-09-17 13:00:00,116150.1,116287.8,115847.7,116066.9,6903.098,30.778842610794648
2025-09-17 14:00:00,116067.1,116207.3,115340.0,115557.6,11068.202,30.694612208242756
2025-09-17 15:00:00,115557.5,115837.6,115483.4,115825.1,4411.471,29.88015687382369
2025-09-17 16:00:00,115825.1,115825.1,115325.5,115594.5,5491.253,29.92984272979498
2025-09-17 17:00:00,115594.4,116251.0,115400.0,115464.0,8865.78,26.41741202783792
2025-09-17 18:00:00,115476.9,116316.0,114623.3,115184.1,35717.455,25.4641186214
2025-09-17 19:00:00,115184.1,115950.0,115026.7,115587.6,11510.954,28.46712037127895
2025-09-17 20:00:00,115587.5,116084.1,115430.9,115561.5,4393.535,31.257457769522237
2025-09-17 21:00:00,115561.5,116077.7,115257.1,115986.8,3112.854,35.47755833353071
2025-09-17 22:00:00,115986.8,116772.0,115974.6,116507.9,7723.2,38.02940285854167
2025-09-17 23:00:00,116508.0,116940.0,116253.5,116402.5,7002.506,40.39854612060647
2025-09-18 00:00:00,116402.6,116431.6,116033.5,116291.8,4219.915,41.71223190567299
2025-09-18 01:00:00,116291.9,116830.6,116281.7,116587.2,4166.072,42.152596803587464
2025-09-18 02:00:00,116587.2,116907.1,116376.0,116888.4,3411.331,41.68440336291373
2025-09-18 03:00:00,116888.4,117865.9,116838.4,117531.2,18547.277,41.62836927858628
2025-09-18 04:00:00,117531.3,117713.5,117169.2,117567.3,6662.844,41.789511202118995
2025-09-18 05:00:00,117567.3,117567.4,117136.0,117228.0,2816.07,41.80472233905749
2025-09-18 06:00:00,117228.1,117289.1,116834.5,117044.8,5295.291,40.09214051389413
2025-09-18 07:00:00,117044.8,117165.5,117000.0,117033.6,2576.718,39.066432373098486
2025-09-18 08:00:00,117033.7,117381.9,116960.3,117187.1,3432.229,39.92992055398947
2025-09-18 09:00:00,117187.1,117309.9,117065.0,117251.4,2184.517,37.00225299429701
2025-09-18 10:00:00,117251.4,117260.4,117025.8,117143.4,1952.759,34.119725893172024
2025-09-18 11:00:00,117143.5,117263.9,116955.0,117015.0,2488.299,31.72233586153431
2025-09-18 12:00:00,117015.0,117239.8,116920.1,117074.0,3236.624,31.142432206024946
2025-09-18 13:00:00,117074.0,117600.0,116913.9,117381.5,6837.828,31.651963793506052
2025-09-18 14:00:00,117381.5,117789.9,117340.2,117575.1,7190.817,33.561253551547104
2025-09-18 15:00:00,117575.1,117656.0,117261.0,117530.3,4832.3,35.539399375464434
2025-09-18 16:00:00,117530.2,117750.0,117444.0,117510.6,3149.843,38.02290613671301
2025-09-18 17:00:00,117510.6,117729.6,117365.0,117530.2,2507.348,37.43857412374846
2025-09-18 18:00:00,117530.2,117875.2,117450.0,117760.0,3358.624,35.952339655272986
2025-09-18 19:00:00,117760.0,117760.1,117133.0,117403.0,3441.205,34.52506522051147
2025-09-18 20:00:00,117402.9,117605.8,117279.8,117454.8,1798.573,34.85308345236192
2025-09-18 21:00:00,117454.8,117454.8,117233.0,117233.0,1061.463,36.271829365561125
2025-09-18 22:00:00,117233.1,117275.7,116961.1,116995.0,3819.323,33.28762834159507
2025-09-18 23:00:00,116995.0,117125.0,116489.7,117017.1,8228.447,31.23022502759456
2025-09-19 00:00:00,117017.1,117375.1,116960.8,117359.9,3198.752,28.408750881356475
2025-09-19 01:00:00,117360.0,117406.8,117054.1,117184.0,2350.496,24.884558708012097
2025-09-19 02:00:00,117184.0,117234.5,116990.8,117054.8,1711.432,22.696372461391725
2025-09-19 03:00:00,117054.9,117237.0,116800.0,116914.2,3008.53,22.050598549990934
2025-09-19 04:00:00,116914.1,117049.9,116631.6,116929.4,4258.165,21.376496401729927
2025-09-19 05:00:00,116929.4,116966.7,116725.0,116837.5,1653.823,22.04819955905683
2025-09-19 06:00:00,116837.6,116837.6,116567.3,116633.2,3629.406,23.47642841421705
2025-09-19 07:00:00,116633.2,116943.9,116625.1,116850.1,3321.111,26.60882470297471
2025-09-19 08:00:00,116850.0,117050.6,116818.9,116862.6,2345.511,29.88780356929982
2025-09-19 09:00:00,116862.6,116936.1,116425.0,116437.7,4625.568,33.674525746301775
2025-09-19 10:00:00,116437.7,116500.0,116368.0,116476.7,3704.067,36.30779150367135
2025-09-19 11:00:00,116476.7,116501.5,116250.7,116343.1,3322.449,38.86427103003878
2025-09-19 12:00:00,116343.3,116488.0,116072.0,116124.1,4982.444,42.99507881792048
2025-09-19 13:00:00,116124.1,116416.4,116017.1,116238.7,5519.806,45.21158253042449
2025-09-19 14:00:00,116238.6,116447.3,115730.0,115849.7,7237.562,50.51234221106363
2025-09-19 15:00:00,115849.7,115900.0,115408.4,115826.9,9556.317,56.51780935542801
2025-09-19 16:00:00,115826.9,116093.0,115735.7,116029.9,4351.705,61.26167893631474
2025-09-19 17:00:00,116030.0,116035.8,115490.9,115490.9,3079.477,64.13652396521148
2025-09-19 18:00:00,115490.9,115596.0,115322.0,115365.7,4246.157,65.7472474557665
2025-09-19 19:00:00,115365.7,115433.1,115057.0,115082.4,4840.932,66.85569759275658
2025-09-19 20:00:00,115082.4,115393.6,115049.9,115306.6,2937.755,67.04184941123778
2025-09-19 21:00:00,115306.5,115493.7,115255.3,115411.5,1632.163,67.98611143897779
2025-09-19 22:00:00,115411.4,115596.5,115411.4,115550.5,1428.568,68.72888607382272
2025-09-19 23:00:00,115550.5,115600.0,115394.5,115569.5,1209.453,68.95302163072448
2025-09-20 00:00:00,115569.6,115670.0,115484.9,115656.4,1580.743,68.45909498183345
2025-09-20 01:00:00,115656.3,115660.4,115550.2,115562.6,1243.5,67.7547853686271
2025-09-20 02:00:00,115562.6,115562.7,115371.0,115544.4,1230.006,67.15894347279159
2025-09-20 03:00:00,115544.4,115545.5,115355.0,115394.2,731.377,67.1163782085365
2025-09-20 04:00:00,115394.3,115526.6,115343.0,115511.9,983.427,64.51452825562902
2025-09-20 05:00:00,115511.9,115655.3,115459.6,115655.3,1142.239,59.798549034574066
2025-09-20 06:00:00,115655.3,115666.1,115571.1,115643.4,920.492,57.46434096280206
2025-09-20 07:00:00,115643.4,115933.4,115624.2,115909.8,3212.387,52.349546456689545
2025-09-20 08:00:00,115909.9,115914.4,115637.5,115645.0,1826.205,48.36727709785658
2025-09-20 09:00:00,115645.1,115743.1,115605.6,115605.7,1441.409,46.67426015195381
2025-09-20 10:00:00,115605.7,115739.3,115605.6,115688.4,1072.743,45.19376787906557
2025-09-20 11:00:00,115688.4,115857.9,115688.4,115834.9,1788.671,43.759002271307146
2025-09-20 12:00:00,115834.9,115900.0,115750.6,115820.2,1336.836,42.04589326764191
2025-09-20 13:00:00,115820.2,115897.0,115793.5,115859.0,914.203,40.92790171558506
2025-09-20 14:00:00,115859.0,115975.0,115820.1,115899.1,1768.822,40.298784063831825
2025-09-20 15:00:00,115899.2,116059.2,115881.3,115928.5,2507.969,40.169375940641714
2025-09-20 16:00:00,115928.4,116000.0,115807.0,115965.8,1462.149,41.38804469529187
2025-09-20 17:00:00,115965.8,116017.9,115756.6,115760.0,1456.957,42.193545778282235
2025-09-20 18:00:00,115760.0,115760.0,115637.3,115654.2,1198.886,42.26371330947753
2025-09-20 19:00:00,115654.3,115743.2,115636.6,115636.6,883.464,43.486996720475034
2025-09-20 20:00:00,115636.6,115724.2,115625.7,115653.6,779.075,43.32313193012508
2025-09-20 21:00:00,115653.5,115887.6,115653.5,115724.2,889.066,45.26809512027287
2025-09-20 22:00:00,115724.2,115740.5,115679.9,115703.2,794.035,46.24049775777319
2025-09-20 23:00:00,115703.1,115703.2,115549.9,115624.9,1191.017,44.02908500353457
2025-09-21 00:00:00,115625.0,115671.2,115483.1,115587.3,1462.166,41.13469845564821
2025-09-21 01:00:00,115587.3,115587.4,115435.0,115435.1,910.328,38.64635081919879
2025-09-21 02:00:00,115435.1,115650.0,115388.0,115635.6,1531.802,36.22494239978787
2025-09-21 03:00:00,115635.7,115662.1,115560.7,115613.8,926.35,33.476782923165494
2025-09-21 04:00:00,115613.8,115614.9,115440.0,115440.1,796.412,32.212808108567984
2025-09-21 05:00:00,115440.0,115623.9,115430.2,115623.9,1173.638,31.563039027104082
2025-09-21 06:00:00,115623.9,115744.0,115623.8,115633.3,1234.662,27.841419856841274
2025-09-21 07:00:00,115633.3,115772.9,115556.7,115772.9,1652.007,24.703754757764745
2025-09-21 08:00:00,115772.8,115778.0,115509.5,115583.2,1350.457,22.353466491204195
2025-09-21 09:00:00,115583.1,115660.1,115277.0,115626.2,3162.625,21.91533896035929
2025-09-21 10:00:00,115626.1,115666.0,115445.0,115465.1,1114.306,21.555282413082217
2025-09-21 11:00:00,115465.1,115654.1,115459.0,115559.3,967.329,23.677430973663274
2025-09-21 12:00:00,115559.3,115703.9,115559.3,115623.8,995.574,25.140539011558285
2025-09-21 13:00:00,115623.9,115696.3,115583.3,115611.0,852.096,27.22250906112952
2025-09-21 14:00:00,115611.0,115638.7,115436.1,115446.4,1546.537,30.26319701081213
2025-09-21 15:00:00,115446.3,115557.0,115413.0,115471.1,1042.151,32.71847576800597
2025-09-21 16:00:00,115471.0,115500.6,115158.0,115270.8,2813.728,36.87612750165026
2025-09-21 17:00:00,115270.8,115596.0,115206.0,115581.3,1872.256,40.30106181640309
2025-09-21 18:00:00,115581.3,115620.0,115469.6,115481.6,1034.503,41.597480370562096
2025-09-21 19:00:00,115481.6,115481.6,115267.5,115441.0,1020.121,42.48271689834557
2025-09-21 20:00:00,115441.0,115458.2,115256.2,115256.3,750.452,46.294027266371025
2025-09-21 21:00:00,115256.2,115383.9,115181.7,115364.0,966.009,50.01163572616975
2025-09-21 22:00:00,115363.9,115510.7,115137.6,115485.6,1923.254,52.868945549928135
2025-09-21 23:00:00,115485.6,115485.7,115150.8,115183.9,1694.668,53.56766453253608
2025-09-22 00:00:00,115183.9,115344.6,114122.0,114335.9,15900.727,56.50535550497647
2025-09-22 01:00:00,114335.8,114700.0,114178.0,114211.8,8046.557,57.45359799037626
2025-09-22 02:00:00,114211.9,114563.4,114050.0,114126.0,7015.73,59.32987693895747
2025-09-22 03:00:00,114126.1,114602.9,114126.0,114602.9,3254.256,61.3825108712407
2025-09-22 04:00:00,114602.9,114604.9,114342.5,114380.1,2627.02,62.91743130386674
2025-09-22 05:00:00,114380.1,114499.4,113588.0,113635.6,4313.687,65.13563592572102
2025-09-22 06:00:00,113615.0,113636.5,111469.2,112748.8,36501.661,66.47588296174851
2025-09-22 07:00:00,112748.8,112948.8,112391.5,112454.4,10528.318,71.47647196827434
2025-09-22 08:00:00,112454.5,112724.5,112377.0,112568.3,4180.37,77.18242777929531
2025-09-22 09:00:00,112568.2,112616.5,112119.0,112288.6,5252.596,82.28627136533062
2025-09-22 10:00:00,112288.7,112800.0,112203.2,112732.6,3909.154,85.44236596172912
2025-09-22 11:00:00,112732.5,112927.0,112617.0,112814.1,2927.486,88.11933926824697
2025-09-22 12:00:00,112814.0,112814.1,112458.4,112682.1,3300.645,92.58660858427889
2025-09-22 13:00:00,112682.2,113100.0,112333.0,113087.1,5616.25,96.85651380166556
2025-09-22 14:00:00,113087.1,113413.5,112707.8,112892.0,12501.98,97.79139295943237
2025-09-22 15:00:00,112892.1,112986.0,112524.3,112768.7,4729.017,98.92113438748275
2025-09-22 16:00:00,112768.7,112839.0,112533.3,112558.3,2577.439,99.58593660883231
2025-09-22 17:00:00,112558.3,112576.8,112200.0,112350.0,4226.951,100.74855553732384
2025-09-22 18:00:00,112350.0,112776.1,112300.0,112385.6,3177.93,101.44343202372576
2025-09-22 19:00:00,112385.6,112549.6,111866.3,112072.9,7148.164,101.44233686841095
2025-09-22 20:00:00,112072.8,112942.4,111924.6,112732.1,5453.821,97.02898508939658
2025-09-22 21:00:00,112731.9,112923.0,112543.2,112922.9,2411.412,88.27578652443262
2025-09-22 22:00:00,112922.9,112923.0,112533.3,112584.1,2245.623,79.43819643051039
2025-09-22 23:00:00,112584.2,112699.9,112533.6,112604.7,1614.774,71.37009844421591
2025-09-23 00:00:00,112604.7,112808.4,112330.0,112347.2,3179.149,63.057967567054774
2025-09-23 01:00:00,112347.1,112474.0,112090.6,112115.2,2609.313,56.17129498212448
2025-09-23 02:00:00,112115.3,112450.0,111591.6,111760.4,6641.56,49.52630134634969
2025-09-23 03:00:00,111760.5,112417.4,111405.1,112294.0,8869.065,45.094294564802944
2025-09-23 04:00:00,112294.0,112426.6,111804.9,112377.6,4502.808,43.00582252612815
2025-09-23 05:00:00,112377.7,112850.0,112361.1,112616.6,5667.214,39.02700856106616
2025-09-23 06:00:00,112616.6,113070.0,112557.1,112924.1,4655.854,34.441857308007364
2025-09-23 07:00:00,112924.1,113080.0,112818.1,113048.1,4182.396,28.94874082922875
2025-09-23 08:00:00,113048.1,113144.2,112891.3,113087.9,4162.537,24.488838100193163
2025-09-23 09:00:00,113087.9,113236.0,112823.8,112892.5,3201.081,19.05007586636083
2025-09-23 10:00:00,112892.5,112971.1,112769.2,112929.0,2113.843,18.63762727694828
2025-09-23 11:00:00,112929.0,113039.1,112634.0,112938.6,3356.721,20.05722568096527
2025-09-23 12:00:00,112938.6,113010.0,112758.7,112885.8,2599.678,21.56128991689118
2025-09-23 13:00:00,112885.8,112969.8,112667.7,112894.1,3147.097,22.54723230599019
2025-09-23 14:00:00,112894.1,113254.8,112512.0,112602.3,6011.804,22.919398003308043
2025-09-23 15:00:00,112602.2,113025.2,112390.6,112828.6,4815.908,21.965290265110383
2025-09-23 16:00:00,112828.6,112927.8,112433.9,112763.8,4145.042,22.618175319185166
2025-09-23 17:00:00,112763.8,112779.4,111827.2,111919.2,7015.257,20.12526476236425
2025-09-23 18:00:00,111919.2,112168.6,111625.5,111728.3,6701.869,16.43211375016318
2025-09-23 19:00:00,111728.3,111941.6,111482.0,111611.8,4604.923,16.685879064129672
2025-09-23 20:00:00,111611.7,111949.1,111413.5,111936.4,3816.627,18.931406109153688
2025-09-23 21:00:00,111936.2,112151.6,111835.5,112108.6,2314.232,20.815576971069408
2025-09-23 22:00:00,112108.5,112171.2,111940.6,112107.0,1899.44,22.52145472281111
2025-09-23 23:00:00,112107.0,112178.0,111812.0,111947.0,2044.846,26.060555573561707
2025-09-24 00:00:00,111947.0,112338.3,111770.9,112175.1,3493.566,27.432725399948428
2025-09-24 01:00:00,112175.1,112466.6,112085.7,112394.6,2332.634,27.627557422426886
2025-09-24 02:00:00,112394.6,112450.0,111850.0,112070.2,5864.294,28.14108128619035
2025-09-24 03:00:00,112070.1,112172.3,111622.4,111639.7,4492.096,28.6982235147702
2025-09-24 04:00:00,111639.8,112336.7,110935.0,112122.5,13604.284,32.90430957136479
2025-09-24 05:00:00,112122.5,112630.0,112083.2,112595.9,3739.67,36.25054952356472
2025-09-24 06:00:00,112596.0,112732.8,112479.9,112551.1,3209.36,37.02036221617682
2025-09-24 07:00:00,112551.2,112695.4,112400.4,112544.7,2447.958,38.94698396856704
2025-09-24 08:00:00,112544.7,112596.6,112356.4,112574.3,2722.247,40.626180170707634
2025-09-24 09:00:00,112574.4,112796.5,112447.6,112691.0,1979.131,39.18958105626708
2025-09-24 10:00:00,112691.0,112911.0,112609.4,112883.2,3848.079,35.88724380297637
2025-09-24 11:00:00,112883.1,113121.8,112819.4,112982.0,6280.869,33.61708263579772
2025-09-24 12:00:00,112982.0,113050.0,112882.7,113010.8,2300.727,31.013622632025086
2025-09-24 13:00:00,113010.8,113177.6,112760.0,112780.2,6677.178,27.664137317410617
2025-09-24 14:00:00,112780.2,113850.0,112780.1,113662.7,11519.749,26.371548294456495
2025-09-24 15:00:00,113662.6,113843.0,113191.5,113299.9,7462.533,25.711150720789202
2025-09-24 16:00:00,113300.0,113700.0,113107.4,113668.9,4485.788,25.09322772583665
2025-09-24 17:00:00,113668.9,113895.8,113550.6,113700.1,4453.526,25.332065726288565
2025-09-24 18:00:00,113700.1,113777.5,113423.9,113595.0,2959.707,26.082856266389346
2025-09-24 19:00:00,113595.1,113632.4,113230.7,113371.7,2903.629,26.64921230967556
2025-09-24 20:00:00,113371.7,113557.0,113338.8,113447.6,1859.734,27.204130686768742
2025-09-24 21:00:00,113447.5,113529.6,113220.2,113284.3,1640.093,28.336522897519963
2025-09-24 22:00:00,113284.3,113590.0,113193.9,113274.8,2461.148,30.123276922901216
2025-09-24 23:00:00,113274.7,113374.0,113143.3,113254.0,2576.096,32.2292459632634
2025-09-25 00:00:00,113253.9,113462.1,112886.1,113002.1,4558.809,33.26287993536203
2025-09-25 01:00:00,113002.0,113322.0,112380.1,112615.7,9844.044,33.74409271534734
2025-09-25 02:00:00,112615.7,113140.8,112453.3,112852.0,5861.275,34.305051292829454
2025-09-25 03:00:00,112852.1,112852.1,112155.6,112485.8,6904.866,36.07101606913151
2025-09-25 04:00:00,112485.7,112574.6,111540.0,111684.3,13535.544,40.66682032934144
2025-09-25 05:00:00,111684.3,111994.0,111540.0,111690.4,5029.207,45.48477296200169
2025-09-25 06:00:00,111690.4,111802.1,111451.0,111474.4,3905.809,49.84739569860596
2025-09-25 07:00:00,111474.5,111836.7,111389.0,111708.5,4004.63,54.27699795550253
2025-09-25 08:00:00,111708.5,111980.4,111636.1,111678.7,3250.543,55.23317010185963
2025-09-25 09:00:00,111678.7,112220.3,111510.4,111510.4,5460.678,56.12249304028294
2025-09-25 10:00:00,111510.4,111821.6,111471.0,111601.6,2600.721,56.97230197180103
2025-09-25 11:00:00,111601.6,111676.9,111234.8,111316.1,4628.912,58.162341161313215
2025-09-25 12:00:00,111316.0,111617.3,111000.0,111080.0,10102.613,59.48245805688915
2025-09-25 13:00:00,111079.9,111682.6,110555.0,110958.5,16687.351,61.737579179688204
2025-09-25 14:00:00,110958.4,111680.8,110935.9,111483.0,8809.853,65.42807890958578
2025-09-25 15:00:00,111483.0,111538.4,110807.2,111538.4,6499.683,69.39956990294179
2025-09-25 16:00:00,111538.4,111636.6,110852.0,110907.9,5431.493,73.00949202483787
2025-09-25 17:00:00,110908.0,110930.0,108578.2,108793.9,26570.236,76.54231351720408
2025-09-25 18:00:00,108793.9,109759.7,108574.1,109708.3,12498.301,75.88142263853544
2025-09-25 19:00:00,109708.4,109926.7,109250.0,109320.5,6038.849,74.75526650931697
2025-09-25 20:00:00,109320.5,109447.9,109005.0,109126.8,3823.724,73.70714505432034
2025-09-25 21:00:00,109126.9,109619.5,109018.9,109360.8,2968.19,70.96856567252567
2025-09-25 22:00:00,109360.8,109534.9,109200.1,109369.5,2692.291,69.77826785230612
2025-09-25 23:00:00,109369.6,109637.3,108694.8,108934.5,6956.119,70.95392126133343
2025-09-26 00:00:00,108934.6,109563.9,108750.0,109419.1,7756.754,72.44323134745562
2025-09-26 01:00:00,109419.1,109720.0,109259.0,109640.0,4065.126,73.26831813816464
2025-09-26 02:00:00,109640.1,109766.0,109439.0,109581.8,2337.099,73.37331218288247
2025-09-26 03:00:00,109581.8,109610.4,109241.1,109537.6,3197.507,73.09590785564912
2025-09-26 04:00:00,109537.5,109588.8,109200.0,109300.0,2066.787,72.98728396476598
2025-09-26 05:00:00,109300.0,109538.4,109027.1,109202.8,3497.847,73.19698260569065
2025-09-26 06:00:00,109202.8,109584.5,108955.0,109298.8,5042.879,74.1407454686459
2025-09-26 07:00:00,109298.8,109538.3,108841.0,109257.3,8555.887,71.9137143403146
2025-09-26 08:00:00,109257.4,109568.0,109246.7,109520.2,3613.675,69.72971800141991
2025-09-26 09:00:00,109520.2,109653.6,109349.0,109522.5,2960.879,68.54823444447611
2025-09-26 10:00:00,109522.4,109532.0,108645.9,108848.2,6786.802,68.00970504880357
2025-09-26 11:00:00,108848.2,109157.6,108566.0,109082.9,4676.712,69.04074943592883
2025-09-26 12:00:00,109082.9,109534.1,108757.5,109330.1,7605.548,67.12398012194507
2025-09-26 13:00:00,109330.1,109742.3,108950.0,109621.3,8341.269,62.46122348796901
2025-09-26 14:00:00,109621.3,109731.5,108656.8,108796.7,8136.463,58.6050038176082
2025-09-26 15:00:00,108796.8,109313.7,108753.5,108976.0,4185.186,55.70576068243564
2025-09-26 16:00:00,108976.0,109576.5,108976.0,109408.6,2904.444,52.21678987468256
2025-09-26 17:00:00,109408.5,109966.5,109337.4,109847.3,6431.359,47.1929666391104
2025-09-26 18:00:00,109847.4,110250.0,109643.6,109669.9,5449.834,42.79817292216627
2025-09-26 19:00:00,109669.9,109669.9,108953.7,109115.9,7421.79,38.11391111398621
2025-09-26 20:00:00,109115.8,109289.6,109028.7,109233.8,2394.272,32.790131849205345
2025-09-26 21:00:00,109233.8,109479.2,109127.2,109412.4,1463.936,29.846990221715377
2025-09-26 22:00:00,109412.4,109554.0,109286.9,109505.2,1878.661,27.17554628889169
2025-09-26 23:00:00,109505.2,109641.6,109373.4,109588.5,1506.943,24.00993041832641
2025-09-27 00:00:00,109588.5,109606.6,109418.0,109596.0,1690.587,22.02474652711064
2025-09-27 01:00:00,109596.1,109607.0,109267.3,109384.3,1968.051,18.72762211272562
2025-09-27 02:00:00,109384.3,109432.3,109277.4,109348.5,1171.649,17.018536169060646
2025-09-27 03:00:00,109348.5,109700.0,109323.6,109503.8,2605.27,17.303577773959617
2025-09-27 04:00:00,109503.8,109694.2,109460.9,109598.1,1474.548,17.976684089513746
2025-09-27 05:00:00,109598.2,109631.2,109538.4,109587.0,728.849,17.674627005271066
2025-09-27 06:00:00,109587.0,109587.0,109432.2,109488.6,975.449,17.08740297398198
2025-09-27 07:00:00,109488.6,109517.4,109284.3,109354.8,1156.145,17.847321306904895
2025-09-27 08:00:00,109354.9,109354.9,109205.2,109205.2,2164.616,19.68207938086153
2025-09-27 09:00:00,109205.3,109309.7,109021.9,109250.0,2604.31,19.664335046441835
2025-09-27 10:00:00,109250.0,109449.2,109205.3,109385.4,2112.447,19.519611801686096
2025-09-27 11:00:00,109385.4,109401.9,109237.0,109265.8,722.479,20.080875200197134
2025-09-27 12:00:00,109265.8,109444.2,109190.8,109355.2,1901.945,21.396958331613938
2025-09-27 13:00:00,109355.2,109372.7,109264.9,109264.9,1373.388,24.299205399252806
2025-09-27 14:00:00,109264.9,109346.0,109201.3,109244.0,1066.365,25.15958492945051
2025-09-27 15:00:00,109243.9,109384.6,109145.0,109340.7,2706.391,25.867513366504475
2025-09-27 16:00:00,109340.8,109380.0,109255.6,109338.2,1762.479,27.39917314630296
2025-09-27 17:00:00,109338.3,109371.7,109188.1,109331.4,1855.921,33.0067613461061
2025-09-27 18:00:00,109330.9,109397.6,109291.4,109383.2,980.121,36.83132768666991
2025-09-27 19:00:00,109383.3,109394.2,109331.4,109369.3,572.464,40.1943334903688
2025-09-27 20:00:00,109369.4,109388.8,109305.5,109333.3,481.484,44.501042439774
2025-09-27 21:00:00,109333.4,109435.4,109333.3,109420.3,710.932,47.77416474695378
2025-09-27 22:00:00,109420.2,109653.2,109420.2,109550.6,2009.483,45.79473047507657
2025-09-27 23:00:00,109550.6,109627.2,109399.3,109577.3,1076.551,46.57562038744249
2025-09-28 00:00:00,109577.2,109749.9,109489.6,109556.3,2457.573,47.606757360266684
2025-09-28 01:00:00,109556.3,109608.3,109284.1,109305.6,3778.661,47.89053415690298
2025-09-28 02:00:00,109305.5,109496.4,109296.0,109398.8,1491.701,46.88908990988259
2025-09-28 03:00:00,109398.9,109489.2,109364.2,109397.3,837.275,43.67247728125299
2025-09-28 04:00:00,109397.3,109445.1,109315.5,109329.4,669.613,40.46752905264548
2025-09-28 05:00:00,109329.4,109351.6,109292.0,109303.2,676.596,37.68776711930598
2025-09-28 06:00:00,109303.2,109410.4,109203.9,109358.7,1119.331,35.18807772678081
2025-09-28 07:00:00,109358.8,109500.0,109294.2,109468.5,1562.794,28.667554406401376
2025-09-28 08:00:00,109468.4,109544.8,109372.8,109462.7,1897.997,22.892688857220516
2025-09-28 09:00:00,109462.7,109520.4,109279.9,109477.5,2554.634,17.422257725814596
2025-09-28 10:00:00,109477.4,109477.5,109313.1,109323.4,1162.554,12.575108133956888
2025-09-28 11:00:00,109323.4,109399.0,109188.0,109319.9,2221.385,9.110993028180742
2025-09-28 12:00:00,109319.9,109400.0,109136.5,109266.9,3645.769,11.53713083228072
2025-09-28 13:00:00,109266.8,109625.1,109266.8,109580.9,3432.212,11.098078530548117
2025-09-28 14:00:00,109580.8,109842.9,109455.9,109801.2,4322.28,10.181426329138272
2025-09-28 15:00:00,109801.2,109990.0,109656.5,109990.0,4960.942,11.008296125603282
2025-09-28 16:00:00,109990.0,110350.0,109952.2,110172.5,5563.255,13.422098701020195
2025-09-28 17:00:00,110172.5,110325.7,110074.4,110153.5,4043.953,16.41598697691432
2025-09-28 18:00:00,110153.4,110237.5,110003.0,110237.5,1779.099,19.376863368885694
2025-09-28 19:00:00,110237.5,110333.0,110060.0,110281.6,1190.451,22.712560691562487
2025-09-28 20:00:00,110281.7,110888.0,110236.6,110748.0,5529.933,27.13763117325894
2025-09-28 21:00:00,110748.0,110835.8,110568.7,110788.1,1659.341,31.20745279626373
2025-09-28 22:00:00,110788.1,111981.2,110788.1,111881.5,12906.618,36.010327205461685
2025-09-28 23:00:00,111881.4,112300.0,111881.4,112119.6,7783.996,42.04845570354221
2025-09-29 00:00:00,112119.7,112269.3,111916.0,112211.2,4032.657,47.485310772753095
2025-09-29 01:00:00,112211.2,112266.2,111652.7,111800.7,6037.427,52.339172293641106
2025-09-29 02:00:00,111800.7,111975.5,111562.0,111690.8,5052.912,54.68908381317844
2025-09-29 03:00:00,111690.8,111817.9,111517.3,111817.9,3624.42,58.96242779430746
2025-09-29 04:00:00,111817.9,111860.0,111692.3,111752.7,2847.15,63.76279787510224
2025-09-29 05:00:00,111752.6,111769.0,111508.7,111699.9,2809.368,65.70175392267153
2025-09-29 06:00:00,111700.0,111811.1,111561.3,111580.1,2907.973,66.14450971354007
2025-09-29 07:00:00,111580.0,111814.8,111501.0,111814.7,3959.369,66.42968680280099
2025-09-29 08:00:00,111814.8,112381.3,111814.7,112033.4,7181.68,67.71780633827531
2025-09-29 09:00:00,112033.5,112166.2,111927.4,112050.0,2344.373,68.93374549986478
2025-09-29 10:00:00,112049.9,112185.4,111972.4,112034.9,2839.103,68.17881650777036
2025-09-29 11:00:00,112034.9,112069.7,111862.1,112052.0,3274.457,67.18785126997719
2025-09-29 12:00:00,112052.0,112492.2,111881.3,111972.6,4897.242,64.13834713964796
2025-09-29 13:00:00,111972.3,113443.6,111844.3,113168.2,19011.503,61.64945701117813
2025-09-29 14:00:00,113168.1,114188.0,113136.8,113956.7,17707.195,60.087066849866936
2025-09-29 15:00:00,113956.8,114060.0,113624.9,113752.0,6933.671,59.96424036129328
2025-09-29 16:00:00,113752.0,114011.4,113547.0,113580.2,4149.909,60.040791797275126
2025-09-29 17:00:00,113580.2,114137.8,113404.5,114000.0,5993.933,60.02431002376845
2025-09-29 18:00:00,114000.1,114094.2,113812.3,113959.9,2545.927,60.06990443254413
2025-09-29 19:00:00,113959.9,114349.7,113790.5,114204.8,4829.886,61.83937363825546
2025-09-29 20:00:00,114204.9,114377.2,114057.5,114190.3,4878.526,63.95580749840692
2025-09-29 21:00:00,114190.3,114279.2,114033.9,114120.9,1933.007,66.4310230603111
2025-09-29 22:00:00,114120.8,114166.1,113960.6,114125.9,2196.413,67.43719237796147
2025-09-29 23:00:00,114125.9,114359.1,114125.9,114257.1,3417.608,67.73709458545969
2025-09-30 00:00:00,114257.1,114800.0,113985.1,114465.8,7023.399,68.81392100035664
2025-09-30 01:00:00,114465.8,114756.2,114210.0,114455.0,5172.823,70.70247362778449
2025-09-30 02:00:00,114455.0,114542.4,114307.6,114405.5,3501.604,74.02918526512747
2025-09-30 03:00:00,114405.6,114473.7,114246.6,114321.5,2521.382,75.15362231793793
2025-09-30 04:00:00,114321.5,114321.5,114037.1,114037.2,2441.097,71.94489659676478
2025-09-30 05:00:00,114037.1,114159.1,113777.8,113856.9,5807.206,66.93676996322773
2025-09-30 06:00:00,113856.9,114040.9,113779.0,113840.2,2296.131,62.271460887189065
2025-09-30 07:00:00,113840.2,113948.7,113531.7,113662.4,4718.933,57.483808651787456
2025-09-30 08:00:00,113662.3,113700.0,113288.0,113409.2,5164.026,53.06454562428119
2025-09-30 09:00:00,113409.1,113416.6,112701.8,112743.1,7186.262,50.374177226787594
2025-09-30 10:00:00,112743.1,113049.8,112615.3,112876.5,6047.051,47.96466369591245
2025-09-30 11:00:00,112876.5,113091.5,112750.1,113003.7,3668.64,45.169123547698966
2025-09-30 12:00:00,113003.7,113202.5,112930.2,112950.0,4126.324,42.38412486682325
2025-09-30 13:00:00,112950.0,113623.8,112800.1,113338.7,9314.459,39.10608287625605
2025-09-30 14:00:00,113338.7,113582.8,112828.5,113539.5,7033.239,37.34929045054249
2025-09-30 15:00:00,113539.6,113543.2,112856.0,113055.4,4992.914,34.91310436592895
2025-09-30 16:00:00,113055.4,113242.6,112743.6,112798.6,4158.134,32.58218349214612
2025-09-30 17:00:00,112798.6,113470.0,112763.2,113198.8,4836.914,30.30536944892975
2025-09-30 18:00:00,113198.8,113658.0,113126.7,113658.0,3052.444,30.454012170410525
2025-09-30 19:00:00,113658.0,114528.2,113650.0,114309.1,9818.274,31.57841658252739
2025-09-30 20:00:00,114309.1,114684.7,114065.0,114569.8,5003.343,32.57738268778884
2025-09-30 21:00:00,114569.8,114720.0,114071.7,114108.0,4833.453,34.88290659277111
2025-09-30 22:00:00,114108.0,114310.9,113825.0,113883.4,3819.12,36.87009058479823
2025-09-30 23:00:00,113883.3,113988.8,113710.0,113988.8,2782.843,38.01881945578303
2025-10-01 00:00:00,113988.7,114246.0,113899.4,114181.1,3773.132,39.52248192758764
2025-10-01 01:00:00,114181.0,114498.0,114083.3,114491.6,3764.019,41.41297042387272
2025-10-01 02:00:00,114491.6,114494.0,114218.9,114219.0,2618.284,43.83565444012345
2025-10-01 03:00:00,114219.0,114481.2,114038.7,114135.9,5741.656,45.93037338847387
2025-10-01 04:00:00,114135.8,114669.0,114095.2,114227.8,5746.057,46.3420371390358
2025-10-01 05:00:00,114227.8,114700.0,114200.8,114511.4,4333.954,46.94998983860235
2025-10-01 06:00:00,114511.5,114570.1,114170.0,114212.8,3790.162,47.5309929325498
2025-10-01 07:00:00,114212.7,114539.1,114184.9,114480.8,2407.498,48.98289674606867
2025-10-01 08:00:00,114480.8,116599.8,114425.6,116060.5,30788.992,52.901424472969566
2025-10-01 09:00:00,116060.4,116500.0,115890.7,116372.4,10427.254,56.23782977245321
2025-10-01 10:00:00,116372.3,116520.0,116154.5,116233.6,4222.994,59.20786828309337
2025-10-01 11:00:00,116233.5,116750.0,116228.1,116736.8,6450.112,61.52200756562839
2025-10-01 12:00:00,116736.8,116850.0,116311.5,116373.7,7240.985,64.79900437396547
2025-10-01 13:00:00,116373.8,116802.0,116370.4,116762.5,5404.326,66.73958571221871
2025-10-01 14:00:00,116761.9,117400.0,116655.2,117245.3,13123.333,68.1355347570092
2025-10-01 15:00:00,117245.4,117647.8,117031.0,117366.4,6346.913,69.37366029114956
2025-10-01 16:00:00,117366.5,118190.0,117259.3,117480.1,17613.731,70.80160214247869
2025-10-01 17:00:00,117480.0,117649.2,116687.5,116734.2,9324.856,72.23017297501256
2025-10-01 18:00:00,116734.3,117312.7,116731.4,117192.3,5118.281,73.59292277673605
2025-10-01 19:00:00,117192.3,117572.7,117167.6,117374.1,3499.224,75.12217120720412
2025-10-01 20:00:00,117374.0,117493.6,117104.1,117474.6,3175.885,76.23609269560679
2025-10-01 21:00:00,117474.7,117524.9,117276.3,117503.2,1465.246,77.51994057703412
2025-10-01 22:00:00,117503.2,118041.9,117503.2,117695.8,5429.622,76.5034255529196
2025-10-01 23:00:00,117695.8,118631.8,117634.9,118552.4,11182.913,76.5275232605295
2025-10-02 00:00:00,118552.0,119457.0,118367.0,118397.0,15039.878,77.05988277410003
2025-10-02 01:00:00,118397.0,118862.0,118335.0,118577.4,4265.244,77.26390230435356
2025-10-02 02:00:00,118577.5,118748.8,118433.4,118697.4,4596.695,76.75768224482731
2025-10-02 03:00:00,118697.3,119043.4,118652.5,118697.0,6458.231,75.94518414590084
2025-10-02 04:00:00,118697.0,118893.8,118372.0,118616.8,3643.919,73.94277706709863
2025-10-02 05:00:00,118616.7,118641.8,118226.4,118329.7,3182.782,71.35151107891777
2025-10-02 06:00:00,118329.7,118644.8,118251.3,118600.0,3064.694,68.12729890931998
2025-10-02 07:00:00,118599.9,118629.8,118377.1,118444.1,1956.72,68.1328517043603
2025-10-02 08:00:00,118444.1,118647.7,118307.3,118635.4,2205.712,67.62286039841909
2025-10-02 09:00:00,118635.3,118827.7,118521.7,118813.3,2704.861,66.95400124356902
2025-10-02 10:00:00,118813.3,118885.8,118530.8,118575.3,2351.811,66.68341114706352
2025-10-02 11:00:00,118575.3,118843.8,118481.6,118716.0,2216.764,66.21416782684729
2025-10-02 12:00:00,118716.1,119361.4,118690.4,119360.1,6547.795,66.70755970549344
2025-10-02 13:00:00,119360.0,119733.0,118868.2,119559.6,11332.135,66.48369211223574
2025-10-02 14:00:00,119559.6,119747.2,118606.2,118768.0,11360.065,63.44729396740986
2025-10-02 15:00:00,118768.1,119889.0,118458.4,119875.1,13518.21,60.12602328397448
2025-10-02 16:00:00,119875.1,120291.0,119564.9,119694.0,11959.603,57.030082528389435
2025-10-02 17:00:00,119694.0,119916.8,119317.0,119869.1,5205.304,52.405708056115984
2025-10-02 18:00:00,119869.1,120637.2,119859.9,120461.6,8242.659,51.0335874463213
2025-10-02 19:00:00,120461.6,120999.0,120398.2,120787.9,11000.641,51.13435374119714
2025-10-02 20:00:00,120787.8,120880.9,120258.1,120598.8,5063.339,51.319713738184554
2025-10-02 21:00:00,120598.9,120735.0,120105.1,120105.2,2690.851,49.04622236943188
2025-10-02 22:00:00,120105.1,120372.1,120018.0,120208.8,2926.964,47.19573815266954
2025-10-02 23:00:00,120208.7,120633.0,120191.9,120481.3,3922.061,45.49949269109579
2025-10-03 00:00:00,120481.3,120505.5,120033.0,120097.1,3259.382,43.01810617110596
2025-10-03 01:00:00,120097.2,120255.1,119766.0,119832.6,4258.894,40.24818222918149
2025-10-03 02:00:00,119832.6,120237.9,119823.6,120117.9,2922.748,36.71193719375314
2025-10-03 03:00:00,120118.0,120447.2,120108.5,120185.4,3863.558,33.08325005899694
2025-10-03 04:00:00,120185.4,120281.6,119954.8,120000.2,1994.259,32.12249686122302
2025-10-03 05:00:00,120000.2,120033.0,119700.0,119894.5,3047.843,31.37574101810555
2025-10-03 06:00:00,119894.5,120040.0,119725.2,119882.6,2240.544,29.352748174836396
2025-10-03 07:00:00,119882.5,119985.5,119579.6,119620.1,5028.064,28.974790862203673
2025-10-03 08:00:00,119620.1,120058.2,119200.0,120007.0,7679.094,28.561247620129645
2025-10-03 09:00:00,120007.0,120342.0,119968.6,120257.8,4545.005,27.56934645055684
2025-10-03 10:00:00,120257.9,120484.1,120226.0,120392.8,2723.71,26.205607934781757
2025-10-03 11:00:00,120392.9,120444.2,120100.0,120307.2,2932.482,25.20956289751413
2025-10-03 12:00:00,120307.2,120377.9,120061.3,120320.7,2705.427,24.157550993167096
2025-10-03 13:00:00,120320.6,120687.3,120058.0,120325.0,6272.209,22.837442527275762
2025-10-03 14:00:00,120325.1,120935.0,119820.4,120861.4,9725.424,20.795808814214976
2025-10-03 15:00:00,120861.4,122399.9,120579.1,122238.5,19913.125,21.709001821163646
2025-10-03 16:00:00,122238.5,123900.0,122238.5,122527.1,34220.437,24.59592782606726
2025-10-03 17:00:00,122527.0,123092.5,121528.1,122035.5,27849.181,26.261386103775173
2025-10-03 18:00:00,122035.6,122714.2,121425.5,122505.6,8419.219,27.746891157983438
2025-10-03 19:00:00,122505.7,122930.3,122313.0,122609.3,4212.991,30.108464708081346
2025-10-03 20:00:00,122609.3,122694.1,121986.3,122402.2,3803.672,32.7010874908573
2025-10-03 21:00:00,122402.3,122406.2,121944.7,122245.2,2709.706,35.21052430307392
2025-10-03 22:00:00,122245.2,122622.7,122245.2,122427.7,1705.507,36.43583336385929
2025-10-03 23:00:00,122427.7,122427.7,122125.1,122182.7,1847.781,36.94919095894368
2025-10-04 00:00:00,122182.6,122256.4,121936.2,122076.4,4446.878,37.826165946780534
2025-10-04 01:00:00,122076.4,122076.4,121650.8,121818.9,4327.838,38.48079289873795
2025-10-04 02:00:00,121819.0,122000.0,121636.4,121811.7,5212.689,39.28021176648506
2025-10-04 03:00:00,121811.7,122301.9,121781.9,122197.2,2552.358,40.25203112919478
2025-10-04 04:00:00,122197.3,122486.8,122168.4,122448.8,3824.172,42.37431162886167
2025-10-04 05:00:00,122448.7,122781.1,122353.8,122480.6,4647.445,40.885895461133956
2025-10-04 06:00:00,122480.7,122551.3,122325.6,122388.9,2731.398,38.149000094829205
2025-10-04 07:00:00,122388.9,122414.8,122209.7,122271.3,1963.167,35.518893496707044
2025-10-04 08:00:00,122271.4,122497.4,122141.5,122226.2,2983.378,33.288864643017575
2025-10-04 09:00:00,122226.2,122414.1,122133.0,122168.0,1461.06,30.0899284945898
2025-10-04 10:00:00,122168.0,122293.2,122062.1,122075.0,1435.363,28.061932764309148
2025-10-04 11:00:00,122075.1,122177.3,121908.3,121924.6,2267.611,25.429878897330273
2025-10-04 12:00:00,121924.6,122060.4,121891.2,121955.0,1602.928,22.178520076633426
2025-10-04 13:00:00,121954.9,122480.9,121954.9,122335.5,3598.48,20.122578324686582
2025-10-04 14:00:00,122335.5,122411.5,121944.3,121944.4,2182.577,19.27508932929408
2025-10-04 15:00:00,121944.4,122085.1,121638.5,121744.8,6087.883,18.612223277489644
2025-10-04 16:00:00,121744.8,121920.0,121533.3,121668.5,5970.074,17.513210589189548
2025-10-04 17:00:00,121668.4,121869.6,121610.0,121698.0,2172.198,15.301281257691372
2025-10-04 18:00:00,121698.0,121784.3,121432.0,121533.4,2706.467,13.678426415748083
2025-10-04 19:00:00,121533.3,121919.0,121533.3,121919.0,1561.26,14.05003374954379
2025-10-04 20:00:00,121918.9,122055.4,121832.8,121832.8,1604.028,13.648768279635606
2025-10-04 21:00:00,121832.9,122310.7,121813.4,122139.9,2415.945,14.123740451622519
2025-10-04 22:00:00,122139.9,122322.2,122089.2,122230.9,1463.448,13.84245904280209
2025-10-04 23:00:00,122231.0,122374.8,122159.9,122343.2,1260.565,14.154955614634428
2025-10-05 00:00:00,122343.2,122369.3,122101.2,122112.5,1635.07,13.925263658402088
2025-10-05 01:00:00,122112.5,122377.7,122088.1,122326.9,1793.004,14.7785404627671
2025-10-05 02:00:00,122326.8,124374.0,122290.5,124012.2,22852.73,18.74415847290266
2025-10-05 03:00:00,124012.2,124153.3,123303.6,123735.7,8450.374,21.354144389319394
2025-10-05 04:00:00,123735.7,125877.3,123678.0,125167.5,21559.855,24.40797481470609
2025-10-05 05:00:00,125167.4,125420.1,124856.2,125103.0,9910.344,28.27576084620848
2025-10-05 06:00:00,125103.0,125215.6,124784.4,124977.7,4901.981,32.649467790870126
2025-10-05 07:00:00,124977.7,125147.0,124558.8,124692.4,6424.283,37.44861022249038
2025-10-05 08:00:00,124692.5,124843.0,124524.9,124580.9,3951.4,42.151290815297436
2025-10-05 09:00:00,124581.0,124644.9,122720.4,122998.0,21076.326,41.93041184252571
2025-10-05 10:00:00,122998.0,123102.6,122472.0,122980.9,10093.997,42.01945059817541
2025-10-05 11:00:00,122981.0,123500.0,122788.0,123413.2,6432.708,42.770774911852435
2025-10-05 12:00:00,123413.3,123413.3,122875.4,123035.8,3676.748,43.69196809330582
2025-10-05 13:00:00,123035.9,123295.0,123012.3,123120.0,2266.769,44.19699480748509
2025-10-05 14:00:00,123119.9,123288.6,122684.9,122983.4,3795.957,44.283983414099815
2025-10-05 15:00:00,122983.2,122983.2,122600.0,122753.0,2669.265,43.62449634070446
2025-10-05 16:00:00,122752.9,123295.0,122160.0,123210.1,9044.185,42.31429007642988
2025-10-05 17:00:00,123210.0,123422.0,122840.9,123013.9,4795.143,40.82662720807127
2025-10-05 18:00:00,123013.8,123166.7,122814.7,122963.5,2846.9,43.46488721371257
2025-10-05 19:00:00,122963.5,122982.9,122442.6,122550.4,3318.983,43.5989423261559
2025-10-05 20:00:00,122550.5,123023.9,122425.7,122648.5,2446.382,43.46345428854242
2025-10-05 21:00:00,122648.1,122751.6,122440.1,122682.3,1439.664,43.9357625211207
2025-10-05 22:00:00,122682.3,123228.0,122682.2,123188.5,2865.653,42.46518766034704
2025-10-05 23:00:00,123188.5,123453.5,123166.0,123426.7,4323.279,42.03389138813906
2025-10-06 00:00:00,123426.7,124336.3,123018.5,123295.8,12174.141,42.513454533965664
2025-10-06 01:00:00,123295.9,124218.0,123140.3,123980.8,5613.509,41.77526806153781
2025-10-06 02:00:00,123980.8,124200.0,123385.2,124066.9,5103.031,41.302163447054234
2025-10-06 03:00:00,124066.8,124086.6,123689.3,123792.9,2045.13,41.02036514211911
2025-10-06 04:00:00,123792.8,123955.0,123525.1,123538.2,2359.969,41.601301119088255
2025-10-06 05:00:00,123538.2,123710.8,123223.9,123522.3,4097.688,41.62887962719409
2025-10-06 06:00:00,123522.3,124137.7,123522.3,123900.0,3773.234,41.21699733295592
2025-10-06 07:00:00,123900.1,123988.1,123217.9,123332.3,4307.757,40.34115686192873
2025-10-06 08:00:00,123332.4,123837.7,123332.3,123800.0,3099.874,34.57168491739794
2025-10-06 09:00:00,123800.0,124020.8,123725.5,123915.2,2682.699,32.239832122247414
2025-10-06 10:00:00,123915.1,124104.0,123850.0,123920.0,2773.002,30.121435569631938
2025-10-06 11:00:00,123920.0,124500.0,123682.1,124161.2,5885.806,28.478928943542673
2025-10-06 12:00:00,124161.3,124647.6,124123.3,124495.3,5659.872,27.972620284958687
2025-10-06 13:00:00,124495.2,125062.9,124320.0,124967.8,11405.149,30.747128969215854
2025-10-06 14:00:00,124967.7,125281.0,124245.0,124475.9,12831.163,32.18440461565874
2025-10-06 15:00:00,124475.9,125375.0,124452.1,124946.2,7559.411,35.04665091277892
2025-10-06 16:00:00,124946.2,125480.0,124742.5,125417.8,6017.336,37.919689339968116
2025-10-06 17:00:00,125417.7,125789.7,125068.7,125235.2,9347.637,41.28115433578774
2025-10-06 18:00:00,125235.3,126208.5,124979.0,125986.0,10098.723,45.09810319711711
2025-10-06 19:00:00,125986.1,126093.7,125185.1,125357.3,7784.581,50.74951448775779
2025-10-06 20:00:00,125357.3,125500.0,124986.0,125170.0,3465.483,53.01364803318386
2025-10-06 21:00:00,125170.1,125248.1,124463.0,125062.0,7129.865,55.55655870475186
2025-10-06 22:00:00,125062.1,125245.4,124733.0,124999.8,3146.75,57.229066797901346
2025-10-06 23:00:00,124999.9,125060.0,124592.0,124628.5,1839.519,56.511389482554584
2025-10-07 00:00:00,124628.6,124886.6,124541.8,124850.3,2583.326,55.44350950687477
2025-10-07 01:00:00,124850.4,125047.0,124387.6,124658.0,3426.949,53.58750344663928
2025-10-07 02:00:00,124657.9,124658.0,124100.8,124205.5,3951.964,50.876745969788665
2025-10-07 03:00:00,124205.6,124527.7,124055.0,124277.7,3088.654,47.08630364165591
2025-10-07 04:00:00,124277.8,124631.9,124056.1,124449.8,4457.308,44.58464845575849
2025-10-07 05:00:00,124449.8,124588.0,124176.1,124349.0,3189.712,42.216594383315275
2025-10-07 06:00:00,124349.0,124410.2,123720.3,123852.6,5451.727,41.112333219329
2025-10-07 07:00:00,123852.6,124009.9,123503.9,123627.1,5057.593,41.141925234198474
2025-10-07 08:00:00,123627.1,123948.7,123261.6,123813.1,8368.861,42.624207419267876
2025-10-07 09:00:00,123813.1,124199.2,123799.5,124049.2,3346.133,41.02311948775603
2025-10-07 10:00:00,124049.2,124372.0,123951.6,124229.9,3077.951,39.604473062585065
2025-10-07 11:00:00,124229.9,124471.4,124110.7,124397.2,3650.54,37.77992178912533
2025-10-07 12:00:00,124397.1,125098.0,124271.8,124869.5,6261.387,34.277785220627244
2025-10-07 13:00:00,124869.4,125012.9,123300.1,123825.4,15072.644,33.102998447580845
2025-10-07 14:00:00,123825.4,123943.1,122500.1,122684.0,20125.053,33.14214470263992
2025-10-07 15:00:00,122684.1,122819.4,121102.0,121788.3,29512.703,34.96725326924237
2025-10-07 16:00:00,121788.2,122049.7,120720.2,121621.5,19089.656,38.06150889391723
2025-10-07 17:00:00,121621.6,121763.6,121016.6,121073.1,8127.749,42.58811066971651
2025-10-07 18:00:00,121073.2,121270.1,120516.0,120838.0,12276.786,47.18081690587086
2025-10-07 19:00:00,120838.0,122000.0,120801.6,121593.6,8700.79,49.84237454173443
2025-10-07 20:00:00,121593.5,122142.6,121593.5,121885.4,3624.456,50.562815037529326
2025-10-07 21:00:00,121885.4,122255.4,121710.9,121954.1,3058.192,49.320158638638596
2025-10-07 22:00:00,121954.0,122134.8,121735.2,121956.8,1987.061,45.47769800627674
2025-10-07 23:00:00,121956.8,121961.1,121218.0,121286.5,4412.152,44.30744327085851
2025-10-08 00:00:00,121286.6,122042.0,121219.0,121868.9,6392.236,44.27193837254551
2025-10-08 01:00:00,121868.9,122011.8,121550.1,121911.3,4292.439,45.80725987759421
2025-10-08 02:00:00,121911.3,122196.9,121761.3,121995.0,3485.274,50.33900693149457
2025-10-08 03:00:00,121995.1,121995.1,121137.0,121333.1,5519.01,53.114888675056406
2025-10-08 04:00:00,121333.1,121880.0,121005.3,121865.4,4410.095,54.58236842438128
2025-10-08 05:00:00,121865.4,121868.3,121124.2,121338.0,5142.052,53.33547178940118
2025-10-08 06:00:00,121338.1,121814.0,121020.0,121749.0,3514.474,51.60592887891736
2025-10-08 07:00:00,121749.1,121836.6,121272.7,121550.4,3075.21,48.350034813077094
2025-10-08 08:00:00,121550.5,122820.0,121468.5,122332.6,9934.071,44.95605607128312
2025-10-08 09:00:00,122332.7,122600.0,122324.5,122485.0,3783.259,41.521549057533775
2025-10-08 10:00:00,122485.0,123074.8,122449.9,122885.7,5013.814,38.9402568429348
2025-10-08 11:00:00,122885.7,123150.0,122672.8,122825.7,3958.072,36.60367896420699
2025-10-08 12:00:00,122825.8,123009.6,122478.9,122580.3,3938.915,33.98013147253538
2025-10-08 13:00:00,122580.2,122729.8,121607.8,122540.4,9406.952,31.30165115101685
2025-10-08 14:00:00,122540.4,123312.9,122043.1,122268.4,12871.926,27.959994067696407
2025-10-08 15:00:00,122268.3,122577.9,121888.0,122140.1,4202.333,24.15879284809682
2025-10-08 16:00:00,122140.1,123088.0,122055.8,122999.9,5578.52,19.988825950446174
2025-10-08 17:00:00,122999.9,124170.6,122903.8,123985.5,12587.436,18.394339509072413
2025-10-08 18:00:00,123985.5,124169.2,123359.7,123389.8,6491.498,17.46368953234332
2025-10-08 19:00:00,123389.8,123690.0,123095.0,123381.8,4991.059,17.330263087197117
2025-10-08 20:00:00,123381.8,123671.5,122757.5,122784.6,3554.34,17.198252590615194
2025-10-08 21:00:00,122784.6,123272.2,122739.7,123231.4,2193.237,17.968117039119967
2025-10-08 22:00:00,123231.5,123362.9,123126.1,123126.1,1085.748,17.45802368139779
2025-10-08 23:00:00,123126.0,123475.3,122981.2,123237.5,1677.816,18.45431587470536
2025-10-09 00:00:00,123237.4,123279.7,122782.0,122782.0,2259.548,18.108660696127057
2025-10-09 01:00:00,122782.0,122806.0,122272.7,122496.6,4263.072,18.218228338718088
2025-10-09 02:00:00,122496.5,122496.6,121411.8,121573.2,7100.068,19.58351643153188
2025-10-09 03:00:00,121573.2,122080.7,121558.8,121988.4,3850.339,18.955107434761548
2025-10-09 04:00:00,121988.4,122221.0,121845.2,122087.6,2983.305,19.60153957482483
2025-10-09 05:00:00,122087.6,122150.4,121762.2,122052.6,3025.849,20.362555066975823
2025-10-09 06:00:00,122052.6,122139.1,121810.4,121900.4,2300.599,21.765979262930784
2025-10-09 07:00:00,121900.3,122006.7,121657.3,121847.9,2381.687,24.78231071629738
2025-10-09 08:00:00,121847.8,121909.7,121081.5,121202.4,8228.417,27.729839386198226
2025-10-09 09:00:00,121202.4,121790.0,121202.4,121753.3,3968.581,31.677349331051737
2025-10-09 10:00:00,121753.4,122287.2,121591.4,122106.2,4106.878,33.70977154633858
2025-10-09 11:00:00,122106.1,122777.0,122106.1,122672.9,4954.179,34.1636385265542
2025-10-09 12:00:00,122673.0,123740.1,122640.3,123500.0,11060.066,33.638854575160835
2025-10-09 13:00:00,123500.0,123598.8,122227.7,122357.0,12854.585,33.46969896107854
2025-10-09 14:00:00,122357.0,122533.4,120666.9,121235.1,28413.276,35.675788665594474
2025-10-09 15:00:00,121235.1,121663.0,120595.5,121079.4,10189.341,37.139794988243004
2025-10-09 16:00:00,121079.4,121426.7,119619.0,119752.1,18266.265,37.93372004219233
2025-10-09 17:00:00,119752.1,121000.3,119572.8,120915.6,13833.993,40.16270359953899
2025-10-09 18:00:00,120915.5,121051.2,120319.0,120600.0,6755.102,41.767092128844865
2025-10-09 19:00:00,120600.0,121060.1,120600.0,120897.6,3150.827,43.39853310379148
2025-10-09 20:00:00,120897.6,121147.2,120787.9,121045.4,2403.121,43.71008469177594
2025-10-09 21:00:00,121045.3,121457.2,120998.3,121407.8,2607.265,39.380920541926045
2025-10-09 22:00:00,121407.9,121712.4,121342.0,121619.5,2246.745,33.88155731051885
2025-10-09 23:00:00,121619.6,121671.1,121271.3,121579.3,2393.272,27.82886079260744
2025-10-10 00:00:00,121579.4,121808.0,121523.7,121682.2,2192.456,24.633384653639546
2025-10-10 01:00:00,121682.2,121835.5,121425.3,121575.3,2043.45,23.985896485266437
2025-10-10 02:00:00,121575.2,121595.4,120850.0,121007.2,7284.28,27.835420443094346
2025-10-10 03:00:00,121007.1,121535.3,120852.4,120960.8,4593.928,31.05565384622707
2025-10-10 04:00:00,120960.8,121342.5,120956.8,121192.7,3204.548,31.04626365479604
2025-10-10 05:00:00,121192.6,121559.1,120933.7,121529.6,3217.901,30.523479643573303
2025-10-10 06:00:00,121529.6,121712.2,121194.3,121315.0,3603.694,30.346978626978057
2025-10-10 07:00:00,121315.1,121336.5,120814.0,120886.1,3610.197,28.639438891086144
2025-10-10 08:00:00,120886.1,121624.4,120869.2,121570.5,2969.125,27.407236498430677
2025-10-10 09:00:00,121570.5,121728.3,121209.3,121249.9,3484.086,26.475526278969287
2025-10-10 10:00:00,121250.0,121489.2,121163.2,121443.4,1930.588,25.354297994322227
2025-10-10 11:00:00,121443.4,121608.0,121361.8,121493.2,1664.754,24.358243699833537
2025-10-10 12:00:00,121493.2,121638.7,121353.7,121534.8,1997.407,23.7442478378313
2025-10-10 13:00:00,121534.8,122497.0,121313.6,121609.1,11634.251,25.40699127712916
2025-10-10 14:00:00,121609.1,122000.0,120408.1,120436.4,11150.897,24.561102629018745
2025-10-10 15:00:00,120436.3,120583.7,118424.4,118965.3,42319.799,25.13719496603363
2025-10-10 16:00:00,118965.2,119403.4,118150.0,118150.0,18124.805,22.927259849506843
2025-10-10 17:00:00,118150.0,118379.7,117517.6,117590.8,16494.33,21.49053628413984
2025-10-10 18:00:00,117590.8,117825.2,117161.8,117178.5,8458.336,22.208262682428536
2025-10-10 19:00:00,117178.5,117300.0,115845.0,116605.3,24765.057,24.81449541036812
2025-10-10 20:00:00,116605.2,117145.3,112786.6,114198.0,31493.849,28.017837483977644
2025-10-10 21:00:00,114200.4,115075.6,101516.5,113253.6,131850.219,33.57818866102598
2025-10-10 22:00:00,113253.6,114071.0,111020.4,113606.3,34907.263,39.38014805722313
2025-10-10 23:00:00,113606.2,114829.7,112688.0,112714.9,18968.412,44.513142799153684
2025-10-11 00:00:00,112715.0,113142.7,111580.0,112463.3,14580.739,50.02440862754796
2025-10-11 01:00:00,112463.3,112489.9,110987.0,111060.0,10235.747,56.115209667890134
2025-10-11 02:00:00,111060.0,113273.3,111045.5,113175.4,11544.619,62.33263911053822
2025-10-11 03:00:00,113175.3,113300.1,111750.0,112261.9,8661.073,66.86119415650138
2025-10-11 04:00:00,112261.6,112931.9,111633.2,112905.3,6024.071,73.37293843283712
2025-10-11 05:00:00,112905.3,112908.8,111982.5,112338.3,6432.687,77.52305258516292
2025-10-11 06:00:00,112338.2,112718.9,111982.5,112000.0,4240.158,81.92810488135162
2025-10-11 07:00:00,112000.1,112050.0,110022.0,110338.7,21323.348,85.84089322247749
2025-10-11 08:00:00,110338.7,111497.2,110100.5,111273.7,8094.912,89.4341067314125
2025-10-11 09:00:00,111273.7,111855.5,111212.6,111576.8,5628.481,91.73350357412671
2025-10-11 10:00:00,111576.9,112214.8,111571.3,112063.2,5208.104,92.55666902218294
2025-10-11 11:00:00,112063.1,112307.6,111632.0,112224.6,4561.493,89.67547568481679
2025-10-11 12:00:00,112224.6,112423.0,111976.3,112319.6,3581.577,84.03084347699655
2025-10-11 13:00:00,112319.6,112466.2,111810.6,112208.6,4975.789,80.1725136299668
2025-10-11 14:00:00,112208.7,112297.1,111823.8,111934.5,4051.358,75.18486383192113
2025-10-11 15:00:00,111934.5,112342.2,111740.8,111744.4,4090.174,69.40046693941026
2025-10-11 16:00:00,111744.4,112046.4,111353.1,111803.8,4774.059,66.53257844903115
2025-10-11 17:00:00,111803.8,112142.0,111666.0,111944.5,3270.341,62.95867594390709
2025-10-11 18:00:00,111944.5,111976.0,111776.7,111907.2,1569.065,59.13417544450511
2025-10-11 19:00:00,111907.2,111980.0,110800.1,111126.7,7497.172,56.213559715565744
2025-10-11 20:00:00,111126.6,111333.5,109600.0,110184.8,9952.586,54.01157776624023
2025-10-11 21:00:00,110184.8,110953.8,109501.0,110832.7,6445.635,50.4812923828022
2025-10-11 22:00:00,110832.6,111247.6,110584.3,110978.8,3813.037,46.29129267605434
2025-10-11 23:00:00,110978.8,111060.8,110576.8,110579.1,3115.365,43.32738061542003
2025-10-12 00:00:00,110579.1,110613.7,109509.3,109600.7,7150.799,42.52165612187847
2025-10-12 01:00:00,109600.7,110275.0,109589.5,109928.6,6630.43,44.66222776472002
2025-10-12 02:00:00,109928.6,110670.5,109544.2,110072.2,9248.719,47.92884332148085
2025-10-12 03:00:00,110072.2,111424.0,109950.0,110643.3,8994.562,48.05271732366308
2025-10-12 04:00:00,110643.3,111909.5,110561.8,111486.1,6082.448,48.429373261758656
2025-10-12 05:00:00,111486.1,111755.7,111142.8,111642.4,3736.053,49.69742226294101
2025-10-12 06:00:00,111642.4,112110.0,111546.0,111634.8,4509.08,47.53436043858295
2025-10-12 07:00:00,111634.9,111884.8,111433.7,111464.0,4420.03,45.84284756620657
2025-10-12 08:00:00,111463.9,111746.2,111233.0,111244.1,5785.539,44.72243674413683
2025-10-12 09:00:00,111244.0,111854.0,111070.4,111772.1,4247.26,41.835764846105576
2025-10-12 10:00:00,111772.2,111963.9,111377.5,111589.7,4056.976,38.5573743427413
2025-10-12 11:00:00,111589.7,112084.3,111407.1,111783.8,5090.636,36.982895391710635
2025-10-12 12:00:00,111783.8,112191.5,111470.9,111711.3,6167.78,35.79547007864466
2025-10-12 13:00:00,111711.3,111877.7,111191.1,111238.1,7383.682,33.07954400557617
2025-10-12 14:00:00,111238.1,112929.0,111111.0,112260.0,21261.074,32.51946390662765
2025-10-12 15:00:00,112260.1,113687.6,111996.9,113119.0,25751.915,31.923582205258136
2025-10-12 16:00:00,113119.0,114654.5,113119.0,113993.4,21325.846,32.345699104020355
2025-10-12 17:00:00,113993.4,114396.5,113400.0,113729.4,11895.658,34.09740992446818
2025-10-12 18:00:00,113729.4,114183.1,113463.2,113815.9,6222.926,36.57309194858131
2025-10-12 19:00:00,113816.0,114346.2,113754.8,114288.7,4601.319,39.07229968796844
2025-10-12 20:00:00,114288.8,115400.0,114288.7,114864.5,11389.879,42.899147473495816
2025-10-12 21:00:00,114864.4,115594.6,114200.0,114822.0,10611.041,46.821044478846474
2025-10-12 22:00:00,114822.0,115730.3,114822.0,115160.7,14030.628,51.01224081544817
2025-10-12 23:00:00,115160.7,115298.3,114676.1,114894.4,7333.757,56.13424324896854
2025-10-13 00:00:00,114894.5,115844.8,114703.9,115220.0,11349.302,61.026312253404505
2025-10-13 01:00:00,115220.0,115700.0,115010.2,115638.0,8024.815,65.46270320741347
2025-10-13 02:00:00,115638.0,115912.0,114941.0,115275.0,7753.104,70.20186386216386
2025-10-13 03:00:00,115275.0,115573.7,114566.1,114773.6,6738.858,75.28811148555363
2025-10-13 04:00:00,114773.5,114958.0,114357.2,114656.6,8731.401,75.54509081203108
2025-10-13 05:00:00,114656.5,114785.8,114458.1,114570.2,4377.029,75.47083837871057
2025-10-13 06:00:00,114570.1,115333.2,114369.2,115168.4,6799.646,74.82429478355076
2025-10-13 07:00:00,115168.4,115500.0,114970.8,115341.7,7108.473,74.98691307062303
2025-10-13 08:00:00,115341.7,115376.3,115070.1,115193.8,4720.892,75.4027848534995
2025-10-13 09:00:00,115193.7,115193.8,114682.8,115057.2,5469.242,74.22563781802909
2025-10-13 10:00:00,115057.2,115098.9,114670.1,114754.8,4436.287,71.16929629810569
2025-10-13 11:00:00,114754.7,114754.7,113600.5,114129.3,15304.985,66.83997904920626
2025-10-13 12:00:00,114129.2,114707.0,113871.8,114360.0,8065.134,62.39565857046302
2025-10-13 13:00:00,114359.9,115488.9,114160.5,115291.5,19065.798,56.72047260714417
2025-10-13 14:00:00,115291.4,115420.1,113721.2,113973.6,16080.037,52.030229034963554
2025-10-13 15:00:00,113973.5,114683.5,113917.4,114260.7,9039.245,46.76502264385091
2025-10-13 16:00:00,114260.8,115139.0,114200.1,114596.6,11392.715,40.992765769180664
2025-10-13 17:00:00,114596.6,115025.0,114151.0,114990.1,8115.683,35.38171792304241
2025-10-13 18:00:00,114990.1,115332.7,114653.2,115107.7,9985.784,31.68625851095425
2025-10-13 19:00:00,115107.7,115827.6,115011.6,115726.6,9260.522,28.602214262171454
2025-10-13 20:00:00,115726.6,115817.4,115323.9,115656.9,4129.452,25.050042103955235
2025-10-13 21:00:00,115656.9,115741.3,115491.8,115651.0,2094.288,20.742943974307593
2025-10-13 22:00:00,115651.1,115777.2,115371.3,115443.3,2777.443,15.86655726383168
2025-10-13 23:00:00,115443.2,115443.3,114930.1,115111.9,5176.648,12.389065017070324
2025-10-14 00:00:00,115112.0,115360.2,114800.1,114904.1,5711.522,10.64371327559203
2025-10-14 01:00:00,114904.0,114937.8,114073.4,114216.2,6270.384,9.9250028378832
2025-10-14 02:00:00,114216.1,114237.5,113566.1,113566.2,8418.979,8.811498544425548
2025-10-14 03:00:00,113566.1,113639.0,113210.6,113441.0,11467.311,11.103528818176967
2025-10-14 04:00:00,113440.9,113534.3,112718.0,113012.9,13712.718,12.382151056272532
2025-10-14 05:00:00,113012.9,113677.9,112300.1,112438.3,22084.562,14.902521553368297
2025-10-14 06:00:00,112438.3,112650.0,111302.0,111933.5,17290.46,19.636749949310445
2025-10-14 07:00:00,111933.4,112147.3,111412.5,111665.2,13125.134,24.38648267593856
2025-10-14 08:00:00,111665.2,112100.1,111456.0,111748.1,9026.599,28.985486890148145
