bar,dir,rsi,trend
400,1,45.538917352515604,DOWNTREND
402,-1,46.5296519985061,DOWNTREND
404,1,35.67051789411781,DOWNTREND
406,1,25.49057033756263,DOWNTREND
408,1,36.77038453532169,DOWNTREND
410,1,37.24935109086354,DOWNTREND
412,1,41.67057135897698,DOWNTREND
414,-1,43.336824839547695,DOWNTREND
416,-1,43.821290909339865,DOWNTREND
418,1,45.590735081007686,DOWNTREND
420,1,39.839578613864674,DOWNTREND
422,1,40.997789475399735,DOWNTREND
424,1,43.56431664984113,DOWNTREND
426,1,34.455169958844735,DOWNTREND
428,1,41.33108001109726,DOWNTREND
430,-1,42.43795838859457,DOWNTREND
432,1,41.17927823745671,DOWNTREND
434,-1,41.3066920864099,DOWNTREND
436,-1,45.61929583369188,DOWNTREND
438,-1,46.60271264449433,DOWNTREND
440,-1,42.982342237772045,DOWNTREND
442,-1,38.77558350804522,DOWNTREND
444,1,51.074262689135665,DOWNTREND
446,-1,40.56475420044632,DOWNTREND
448,1,40.025902999227895,DOWNTREND
450,-1,33.50760756526084,DOWNTREND
452,1,44.36951684261203,DOWNTREND
454,-1,42.7411072540109,DOWNTREND
456,-1,39.966620873206224,DOWNTREND
458,-1,44.092926571999215,DOWNTREND
460,-1,55.14994289289151,DOWNTREND
462,-1,44.51910295502563,DOWNTREND
464,1,40.05478243943802,DOWNTREND
466,1,34.63553600182307,DOWNTREND
468,-1,40.818627308624755,DOWNTREND
470,1,42.43694333398694,DOWNTREND
472,1,42.320355527633076,DOWNTREND
474,1,42.76550602929012,DOWNTREND
476,1,44.890938165356786,DOWNTREND
478,1,43.81777771595911,DOWNTREND
480,1,41.48865228444683,DOWNTREND
482,1,28.118448188423244,DOWNTREND
484,1,19.104175680317255,DOWNTREND
486,1,12.985047651064136,DOWNTREND
488,-1,36.307957195757844,DOWNTREND
490,1,37.846897408506514,DOWNTREND
492,-1,44.43631720678165,DOWNTREND
494,1,44.473378898157016,DOWNTREND
496,1,40.9118343741365,DOWNTREND
498,1,37.71940514840812,DOWNTREND
500,1,38.889034370651515,DOWNTREND
502,1,42.011962555813746,DOWNTREND
504,1,45.14815338062803,DOWNTREND
506,1,49.50567643087531,DOWNTREND
508,1,48.4793442300478,DOWNTREND
510,1,35.22588669736409,DOWNTREND
512,1,42.60095421164235,DOWNTREND
514,1,46.278152451154,DOWNTREND
516,-1,45.8034749193736,DOWNTREND
518,1,43.998206668439686,DOWNTREND
520,1,52.66225054432104,DOWNTREND
522,1,58.202173550644474,UPTREND
524,-1,70.23990656021894,UPTREND
526,-1,59.12413269785278,UPTREND
528,1,63.74799097399636,UPTREND
530,1,61.418724300081315,UPTREND
532,1,56.838418577728504,UPTREND
534,1,47.06133249231718,UPTREND
536,1,38.981941777725375,DOWNTREND
538,1,34.63806026981105,DOWNTREND
540,1,30.053338318986974,DOWNTREND
542,1,30.321277534457877,DOWNTREND
544,1,24.45164554896921,DOWNTREND
546,-1,30.496027518624004,DOWNTREND
548,1,19.591025308853276,DOWNTREND
550,1,27.53655285264277,DOWNTREND
552,1,35.69398249107243,DOWNTREND
554,1,35.932469603706764,DOWNTREND
556,1,38.61493932326206,DOWNTREND
558,-1,47.59369944243705,DOWNTREND
560,1,48.366885126473186,DOWNTREND
562,1,45.0736582330902,DOWNTREND
564,1,43.77489490436524,DOWNTREND
566,1,32.918027143244814,DOWNTREND
568,1,48.182723183493344,DOWNTREND
570,1,45.49415441067614,DOWNTREND
572,1,49.68870620156952,DOWNTREND
574,1,51.36697448486388,DOWNTREND
576,1,54.253783177885396,DOWNTREND
578,1,56.37837238927748,DOWNTREND
580,1,57.09383379955994,UPTREND
582,1,48.55568763799751,DOWNTREND
584,-1,49.833044440429944,DOWNTREND
586,-1,58.48720655694781,UPTREND
588,1,47.80493506557263,DOWNTREND
590,1,44.467110771772,DOWNTREND
592,1,47.03119755859917,UPTREND
594,1,49.959402797128455,UPTREND
596,1,51.71058821448035,UPTREND
598,1,57.29085730150476,UPTREND
600,1,57.281616344252285,UPTREND
602,1,63.29661164102377,UPTREND
604,1,67.24253643875369,UPTREND
606,-1,64.75321056245363,UPTREND
608,-1,78.36946954084615,UPTREND
610,-1,74.32157934462234,UPTREND
612,-1,77.68358571644869,UPTREND
614,-1,81.93094310188782,UPTREND
616,1,67.14729737543394,UPTREND
618,-1,72.21198999331408,UPTREND
620,-1,73.43918525972319,UPTREND
622,-1,64.82317106540147,UPTREND
624,1,63.56113429370914,UPTREND
626,-1,63.41649725096136,UPTREND
628,-1,62.15979735217869,UPTREND
630,-1,51.97885939347159,UPTREND
632,-1,57.31730114008167,UPTREND
634,-1,55.00708330716654,UPTREND
636,-1,70.04745868352961,UPTREND
638,-1,65.5234583430643,UPTREND
640,-1,64.45079425785981,UPTREND
642,-1,68.19444583987324,UPTREND
644,-1,67.47031930660428,UPTREND
646,-1,63.37239859075625,UPTREND
648,-1,66.85302979903241,UPTREND
650,-1,67.51921891827138,UPTREND
652,-1,62.12680769491777,UPTREND
654,-1,64.88245676652693,UPTREND
656,-1,57.693189971698025,UPTREND
658,1,50.88420734738059,UPTREND
660,-1,42.262858383892684,DOWNTREND
662,-1,46.76767470150793,UPTREND
664,-1,49.69116806192703,UPTREND
666,1,43.48601107685172,DOWNTREND
668,-1,33.01115057030239,DOWNTREND
670,-1,33.23668262725768,DOWNTREND
672,-1,40.39571767809929,DOWNTREND
674,-1,59.55791607349255,UPTREND
676,1,60.91963742295552,UPTREND
678,-1,64.8974655705023,UPTREND
680,-1,62.77846209737186,UPTREND
682,-1,65.54591964068557,UPTREND
684,-1,62.26633241361138,UPTREND
686,-1,58.79648472776253,UPTREND
688,1,56.997274274649186,UPTREND
690,1,58.9314805882382,UPTREND
692,1,67.8073819402728,UPTREND
694,-1,69.18996221708099,UPTREND
696,-1,46.34749107378736,UPTREND
698,1,41.54226851367955,DOWNTREND
700,-1,42.00751755188839,DOWNTREND
702,-1,37.627472545604725,DOWNTREND
704,-1,39.45271221520919,DOWNTREND
706,-1,40.29287163968853,DOWNTREND
708,1,35.13834251139791,DOWNTREND
710,1,27.900068807803706,DOWNTREND
712,1,36.362551544297936,DOWNTREND
714,1,32.71659413215984,DOWNTREND
716,-1,43.544608632771876,DOWNTREND
718,1,44.71009594290806,DOWNTREND
720,-1,35.43132393783128,DOWNTREND
722,1,34.20278237784399,DOWNTREND
724,1,35.299163511204625,DOWNTREND
726,1,29.077696316054087,DOWNTREND
728,1,32.989858741495624,DOWNTREND
730,1,35.981362791819095,DOWNTREND
732,1,30.324049310309007,DOWNTREND
734,1,17.82524826310737,DOWNTREND
736,1,14.578376665872483,DOWNTREND
738,-1,29.2388848170026,DOWNTREND
740,1,39.19014343621113,DOWNTREND
742,-1,38.34633744572777,DOWNTREND
744,1,44.90489218826119,DOWNTREND
746,1,46.04119791457559,DOWNTREND
748,1,46.48969636144178,DOWNTREND
750,1,38.34191769056081,DOWNTREND
752,1,49.24434967037484,DOWNTREND
754,-1,50.414502122229564,DOWNTREND
756,-1,58.64073418979693,UPTREND
758,-1,64.06690456354858,UPTREND
760,1,60.3392091506782,UPTREND
762,1,59.23178040885702,UPTREND
764,-1,57.5399964622701,UPTREND
766,-1,59.56708594836919,UPTREND
768,-1,59.32898190741982,UPTREND
770,-1,59.50829339698316,UPTREND
772,-1,55.81049260542642,UPTREND
774,1,48.45502070507312,UPTREND
776,1,41.82528699325372,UPTREND
778,-1,51.589211541889036,UPTREND
780,-1,46.30250858998915,UPTREND
782,-1,46.41745740737005,UPTREND
784,-1,45.17110841004598,UPTREND
786,1,58.123146715096205,UPTREND
788,1,58.479735544762825,UPTREND
790,-1,60.43836879909182,UPTREND
792,-1,43.973565248244824,DOWNTREND
794,1,41.47528171115877,DOWNTREND
796,-1,44.804013860954896,DOWNTREND
798,-1,37.852269824351986,DOWNTREND
800,-1,43.137368434085346,DOWNTREND
802,-1,46.27116864802875,DOWNTREND
804,-1,53.91955701665523,DOWNTREND
806,1,50.94175440032591,DOWNTREND
808,-1,50.74928537077025,DOWNTREND
810,-1,52.88659796381984,DOWNTREND
812,-1,51.754299846809275,DOWNTREND
814,-1,56.90897934335791,UPTREND
816,-1,53.876697261410186,UPTREND
818,-1,46.11977015474064,DOWNTREND
820,-1,43.57667756996539,DOWNTREND
822,-1,49.209767240167274,DOWNTREND
824,-1,61.93472828602525,UPTREND
826,1,59.64473759121581,UPTREND
828,1,51.01156691497175,UPTREND
830,1,49.84472396035332,UPTREND
832,-1,49.953377261235616,UPTREND
834,1,63.21886013894848,UPTREND
836,1,55.52000483268763,UPTREND
838,1,59.8447283106048,UPTREND
840,-1,52.3376859701149,UPTREND
842,-1,54.277479939620136,UPTREND
844,1,54.63908334001397,UPTREND
846,1,69.53887758041955,UPTREND
848,-1,69.19954348899935,UPTREND
850,-1,67.32583646109822,UPTREND
852,1,68.72866917964144,UPTREND
854,-1,67.54502267436166,UPTREND
856,1,64.93218228038896,UPTREND
858,1,66.98026798174908,UPTREND
860,-1,65.63670816418562,UPTREND
862,-1,60.860282597374265,UPTREND
864,-1,54.08021821222288,UPTREND
866,-1,49.71224759747392,UPTREND
868,-1,43.46354326515061,UPTREND
870,-1,42.14206253412846,UPTREND
872,-1,28.61316976446936,DOWNTREND
874,1,36.89485567711249,DOWNTREND
876,1,32.44683534516268,DOWNTREND
878,1,34.639057681020034,DOWNTREND
880,1,42.90383900492653,DOWNTREND
882,-1,39.58340525556057,DOWNTREND
884,1,38.621126832898355,DOWNTREND
886,1,41.72171484776394,DOWNTREND
888,1,39.7638569799314,DOWNTREND
890,-1,43.97831658992153,DOWNTREND
892,-1,43.32507010456681,DOWNTREND
894,-1,41.379919700395675,DOWNTREND
896,-1,39.16025017576584,DOWNTREND
898,1,36.970636971525785,DOWNTREND
900,-1,40.82822439670314,DOWNTREND
902,1,37.253345551499095,DOWNTREND
904,1,45.4717285748375,DOWNTREND
906,1,45.74121213976449,DOWNTREND
908,-1,52.26741754707731,DOWNTREND
910,-1,51.81482922595193,DOWNTREND
912,1,42.79368476414071,DOWNTREND
914,1,33.25829020242483,DOWNTREND
916,1,33.24903907696756,DOWNTREND
918,-1,48.30187705588287,DOWNTREND
920,-1,41.29160135952851,DOWNTREND
922,1,38.284403600223364,DOWNTREND
924,1,34.78813739028065,DOWNTREND
926,1,40.86838582338601,DOWNTREND
928,1,37.685993655770574,DOWNTREND
930,1,25.619974043775386,DOWNTREND
932,1,29.429071604687408,DOWNTREND
934,1,34.70169063882858,DOWNTREND
936,-1,37.01313135184344,DOWNTREND
938,1,38.18767750426133,DOWNTREND
940,1,39.975180403479946,DOWNTREND
942,1,41.110597163077266,DOWNTREND
944,1,48.53246435164269,DOWNTREND
946,1,50.103582580215715,DOWNTREND
948,1,63.94907655245428,UPTREND
950,1,58.16267657506046,UPTREND
952,1,62.71825013588978,UPTREND
954,1,64.64930744816493,UPTREND
956,-1,54.75018679686886,UPTREND
958,-1,54.50519007985201,UPTREND
960,-1,59.92148857094578,UPTREND
962,-1,63.194105805902446,UPTREND
964,-1,61.4212350008084,UPTREND
966,-1,61.826934094317814,UPTREND
968,-1,56.57653255042346,UPTREND
970,-1,56.08371255393592,UPTREND
972,-1,67.44040087938237,UPTREND
974,-1,69.14913991627057,UPTREND
976,-1,62.538922939848845,UPTREND
978,-1,62.848803412293954,UPTREND
980,-1,65.1977597720807,UPTREND
982,-1,62.798203017058334,UPTREND
984,-1,59.287541109692576,UPTREND
986,-1,45.716174594202634,UPTREND
988,-1,46.787028217024464,UPTREND
990,-1,41.03257736817342,UPTREND
992,-1,42.72545615278171,DOWNTREND
994,-1,53.29362081727464,UPTREND
996,-1,56.81508417972017,UPTREND
998,-1,59.96147161812027,UPTREND
1000,1,54.14098042759881,UPTREND
1002,1,55.28957822523025,UPTREND
1004,-1,66.3230294350665,UPTREND
1006,-1,68.6496719054361,UPTREND
1008,-1,71.23866297614917,UPTREND
1010,-1,71.62723769498966,UPTREND
1012,-1,68.39318963146997,UPTREND
1014,1,61.53122394025877,UPTREND
1016,-1,60.65881930130832,UPTREND
1018,-1,62.034565999878815,UPTREND
1020,-1,62.913890130060885,UPTREND
1022,-1,60.58150742044707,UPTREND
1024,1,56.01420732655338,UPTREND
1026,-1,59.722731615118725,UPTREND
1028,-1,69.56608812158719,UPTREND
1030,1,57.50467173502877,UPTREND
1032,1,55.168883552110394,UPTREND
1034,-1,52.83696155213492,UPTREND
1036,-1,56.310891928141835,UPTREND
1038,-1,62.75162581763443,UPTREND
1040,-1,63.96870345042075,UPTREND
1042,1,55.86276040963968,UPTREND
1044,-1,48.1275733652068,UPTREND
1046,-1,52.167983081095734,UPTREND
1048,-1,61.09265283904082,UPTREND
1050,-1,60.811417425328585,UPTREND
1052,-1,65.54724517296194,UPTREND
1054,-1,65.88187486645279,UPTREND
1056,-1,64.85776601513194,UPTREND
1058,-1,67.9409873583319,UPTREND
1060,1,63.87835010974865,UPTREND
1062,-1,62.10910740145716,UPTREND
1064,-1,62.7109217201532,UPTREND
1066,1,59.399802129253686,UPTREND
1068,1,62.616628602159686,UPTREND
1070,1,42.23228832135745,UPTREND
1072,1,35.21367555525897,DOWNTREND
1074,1,32.532382987627656,DOWNTREND
1076,-1,37.87896068790854,DOWNTREND
1078,-1,39.51874881806756,DOWNTREND
1080,-1,25.78980728411166,DOWNTREND
1082,1,33.02939796630892,DOWNTREND
1084,1,29.926076445092647,DOWNTREND
1086,1,29.381758362471246,DOWNTREND
1088,1,40.49181049808417,DOWNTREND
1090,1,36.90652844246569,DOWNTREND
1092,-1,39.88271209142069,DOWNTREND
1094,-1,40.11354345817029,DOWNTREND
1096,-1,44.71364856005574,DOWNTREND
1098,-1,52.784873042366556,DOWNTREND
1100,-1,48.30919567935716,DOWNTREND
1102,1,51.29331683118406,DOWNTREND
1104,1,47.79783160843732,DOWNTREND
1106,-1,48.14542062613539,DOWNTREND
1108,-1,50.873726808301555,DOWNTREND
1110,-1,56.46152049023611,DOWNTREND
1112,-1,64.9536723718166,UPTREND
1114,-1,58.99299019113334,UPTREND
1116,-1,59.83227144342938,UPTREND
1118,1,50.825637741893765,UPTREND
1120,1,50.88891407819259,UPTREND
1122,1,47.154060166109666,UPTREND
1124,1,49.07944438326441,UPTREND
1126,1,46.826974319416074,UPTREND
1128,-1,35.680594445878285,DOWNTREND
1130,1,36.01931295169814,DOWNTREND
1132,1,41.578268554294326,DOWNTREND
1134,1,30.049755852715236,DOWNTREND
1136,1,40.76057220530953,DOWNTREND
1138,1,46.97077624479284,DOWNTREND
1140,-1,62.13793275750593,UPTREND
1142,1,57.11662002145475,UPTREND
1144,1,59.841005454566684,UPTREND
1146,-1,59.6094986503621,UPTREND
1148,-1,55.39290413256174,UPTREND
1150,1,53.28758114144394,UPTREND
1152,1,54.722998451847864,UPTREND
1154,1,66.74967741539712,UPTREND
1156,-1,70.265147734533,UPTREND
1158,-1,75.12515398464899,UPTREND
1160,-1,66.895118316532,UPTREND
1162,-1,65.32033995893514,UPTREND
1164,-1,73.76969721056388,UPTREND
1166,-1,74.33229358482888,UPTREND
1168,-1,76.94628734362152,UPTREND
1170,-1,74.61140914849912,UPTREND
1172,-1,72.6672588987959,UPTREND
1174,-1,61.588497984690946,UPTREND
1176,-1,57.785029240477314,UPTREND
1178,-1,63.10497858482983,UPTREND
1180,-1,62.59206468684975,UPTREND
1182,-1,67.55648774915477,UPTREND
1184,-1,65.45728643594498,UPTREND
1186,1,60.54766116824274,UPTREND
1188,1,61.088569898577084,UPTREND
1190,-1,59.96101918760777,UPTREND
1192,1,62.338866348219035,UPTREND
1194,-1,62.300380498794304,UPTREND
1196,-1,65.82104619777469,UPTREND
1198,-1,54.058121091621025,UPTREND
1200,-1,48.35412960601784,UPTREND
1202,1,44.43012288041035,UPTREND
1204,1,43.38346384661949,DOWNTREND
1206,-1,46.46083979198941,DOWNTREND
1208,-1,41.02277913393682,DOWNTREND
1210,1,33.54445062455876,DOWNTREND
1212,1,36.56120538319957,DOWNTREND
1214,-1,48.855880404250925,DOWNTREND
1216,-1,50.07525930888555,DOWNTREND
1218,-1,62.49551133555863,UPTREND
1220,-1,57.584921912257116,UPTREND
1222,-1,57.321836460417344,UPTREND
1224,1,42.926114295091864,DOWNTREND
1226,-1,44.297868047989944,DOWNTREND
1228,-1,47.21125342133198,DOWNTREND
1230,-1,48.27329837049529,DOWNTREND
1232,-1,49.9393603990457,DOWNTREND
1234,-1,47.68761078229341,DOWNTREND
1236,-1,57.364203195922656,UPTREND
1238,-1,54.56423492513016,UPTREND
1240,-1,65.44694234419069,UPTREND
1242,-1,70.24237989529576,UPTREND
1244,-1,77.18625335020555,UPTREND
1246,-1,79.39268909655884,UPTREND
1248,-1,83.16841694788828,UPTREND
1250,-1,76.10293623540112,UPTREND
1252,-1,72.27890152422614,UPTREND
1254,-1,68.94677118484654,UPTREND
1256,-1,72.39254431532056,UPTREND
1258,-1,69.40750939588416,UPTREND
1260,-1,44.14340967033083,UPTREND
1262,-1,38.99460267936948,UPTREND
1264,-1,45.93774484262645,UPTREND
1266,1,40.44786754877266,DOWNTREND
1268,-1,43.99850974192466,UPTREND
1270,-1,44.41386766818941,UPTREND
1272,-1,43.89977333148598,DOWNTREND
1274,-1,34.23309459999618,DOWNTREND
1276,-1,34.176932894530026,DOWNTREND
1278,-1,40.64901757039233,DOWNTREND
1280,-1,45.54640880242838,DOWNTREND
1282,1,43.5567851991094,DOWNTREND
1284,1,34.940118201818606,DOWNTREND
1286,1,40.66051552901213,DOWNTREND
1288,-1,47.85217907767615,DOWNTREND
1290,-1,49.61853421541041,DOWNTREND
1292,-1,76.71899614812905,UPTREND
1294,-1,72.01495442870524,UPTREND
1296,-1,76.15694610991827,UPTREND
1298,-1,70.26107577469696,UPTREND
1300,-1,67.99448273914174,UPTREND
1302,-1,73.87038699901322,UPTREND
1304,-1,68.60473158602557,UPTREND
1306,-1,67.69313329130529,UPTREND
1308,-1,71.63615876792566,UPTREND
1310,-1,66.24286592020269,UPTREND
1312,-1,66.72526568018696,UPTREND
1314,-1,63.62281754354879,UPTREND
1316,-1,69.5080569822343,UPTREND
1318,-1,79.52440814954522,UPTREND
1320,-1,78.0641667983922,UPTREND
1322,-1,83.24982107505035,UPTREND
1324,-1,80.57621243269276,UPTREND
1326,-1,87.44184027854692,UPTREND
1328,-1,85.58753337703469,UPTREND
1330,-1,74.77541963274629,UPTREND
1332,-1,75.90972072630089,UPTREND
1334,-1,67.46622780684584,UPTREND
1336,-1,68.84015768514558,UPTREND
1338,-1,67.6585271586761,UPTREND
1340,-1,66.11217628360811,UPTREND
1342,-1,69.49417100553265,UPTREND
1344,-1,59.20221248887949,UPTREND
1346,-1,54.73493923741856,UPTREND
1348,-1,58.30764718709434,UPTREND
1350,-1,58.85664120518027,UPTREND
1352,-1,60.838621579072374,UPTREND
1354,-1,60.46792333955114,UPTREND
1356,-1,59.509217185495835,UPTREND
1358,-1,55.76842354106008,UPTREND
1360,-1,57.349174004942654,UPTREND
1362,-1,54.05416289423154,UPTREND
1364,-1,56.80548680576649,UPTREND
1366,-1,53.23124595618893,UPTREND
1368,-1,53.064005293693135,UPTREND
1370,-1,56.116608506547266,UPTREND
1372,1,56.956903854471015,UPTREND
1374,-1,62.92021214171883,UPTREND
1376,-1,56.258573484500126,UPTREND
1378,1,61.912077099389144,UPTREND
1380,-1,61.87978637481526,UPTREND
1382,-1,67.90368249957953,UPTREND
1384,-1,73.60989472475129,UPTREND
1386,-1,68.94413233155662,UPTREND
1388,-1,71.50539308296624,UPTREND
1390,-1,70.32076583908525,UPTREND
1392,-1,70.20588383357803,UPTREND
1394,-1,67.06589086058634,UPTREND
1396,-1,65.12913505365619,UPTREND
1398,1,57.38024213311766,UPTREND
1400,1,61.33114228969108,UPTREND
1402,-1,53.269723981865326,UPTREND
1404,1,47.454151958038764,UPTREND
1406,-1,56.33043583629814,UPTREND
1408,-1,57.898344744848245,UPTREND
1410,-1,38.537241724271425,DOWNTREND
1412,-1,41.107616386821,DOWNTREND
1414,-1,34.123113111547056,DOWNTREND
1416,-1,33.2376717388814,DOWNTREND
1418,1,38.492661700778264,DOWNTREND
1420,1,42.99173350095832,DOWNTREND
1422,-1,57.19303702718651,UPTREND
1424,-1,51.872364071605155,DOWNTREND
1426,-1,51.78291665383505,DOWNTREND
1428,-1,50.119004805587664,DOWNTREND
1430,-1,57.48147031302768,UPTREND
1432,-1,59.048372469953826,UPTREND
1434,1,58.029032617489754,UPTREND
1436,-1,53.883142814800394,UPTREND
1438,1,51.60339291629584,DOWNTREND
1440,-1,55.54157627915133,UPTREND
1442,-1,51.27353114355601,UPTREND
1444,-1,55.95520211137442,UPTREND
1446,-1,56.29987983423816,UPTREND
1448,-1,50.53231121418901,UPTREND
1450,1,41.24529340949982,DOWNTREND
1452,-1,47.09788045637305,UPTREND
1454,1,48.78507649293256,UPTREND
1456,1,42.46017267356122,DOWNTREND
1458,-1,45.79026628702363,DOWNTREND
1460,-1,48.20037789654282,UPTREND
1462,-1,50.910309148372015,UPTREND
1464,1,57.03721071704257,UPTREND
1466,1,76.00401315538633,UPTREND
1468,-1,72.40060920255704,UPTREND
1470,-1,54.36520394637369,UPTREND
1472,-1,49.65184636227241,UPTREND
1474,1,50.83140455071383,UPTREND
1476,-1,61.912733963553315,UPTREND
1478,-1,53.33603169186921,UPTREND
1480,-1,54.46943769126444,UPTREND
1482,-1,56.23394807601993,UPTREND
1484,1,55.42589658648359,UPTREND
1486,1,54.090781428504876,UPTREND
1488,-1,56.22741680506661,UPTREND
1490,-1,49.03626851967569,UPTREND
1492,-1,44.33567001557046,DOWNTREND
1494,1,39.98197235711215,DOWNTREND
1496,-1,39.7364428881881,DOWNTREND
1498,-1,45.02514074265248,DOWNTREND
1500,-1,37.24691904275669,DOWNTREND
1502,-1,46.73597946061956,DOWNTREND
1504,-1,51.81052431700686,DOWNTREND
1506,-1,63.688782583008134,UPTREND
1508,-1,63.03124142974591,UPTREND
1510,-1,58.52347664941047,UPTREND
1512,-1,51.39929568483706,UPTREND
1514,-1,52.30352462160929,UPTREND
1516,-1,55.25899011505908,UPTREND
1518,1,59.759448950812,UPTREND
1520,-1,62.32137206783144,UPTREND
1522,1,58.87111440106444,UPTREND
1524,-1,56.74960626799086,UPTREND
1526,-1,59.21845793111882,UPTREND
1528,1,64.54468844554364,UPTREND
1530,1,67.58002576829595,UPTREND
1532,-1,73.27408629757308,UPTREND
1534,-1,62.87019171036554,UPTREND
1536,-1,73.42035725887973,UPTREND
1538,1,71.88609966882214,UPTREND
1540,-1,71.39360341866485,UPTREND
1542,1,68.36520827473618,UPTREND
1544,1,53.88262779973339,UPTREND
1546,-1,55.136058467291775,UPTREND
1548,-1,42.10446753137489,UPTREND
1550,-1,38.137253628909775,DOWNTREND
1552,-1,45.02697600633391,DOWNTREND
1554,-1,29.222844741177738,DOWNTREND
1556,1,29.74077288575664,DOWNTREND
1558,-1,23.646580450060398,DOWNTREND
1560,-1,40.178077575503046,DOWNTREND
1562,-1,41.65888536554964,DOWNTREND
1564,1,44.68573510799767,DOWNTREND
1566,1,42.00308902746267,DOWNTREND
1568,1,41.188517076810946,DOWNTREND
1570,1,42.84349522723877,DOWNTREND
1572,1,36.203716571493814,DOWNTREND
1574,-1,41.879626848325955,DOWNTREND
1576,1,42.40911694135224,DOWNTREND
1578,1,33.85906902705106,DOWNTREND
1580,-1,40.74169327335677,DOWNTREND
1582,1,41.188807973161914,DOWNTREND
1584,-1,53.57259610355829,DOWNTREND
1586,-1,54.45359660261413,DOWNTREND
1588,-1,53.87646255300082,DOWNTREND
1590,-1,57.98568531702182,UPTREND
1592,1,57.164363676815036,UPTREND
1594,-1,42.855851516527245,DOWNTREND
1596,-1,44.763326099522004,DOWNTREND
1598,1,46.77564163444655,DOWNTREND
1600,1,50.11858514450698,UPTREND
1602,-1,42.30297510267412,DOWNTREND
1604,1,42.24917486912397,DOWNTREND
1606,1,43.460371634979495,DOWNTREND
1608,1,45.4518535420502,DOWNTREND
1610,-1,46.31874893399177,DOWNTREND
1612,-1,45.57889429258629,DOWNTREND
1614,1,38.18416197143987,DOWNTREND
1616,1,39.06682203935082,DOWNTREND
1618,1,40.89790585215869,DOWNTREND
1620,1,47.8232303612341,DOWNTREND
1622,1,39.37591403977934,DOWNTREND
1624,1,49.233648831873545,DOWNTREND
1626,-1,48.73044807785553,DOWNTREND
1628,-1,47.47457914480609,DOWNTREND
1630,-1,45.56669641474656,DOWNTREND
1632,-1,52.06277456994353,DOWNTREND
1634,1,54.22650874151496,DOWNTREND
1636,1,62.711523248444976,UPTREND
1638,-1,64.51458241605756,UPTREND
1640,1,62.37311633887847,UPTREND
1642,-1,59.050340182336484,UPTREND
1644,-1,67.38205602486971,UPTREND
1646,1,64.20220176111627,UPTREND
1648,1,61.16966135588148,UPTREND
1650,1,62.107846829419486,UPTREND
1652,1,62.089523805714194,UPTREND
1654,1,56.07116319264815,UPTREND
1656,1,59.30065562166459,UPTREND
1658,1,65.93720181534526,UPTREND
1660,1,66.8885064607559,UPTREND
1662,-1,75.70379914135503,UPTREND
1664,-1,71.60339758049946,UPTREND
1666,1,63.014023590049256,UPTREND
1668,1,37.86449721335815,DOWNTREND
1670,1,39.149888116702485,DOWNTREND
1672,1,33.88387416850149,DOWNTREND
1674,1,31.87157141016573,DOWNTREND
1676,-1,33.657975778425,DOWNTREND
1678,1,32.758267543522706,DOWNTREND
1680,-1,30.381994644019855,DOWNTREND
1682,1,40.61283755223103,DOWNTREND
1684,1,47.41429741002511,DOWNTREND
1686,-1,49.35389377998939,DOWNTREND
1688,1,44.96157178660723,DOWNTREND
1690,-1,47.070785204444,DOWNTREND
1692,-1,45.322246468030976,DOWNTREND
1694,1,47.50298428047503,DOWNTREND
1696,1,45.41504552216495,DOWNTREND
1698,-1,48.207972542588685,DOWNTREND
1700,-1,45.72196482800514,DOWNTREND
1702,1,29.698763164234123,DOWNTREND
1704,1,39.669062246591544,DOWNTREND
1706,-1,53.121764780098125,DOWNTREND
1708,-1,60.35506151481742,UPTREND
1710,-1,60.1815802432774,UPTREND
1712,-1,63.61391539131936,UPTREND
1714,-1,59.38600478878553,UPTREND
1716,-1,71.13194440352305,UPTREND
1718,-1,65.81170865616124,UPTREND
1720,-1,62.56694904154184,UPTREND
1722,-1,67.36214644035215,UPTREND
1724,-1,68.15763528567024,UPTREND
1726,1,71.97229147814227,UPTREND
1728,-1,80.21298294660428,UPTREND
1730,-1,66.22884790004716,UPTREND
1732,-1,64.61773282071513,UPTREND
1734,-1,66.36366806177293,UPTREND
1736,-1,68.24879660276515,UPTREND
1738,-1,63.3240052354634,UPTREND
1740,-1,69.62289567653826,UPTREND
1742,-1,48.503515644172666,UPTREND
1744,-1,65.47248626810324,UPTREND
1746,-1,51.31360265575557,UPTREND
1748,-1,49.475189831101225,UPTREND
1750,1,51.86424952056155,UPTREND
1752,-1,59.781352001729516,UPTREND
1754,-1,55.35083573382455,UPTREND
1756,1,53.7794831823812,UPTREND
1758,-1,52.15114041676876,UPTREND
1760,1,45.04275761773652,DOWNTREND
1762,-1,43.51924455971656,DOWNTREND
1764,-1,49.97162136544436,UPTREND
1766,-1,50.35115789544725,UPTREND
1768,-1,55.42701796650831,UPTREND
1770,-1,56.42820814998215,UPTREND
1772,-1,53.76977453139954,UPTREND
1774,-1,51.36787337016415,UPTREND
1776,-1,53.11012623069827,UPTREND
1778,-1,53.06701590106856,UPTREND
1780,-1,51.55516407251918,UPTREND
1782,-1,53.18722866981691,UPTREND
1784,1,34.45910953527962,DOWNTREND
1786,-1,26.774955456706792,DOWNTREND
1788,1,36.067453189605104,DOWNTREND
1790,-1,48.61818418667691,DOWNTREND
1792,1,49.1029265800222,DOWNTREND
1794,-1,47.591239269643076,DOWNTREND
1796,-1,46.5827114292521,DOWNTREND
1798,-1,49.50635626019882,DOWNTREND
1800,-1,53.99982379315358,DOWNTREND
1802,-1,60.53765834598216,UPTREND
1804,-1,60.84521822437778,UPTREND
1806,-1,62.55652263364702,UPTREND
1808,-1,53.57312643768012,UPTREND
1810,-1,55.656937591300014,UPTREND
1812,-1,42.59601885660589,DOWNTREND
1814,-1,42.45106088965159,DOWNTREND
1816,1,41.40965152959854,DOWNTREND
1818,1,39.62004537424595,DOWNTREND
1820,1,29.413657273950406,DOWNTREND
1822,1,30.034776442282237,DOWNTREND
1824,-1,29.93763985849212,DOWNTREND
1826,1,19.755961441748966,DOWNTREND
1828,-1,27.384569807838233,DOWNTREND
1830,-1,55.33177573875121,UPTREND
1832,1,51.08724675253693,DOWNTREND
1834,1,46.254750744760905,DOWNTREND
1836,1,46.01058014330418,DOWNTREND
1838,-1,43.73670192900483,DOWNTREND
1840,-1,44.660684687562224,DOWNTREND
1842,1,41.517530496661614,DOWNTREND
1844,1,42.75549933168814,DOWNTREND
1846,1,50.10178215795084,DOWNTREND
1848,1,39.03775092613149,DOWNTREND
1850,-1,46.080824634123886,DOWNTREND
1852,1,48.05485167302233,DOWNTREND
1854,1,44.77005843243659,DOWNTREND
1856,-1,44.268034334285844,DOWNTREND
1858,1,41.920323007302386,DOWNTREND
1860,1,45.17250095004448,DOWNTREND
1862,-1,49.526452030008,DOWNTREND
1864,1,45.46757653672739,DOWNTREND
1866,-1,42.76466665792986,DOWNTREND
1868,-1,48.09527375029003,DOWNTREND
1870,1,53.65870772479368,UPTREND
1872,1,51.55720778635399,DOWNTREND
1874,-1,53.310654423249204,UPTREND
1876,1,56.95789778532232,UPTREND
1878,-1,36.24782495034328,DOWNTREND
1880,1,39.397819641694646,DOWNTREND
1882,-1,45.05065924522843,DOWNTREND
1884,1,52.66664162498997,UPTREND
1886,1,53.82853605728507,UPTREND
1888,-1,44.65893297252212,DOWNTREND
1890,-1,43.03703739386236,DOWNTREND
1892,-1,52.948467106925555,UPTREND
1894,-1,51.292430808905344,UPTREND
1896,-1,58.23595484740267,UPTREND
1898,-1,55.71718205309047,UPTREND
1900,1,55.110481262633435,UPTREND
1902,-1,54.26510246242952,UPTREND
1904,-1,54.341688040681746,UPTREND
1906,1,51.97449174241509,UPTREND
1908,-1,49.03956425371373,UPTREND
1910,1,41.33632774036895,DOWNTREND
1912,1,39.9996256943856,DOWNTREND
1914,1,35.298622555981666,DOWNTREND
1916,-1,44.999639440657305,DOWNTREND
1918,1,40.45897646906549,DOWNTREND
1920,1,29.228206274939097,DOWNTREND
1922,-1,46.1603445699071,DOWNTREND
1924,-1,52.44624879126808,DOWNTREND
1926,-1,50.64301522613334,DOWNTREND
1928,-1,57.37544123229435,UPTREND
1930,1,58.169624316587445,UPTREND
1932,1,65.20135570091145,UPTREND
1934,1,62.265477016577144,UPTREND
1936,-1,65.47322934068913,UPTREND
1938,-1,39.14200150369596,DOWNTREND
1940,-1,46.33271821856629,DOWNTREND
1942,1,48.4330201722692,DOWNTREND
1944,1,48.917295736768544,DOWNTREND
1946,1,47.01533716112969,DOWNTREND
1948,1,44.43597613070672,DOWNTREND
1950,1,42.5888116578759,DOWNTREND
1952,-1,41.21527946693916,DOWNTREND
1954,-1,45.0458859413489,DOWNTREND
1956,1,33.12748242281843,DOWNTREND
1958,1,29.246686033905874,DOWNTREND
1960,1,21.409311129631988,DOWNTREND
1962,1,22.855137939761136,DOWNTREND
1964,1,29.37717221183675,DOWNTREND
1966,1,28.537045552489744,DOWNTREND
1968,1,18.121562652855957,DOWNTREND
1970,1,26.971596954386683,DOWNTREND
1972,1,35.408603234548096,DOWNTREND
1974,1,28.564823315888063,DOWNTREND
1976,1,23.41754849725183,DOWNTREND
1978,1,27.922348009324296,DOWNTREND
1980,1,42.95583274874626,DOWNTREND
1982,1,46.140528074755586,DOWNTREND
1984,1,44.08539384812988,DOWNTREND
1986,1,47.55777396758469,DOWNTREND
1988,1,49.09755174034747,DOWNTREND
1990,1,50.063440589374444,DOWNTREND
1992,1,71.64838963252245,UPTREND
1994,-1,66.1868453864102,UPTREND
1996,-1,65.62487263633932,UPTREND
1998,-1,42.93822949663618,DOWNTREND
2000,1,39.78292291620161,DOWNTREND
2002,1,40.621660948854554,DOWNTREND
2004,1,52.88453836995817,UPTREND
2006,1,49.55030134411207,UPTREND
2008,1,56.672836776477325,UPTREND
2010,1,55.87328845183931,UPTREND
2012,-1,59.92522092691072,UPTREND
2014,1,59.09161454911033,UPTREND
2016,-1,49.69503007246541,UPTREND
2018,1,45.53683674709287,UPTREND
2020,1,51.045183420266895,UPTREND
2022,1,47.73359896483741,UPTREND
2024,1,42.472557718962605,DOWNTREND
2026,1,42.78362483661606,DOWNTREND
2028,1,44.01832663617216,DOWNTREND
2030,1,43.575077677093645,DOWNTREND
2032,1,39.322059748584266,DOWNTREND
2034,1,31.85490787375352,DOWNTREND
2036,1,34.34772362730172,DOWNTREND
2038,1,42.02270468981577,DOWNTREND
2040,1,30.408105842345577,DOWNTREND
2042,1,33.90691588362998,DOWNTREND
2044,1,43.44364379495068,DOWNTREND
2046,1,49.159915162902806,DOWNTREND
2048,1,45.765438494569274,DOWNTREND
2050,1,49.35736568365599,DOWNTREND
2052,1,49.47653761586253,DOWNTREND
2054,1,51.951756598674,DOWNTREND
2056,1,49.32350020611472,DOWNTREND
2058,1,38.83959243530919,DOWNTREND
2060,1,46.88016957185914,DOWNTREND
2062,1,52.86963724421349,DOWNTREND
2064,1,57.5560782326592,UPTREND
2066,1,56.762371760261864,UPTREND
2068,1,54.57959367497484,UPTREND
2070,1,55.40031428503892,UPTREND
2072,1,55.554523572794615,UPTREND
2074,1,43.62745125360078,DOWNTREND
2076,1,47.95680171773562,UPTREND
2078,1,51.66937772172753,UPTREND
2080,-1,50.68514598153826,UPTREND
2082,1,56.717626438054715,UPTREND
2084,1,47.62313817652724,UPTREND
2086,1,44.07306337818444,DOWNTREND
2088,1,44.04936420930927,DOWNTREND
2090,1,49.05809781218179,UPTREND
2092,1,54.72260537252562,UPTREND
2094,1,63.211969497497414,UPTREND
2096,-1,61.884816632305544,UPTREND
2098,1,59.00817535282917,UPTREND
2100,1,50.07274166855706,UPTREND
2102,1,51.89417188467776,UPTREND
2104,1,49.123530592073585,UPTREND
2106,1,48.826452558077875,UPTREND
2108,1,51.20539256647404,UPTREND
2110,1,51.02154995315593,UPTREND
2112,1,50.38531176869252,UPTREND
2114,1,51.11102943866729,UPTREND
2116,1,55.832642048416275,UPTREND
2118,1,58.16896757537873,UPTREND
2120,-1,69.18898233025061,UPTREND
2122,1,75.14568311252708,UPTREND
2124,-1,76.11628360628272,UPTREND
2126,1,57.2245056008514,UPTREND
2128,1,62.48554193158073,UPTREND
2130,1,66.60433369615055,UPTREND
2132,1,57.328244361590144,UPTREND
2134,-1,61.55117431293694,UPTREND
2136,1,50.2894178456837,UPTREND
2138,-1,57.72182388022719,UPTREND
2140,1,51.82784504048775,UPTREND
2142,-1,52.73550903757702,UPTREND
2144,1,50.01433886525216,UPTREND
2146,1,39.17725721028566,DOWNTREND
2148,1,31.49182031778132,DOWNTREND
2150,1,36.152108513677454,DOWNTREND
2152,1,27.61165638006058,DOWNTREND
2154,1,32.212336390523035,DOWNTREND
2156,1,36.15764918093141,DOWNTREND
2158,1,36.47128343387629,DOWNTREND
2160,1,32.97059433513836,DOWNTREND
2162,1,27.262554491377017,DOWNTREND
2164,1,35.566859929259664,DOWNTREND
2166,1,41.102943947745345,DOWNTREND
2168,-1,45.58068815963204,DOWNTREND
2170,1,53.345176155321255,DOWNTREND
2172,-1,59.182193508499985,DOWNTREND
2174,1,55.042253772440276,DOWNTREND
2176,1,55.0421430166881,DOWNTREND
2178,-1,67.92797152374197,UPTREND
2180,1,46.74147524763294,DOWNTREND
2182,1,45.00260119253502,DOWNTREND
2184,1,40.4302017067291,DOWNTREND
2186,1,45.446965770087026,DOWNTREND
2188,-1,45.43281075978865,DOWNTREND
2190,1,52.02608524168553,UPTREND
2192,-1,50.017140856200754,DOWNTREND
2194,1,49.060799837847185,DOWNTREND
2196,-1,46.010239827780225,DOWNTREND
2198,-1,49.11020717379763,DOWNTREND
2200,1,46.03796765856751,DOWNTREND
2202,1,30.65161078613494,DOWNTREND
2204,1,25.137820720655554,DOWNTREND
2206,1,29.589400931833566,DOWNTREND
2208,1,37.84488801225652,DOWNTREND
2210,1,46.05235874751546,DOWNTREND
2212,1,46.78549323450792,DOWNTREND
2214,1,36.18539093627418,DOWNTREND
2216,1,31.423591864723846,DOWNTREND
2218,1,39.31560020661017,DOWNTREND
2220,1,58.33496981057373,UPTREND
2222,1,56.18396310788666,UPTREND
2224,1,56.38652931534003,UPTREND
2226,1,49.19290522706348,DOWNTREND
2228,1,52.94467761441228,UPTREND
2230,-1,56.823029585446534,UPTREND
2232,-1,61.76944166944019,UPTREND
2234,-1,57.90540439256773,UPTREND
2236,-1,59.32639642204869,UPTREND
2238,-1,63.53648391866439,UPTREND
2240,-1,65.060993258349,UPTREND
2242,-1,59.66033043407936,UPTREND
2244,-1,56.4129991751007,UPTREND
2246,-1,58.867754338360974,UPTREND
2248,-1,60.58605026707507,UPTREND
2250,-1,59.024851428230555,UPTREND
2252,-1,60.61636194253914,UPTREND
2254,-1,61.1826741047601,UPTREND
2256,1,50.11132240945535,UPTREND
2258,-1,48.31114150549478,UPTREND
2260,-1,50.98560260004498,UPTREND
2262,-1,52.284353265736314,UPTREND
2264,1,49.940207566991745,UPTREND
2266,-1,53.73699736952784,UPTREND
2268,-1,55.84274700961692,UPTREND
2270,-1,55.371171898828784,UPTREND
2272,-1,53.72026495809564,UPTREND
2274,-1,52.46916380918068,UPTREND
2276,-1,55.75328036508986,UPTREND
2278,-1,58.95161382997482,UPTREND
2280,-1,56.94895195752226,UPTREND
2282,-1,57.97887665331394,UPTREND
2284,-1,43.1020966353957,DOWNTREND
2286,1,50.48024342293621,UPTREND
2288,-1,71.65808672946682,UPTREND
2290,-1,66.93804269232373,UPTREND
2292,1,65.53850485280742,UPTREND
2294,-1,69.49042167047578,UPTREND
2296,-1,71.71008612504016,UPTREND
2298,-1,81.29685089538174,UPTREND
2300,-1,82.75731059601054,UPTREND
2302,-1,78.43166910761757,UPTREND
2304,-1,76.8781671385378,UPTREND
2306,-1,68.18486308859306,UPTREND
2308,-1,66.16771633138133,UPTREND
2310,-1,69.96852275856354,UPTREND
2312,-1,65.56041509677482,UPTREND
2314,-1,71.0308107227458,UPTREND
2316,-1,73.40268519574714,UPTREND
2318,-1,67.67194723062156,UPTREND
2320,-1,61.91962561086493,UPTREND
2322,-1,62.570099316096034,UPTREND
2324,-1,59.564671103761626,UPTREND
2326,-1,57.07782003932794,UPTREND
2328,-1,61.204241963871354,UPTREND
2330,1,54.60599586294524,UPTREND
2332,-1,65.30637670774392,UPTREND
2334,1,57.68998339125865,UPTREND
2336,-1,56.04724293881325,UPTREND
2338,-1,59.10456080317744,UPTREND
2340,1,59.57604217943198,UPTREND
2342,-1,55.91469983494789,UPTREND
2344,1,56.350044211197265,UPTREND
2346,-1,48.93393218856907,UPTREND
2348,-1,53.516289855787214,UPTREND
2350,-1,62.15521512319352,UPTREND
2352,-1,62.57910387900714,UPTREND
2354,-1,65.5806602161862,UPTREND
2356,1,62.03665724293378,UPTREND
2358,1,60.47644979556862,UPTREND
2360,-1,55.19307288112694,UPTREND
2362,1,51.658597820772556,UPTREND
2364,-1,54.76515121559354,UPTREND
2366,1,48.94453031123739,UPTREND
2368,1,46.21101147654666,UPTREND
2370,-1,47.95968684459434,UPTREND
2372,1,35.554755032545046,DOWNTREND
2374,-1,38.42374583478379,DOWNTREND
2376,-1,42.591921584150356,DOWNTREND
2378,1,44.038336121512735,DOWNTREND
2380,1,39.212607295617524,DOWNTREND
2382,-1,50.12338095678672,DOWNTREND
2384,-1,59.696156317110955,UPTREND
2386,-1,62.679327785877234,UPTREND
2388,-1,54.70581814430938,UPTREND
2390,-1,69.81155270298507,UPTREND
2392,-1,70.77890750483111,UPTREND
2394,-1,76.94719303733771,UPTREND
2396,-1,74.9014609569987,UPTREND
2398,-1,72.70222297718948,UPTREND
2400,-1,73.11133626677343,UPTREND
2402,-1,72.17621197712202,UPTREND
2404,-1,70.98559715275907,UPTREND
2406,1,68.5276401595716,UPTREND
2408,-1,67.63381417248772,UPTREND
2410,-1,67.84485470939978,UPTREND
2412,1,65.2176352854731,UPTREND
2414,-1,62.73256740657322,UPTREND
2416,-1,58.692148068552825,UPTREND
2418,1,46.216947533081026,UPTREND
2420,-1,45.891131242347356,UPTREND
2422,1,56.44313857284357,UPTREND
2424,1,61.15431119573136,UPTREND
2426,-1,53.7575780190217,UPTREND
2428,1,55.6332014765813,UPTREND
2430,-1,51.51116778165719,UPTREND
2432,-1,47.615491030293576,UPTREND
2434,1,46.15219833962462,DOWNTREND
2436,-1,51.098242097867335,UPTREND
2438,1,56.30121997411006,UPTREND
2440,-1,53.49832705776235,UPTREND
2442,-1,55.722316414058334,UPTREND
2444,-1,51.39657676409571,UPTREND
2446,-1,47.01300093435649,DOWNTREND
2448,-1,48.71210396575552,DOWNTREND
2450,-1,50.19297941432644,DOWNTREND
2452,-1,54.85777152985117,UPTREND
2454,1,52.49155351156079,UPTREND
2456,-1,49.39463475152066,DOWNTREND
2458,-1,46.547034501394975,DOWNTREND
2460,-1,57.69061514765564,UPTREND
2462,-1,58.68061245867638,UPTREND
2464,-1,55.30542642558294,UPTREND
2466,-1,63.25500037236243,UPTREND
2468,-1,62.05309536839934,UPTREND
2470,1,59.87631323048171,UPTREND
2472,-1,67.02327318854114,UPTREND
2474,-1,76.04449350519802,UPTREND
2476,1,70.65254079101115,UPTREND
2478,1,70.77406575615645,UPTREND
2480,-1,67.69668709469647,UPTREND
2482,1,54.12139901849429,UPTREND
2484,1,51.99779903449173,UPTREND
2486,-1,50.28786635034588,UPTREND
2488,1,54.30466825676239,UPTREND
2490,-1,53.00859944474639,UPTREND
2492,1,48.62759445641725,UPTREND
2494,1,44.42368976174829,UPTREND
2496,1,47.68853378078242,UPTREND
2498,-1,57.54832825779136,UPTREND
2500,-1,57.553326112119045,UPTREND
2502,-1,52.922866965379754,UPTREND
2504,-1,51.11158188174428,UPTREND
2506,-1,55.07067936655599,UPTREND
2508,-1,56.20588616689398,UPTREND
2510,-1,49.15789937477082,UPTREND
2512,1,49.2468372479676,UPTREND
2514,1,37.43486882556748,DOWNTREND
2516,-1,46.09861344219315,DOWNTREND
2518,1,51.60724565284126,DOWNTREND
2520,1,35.57715037021026,DOWNTREND
2522,1,38.26258396552857,DOWNTREND
2524,1,40.123337786431584,DOWNTREND
2526,1,34.821076661267554,DOWNTREND
2528,1,31.239025109335003,DOWNTREND
2530,1,30.766232311790773,DOWNTREND
2532,1,40.540049859785306,DOWNTREND
2534,1,38.792140595753374,DOWNTREND
2536,1,37.05062370666243,DOWNTREND
2538,1,46.56058833575238,DOWNTREND
2540,-1,44.83465275946636,DOWNTREND
2542,-1,40.83487916664563,DOWNTREND
2544,-1,43.76044090763418,DOWNTREND
2546,-1,51.16400806687822,DOWNTREND
2548,1,49.90038751889104,DOWNTREND
2550,-1,55.4077687976854,DOWNTREND
2552,1,50.458128666667214,DOWNTREND
2554,-1,47.44257107509628,DOWNTREND
2556,-1,46.268151146524744,DOWNTREND
2558,1,47.78097885338188,DOWNTREND
2560,1,46.60790536059825,DOWNTREND
2562,-1,30.2859196204719,DOWNTREND
2564,-1,37.03219038440188,DOWNTREND
2566,-1,47.074821153598926,DOWNTREND
2568,1,48.782368691717636,DOWNTREND
2570,1,52.54711381760414,UPTREND
2572,1,54.22402095215126,UPTREND
2574,-1,57.635122232895746,UPTREND
2576,1,55.51246760290298,UPTREND
2578,1,57.06323611240906,UPTREND
2580,-1,61.42750665902259,UPTREND
2582,1,54.85901097105082,UPTREND
2584,1,68.21222948387019,UPTREND
2586,1,71.2587250237539,UPTREND
2588,-1,70.75978790249556,UPTREND
2590,-1,68.9928426071221,UPTREND
2592,-1,66.71571484047868,UPTREND
2594,-1,65.00807384623997,UPTREND
2596,-1,61.019545564906686,UPTREND
2598,1,55.48039550999551,UPTREND
2600,-1,49.078063729662176,UPTREND
2602,1,42.89434842405253,UPTREND
2604,-1,42.36542564265977,UPTREND
2606,1,29.940751844395706,DOWNTREND
2608,1,36.33544022201444,DOWNTREND
2610,-1,37.88836461772615,DOWNTREND
2612,-1,40.754219855785784,DOWNTREND
2614,1,39.99828028218427,DOWNTREND
2616,-1,37.4672661129721,DOWNTREND
2618,-1,44.92133901077447,DOWNTREND
2620,1,41.23533218961418,DOWNTREND
2622,-1,44.736114879351675,DOWNTREND
2624,-1,50.470518422069546,DOWNTREND
2626,-1,57.39669447028335,UPTREND
2628,-1,67.7169512624813,UPTREND
2630,1,57.21656615699326,UPTREND
2632,1,45.679227131063946,DOWNTREND
2634,1,42.093027132666265,DOWNTREND
2636,1,45.49714783024407,DOWNTREND
2638,1,43.690229706455504,DOWNTREND
2640,-1,38.18909477691629,DOWNTREND
2642,-1,47.27408723149321,DOWNTREND
2644,1,45.577383640494226,DOWNTREND
2646,1,42.82468182766992,DOWNTREND
2648,-1,45.60911026757744,DOWNTREND
2650,-1,55.410546739810556,UPTREND
2652,1,39.27319627035345,DOWNTREND
2654,1,40.78203467378825,DOWNTREND
2656,-1,44.04183084343899,DOWNTREND
2658,-1,34.910087278132636,DOWNTREND
2660,-1,36.6915959298258,DOWNTREND
2662,1,40.234148857575335,DOWNTREND
2664,1,24.46048341901313,DOWNTREND
2666,-1,40.490852082382766,DOWNTREND
2668,1,42.18627257409844,DOWNTREND
2670,1,52.46782616236117,DOWNTREND
2672,-1,58.93642004779654,UPTREND
2674,-1,59.94696154041173,UPTREND
2676,-1,61.98250239433583,UPTREND
2678,-1,64.47701343796598,UPTREND
2680,-1,68.51615130944592,UPTREND
2682,-1,70.04802485033282,UPTREND
2684,-1,68.51060773481933,UPTREND
2686,-1,63.55539704882227,UPTREND
2688,-1,64.67898619685437,UPTREND
2690,1,62.21549272386984,UPTREND
2692,1,57.42487197538645,UPTREND
2694,-1,54.86176974698573,UPTREND
2696,-1,58.50685662123579,UPTREND
2698,-1,58.61617114388549,UPTREND
2700,1,56.56701644677587,UPTREND
2702,-1,56.11643828414388,UPTREND
2704,-1,66.9383113835655,UPTREND
2706,1,54.310081901145935,UPTREND
2708,-1,62.58245459976853,UPTREND
2710,-1,53.8779216585877,UPTREND
2712,-1,54.635524159477036,UPTREND
2714,-1,49.071415877037616,UPTREND
2716,-1,43.29626769120019,DOWNTREND
2718,-1,34.076889382185996,DOWNTREND
2720,-1,43.4179357289146,DOWNTREND
2722,1,55.05081020117436,UPTREND
2724,-1,68.14304576716151,UPTREND
2726,1,58.81527958686727,UPTREND
2728,-1,64.1374528310601,UPTREND
2730,-1,63.609504645624,UPTREND
2732,-1,58.46688428004774,UPTREND
2734,1,55.23211237955539,UPTREND
2736,-1,44.769608923566224,DOWNTREND
2738,-1,50.13369920365128,UPTREND
2740,-1,49.831888813696224,UPTREND
2742,-1,50.155812002299555,UPTREND
2744,-1,49.13756584363763,UPTREND
2746,-1,49.46658005865423,UPTREND
2748,-1,53.904053994814454,UPTREND
2750,-1,61.55890072491859,UPTREND
2752,-1,52.45559649133913,UPTREND
2754,1,46.308455929270124,DOWNTREND
2756,-1,44.9283596406376,DOWNTREND
2758,-1,54.171554311924275,UPTREND
2760,1,53.88476865311509,UPTREND
2762,-1,49.390888757858455,UPTREND
2764,-1,55.959910809390976,UPTREND
2766,-1,72.74511665775509,UPTREND
2768,-1,65.83803761107629,UPTREND
2770,-1,64.39273882782221,UPTREND
2772,-1,75.00899669162358,UPTREND
2774,-1,83.55304266799293,UPTREND
2776,-1,85.11169320317583,UPTREND
2778,-1,79.7465915725358,UPTREND
2780,-1,75.77492976630529,UPTREND
2782,-1,75.64410446348467,UPTREND
2784,-1,70.976711110385,UPTREND
2786,-1,71.11429167751788,UPTREND
2788,-1,72.37613496740339,UPTREND
2790,1,75.82123396496755,UPTREND
2792,-1,81.46206909352101,UPTREND
2794,-1,74.32477961148481,UPTREND
2796,-1,63.39905782021865,UPTREND
2798,-1,47.800098949200446,UPTREND
2800,-1,47.904159852228375,UPTREND
2802,-1,44.7204376455451,UPTREND
2804,-1,50.44699594057273,UPTREND
2806,-1,56.726009877119544,UPTREND
2808,-1,58.86707738876493,UPTREND
2810,-1,51.694478203681975,UPTREND
2812,-1,50.670588504122925,UPTREND
2814,-1,56.385503884218835,UPTREND
2816,-1,63.22630901863851,UPTREND
2818,-1,55.26210750054957,UPTREND
2820,1,44.15187832189817,DOWNTREND
2822,-1,50.330317992105115,UPTREND
2824,-1,50.423987295588155,DOWNTREND
2826,-1,48.157774111540945,DOWNTREND
2828,-1,47.927325706394285,DOWNTREND
2830,-1,47.22896252190428,DOWNTREND
2832,-1,49.671830487271,DOWNTREND
2834,1,51.973049132933774,DOWNTREND
2836,-1,49.02350463787853,DOWNTREND
2838,-1,41.811342148170525,DOWNTREND
2840,1,44.8962789239508,DOWNTREND
2842,-1,56.274523953187085,UPTREND
2844,-1,56.6852502710982,UPTREND
2846,-1,51.41373481928095,UPTREND
2848,1,51.004143703031765,UPTREND
2850,-1,49.99467987542963,UPTREND
2852,-1,50.487399839184604,UPTREND
2854,-1,51.38660558572296,UPTREND
2856,-1,53.78937754352005,UPTREND
2858,-1,32.29219956079437,DOWNTREND
2860,1,41.34046562371592,DOWNTREND
2862,1,44.026417198513286,DOWNTREND
2864,-1,48.74743493122622,DOWNTREND
2866,1,50.62106136214727,DOWNTREND
2868,-1,53.38383741975081,UPTREND
2870,1,52.93609622238126,UPTREND
2872,1,52.06347129175668,UPTREND
2874,-1,58.55039209440442,UPTREND
2876,-1,60.23612349404004,UPTREND
2878,-1,55.56499855232786,UPTREND
2880,1,48.40202950249633,DOWNTREND
2882,-1,54.9741131085974,UPTREND
2884,1,52.81891047210357,UPTREND
2886,1,43.50570414967072,DOWNTREND
2888,-1,49.762660411243886,UPTREND
2890,-1,44.32373884208872,DOWNTREND
2892,-1,39.97072474190215,DOWNTREND
2894,-1,53.27566638456942,UPTREND
2896,-1,52.15087118376859,UPTREND
2898,1,40.32453109820995,DOWNTREND
2900,-1,34.2561051239058,DOWNTREND
2902,1,33.7753257549401,DOWNTREND
2904,1,25.593485259528208,DOWNTREND
2906,1,31.54711746492808,DOWNTREND
2908,-1,31.318008609272752,DOWNTREND
2910,1,24.93511802040389,DOWNTREND
2912,1,38.19207718397448,DOWNTREND
2914,-1,40.45721295397013,DOWNTREND
2916,-1,44.61953874452942,DOWNTREND
2918,1,47.266273443500296,DOWNTREND
2920,1,46.60819395943989,DOWNTREND
2922,1,49.472647372272185,DOWNTREND
2924,1,44.52015844861674,DOWNTREND
2926,1,50.74660075157656,DOWNTREND
2928,1,43.21793737789001,DOWNTREND
2930,-1,43.25479413502709,DOWNTREND
2932,-1,48.573502374372,DOWNTREND
2934,-1,55.24205351994504,UPTREND
2936,-1,49.80413115719735,DOWNTREND
2938,1,62.01355651540664,UPTREND
2940,-1,66.50673854321207,UPTREND
2942,-1,60.05554978400286,UPTREND
2944,1,60.94900317552194,UPTREND
2946,1,56.54147731283618,UPTREND
2948,1,55.32880002987383,UPTREND
2950,1,60.50431622569308,UPTREND
2952,1,54.63894734688489,UPTREND
2954,-1,67.1755664778023,UPTREND
2956,-1,63.59675215097221,UPTREND
2958,1,64.57441606393792,UPTREND
2960,-1,76.54272298429606,UPTREND
2962,-1,66.57933740770255,UPTREND
2964,-1,55.933630374340716,UPTREND
2966,-1,54.33883817023973,UPTREND
2968,-1,51.810276813333886,UPTREND
2970,-1,57.73115555528517,UPTREND
2972,-1,55.401557774232074,UPTREND
2974,1,61.280003458822456,UPTREND
2976,-1,70.30127536180746,UPTREND
2978,-1,72.23149592373174,UPTREND
2980,-1,55.144422449387704,UPTREND
2982,-1,41.16970683577875,DOWNTREND
2984,-1,46.7279114229609,UPTREND
2986,-1,46.95687507836343,UPTREND
2988,-1,37.681844635343275,DOWNTREND
2990,-1,40.9117393498881,DOWNTREND
2992,1,40.94036836112218,DOWNTREND
2994,-1,43.165858175142425,DOWNTREND
2996,1,43.98651699613072,DOWNTREND
2998,1,49.161225103505274,DOWNTREND
3000,1,43.468668115077705,DOWNTREND
3002,1,30.829557373189928,DOWNTREND
3004,1,29.22887426341194,DOWNTREND
3006,-1,41.61450400445697,DOWNTREND
3008,1,33.63355768482778,DOWNTREND
3010,1,39.77505756334847,DOWNTREND
3012,1,29.416130857896803,DOWNTREND
3014,1,34.08465461589594,DOWNTREND
3016,1,35.501790742338216,DOWNTREND
3018,1,41.97195819338161,DOWNTREND
3020,1,40.00935159382274,DOWNTREND
3022,1,35.24497875456251,DOWNTREND
3024,1,30.380888706040608,DOWNTREND
3026,-1,38.00011900525136,DOWNTREND
3028,-1,34.96090113851909,DOWNTREND
3030,-1,62.106165504778886,UPTREND
3032,-1,54.59106199584846,DOWNTREND
3034,1,52.76751059247631,DOWNTREND
3036,-1,51.723604799260464,DOWNTREND
3038,-1,50.85918003991935,DOWNTREND
3040,1,48.84069473136883,DOWNTREND
3042,1,36.76525168057856,DOWNTREND
3044,-1,40.337092732063724,DOWNTREND
3046,1,33.27625563921188,DOWNTREND
3048,-1,34.41063235188862,DOWNTREND
3050,1,31.58568074927544,DOWNTREND
3052,-1,33.05355120526639,DOWNTREND
3054,1,42.55324341265412,DOWNTREND
3056,-1,44.716885585414715,DOWNTREND
3058,1,45.178676981400585,DOWNTREND
3060,-1,49.70751174913312,DOWNTREND
3062,-1,49.632105066866814,DOWNTREND
3064,-1,54.33194194948401,DOWNTREND
3066,-1,48.1302188837047,DOWNTREND
3068,-1,47.07495598939849,DOWNTREND
3070,1,39.66953836565974,DOWNTREND
3072,1,32.563556103376484,DOWNTREND
3074,1,34.208671350358784,DOWNTREND
3076,1,36.22659400988501,DOWNTREND
3078,-1,37.639280028967484,DOWNTREND
3080,-1,41.56652564200933,DOWNTREND
3082,1,36.29349489500789,DOWNTREND
3084,1,41.769589680526366,DOWNTREND
3086,1,33.71534657862037,DOWNTREND
3088,-1,44.957849821477225,DOWNTREND
3090,1,48.316556865034265,DOWNTREND
3092,-1,56.18591500365411,UPTREND
3094,-1,51.39341924458892,DOWNTREND
3096,1,58.3592486327812,UPTREND
3098,-1,59.26219049713998,UPTREND
3100,-1,61.82836588652448,UPTREND
3102,-1,66.19148702153606,UPTREND
3104,1,55.32912862125002,UPTREND
3106,1,52.19061690060409,UPTREND
3108,1,45.089563522287456,DOWNTREND
3110,1,55.79707072653892,UPTREND
3112,-1,59.78041342821182,UPTREND
3114,-1,54.1688917742673,UPTREND
3116,1,51.22162630409827,UPTREND
3118,-1,49.550115410288285,UPTREND
3120,1,45.227936586017975,UPTREND
3122,1,49.386178073625565,UPTREND
3124,-1,53.95762259226804,UPTREND
3126,-1,53.61769793276917,UPTREND
3128,-1,51.73608272902981,UPTREND
3130,-1,59.81795728836936,UPTREND
3132,-1,58.13150907795465,UPTREND
3134,1,54.171004811892644,UPTREND
3136,-1,57.842110848771675,UPTREND
3138,-1,49.19527344073642,UPTREND
3140,1,50.89637985400071,UPTREND
3142,-1,55.59501384448117,UPTREND
3144,-1,61.829462495799305,UPTREND
3146,-1,65.88458306729231,UPTREND
3148,-1,62.25653159375022,UPTREND
3150,-1,64.68911427024767,UPTREND
3152,-1,67.09592318117005,UPTREND
3154,1,64.07759173180392,UPTREND
3156,-1,72.90246546331537,UPTREND
3158,-1,65.93149740897263,UPTREND
3160,-1,65.22925062172875,UPTREND
3162,-1,63.12670890629371,UPTREND
3164,-1,60.96847584950152,UPTREND
3166,-1,61.84050577424884,UPTREND
3168,-1,58.280653717798586,UPTREND
3170,-1,55.60744224738671,UPTREND
3172,-1,50.485088287269775,UPTREND
3174,-1,52.92792657914723,UPTREND
3176,-1,52.83473192291537,UPTREND
3178,-1,51.63836205431286,UPTREND
3180,-1,64.14298583480861,UPTREND
3182,-1,58.994304403750704,UPTREND
3184,-1,55.260611942175274,UPTREND
3186,-1,49.88440721731095,UPTREND
3188,-1,63.288169807902136,UPTREND
3190,-1,58.60158925506543,UPTREND
3192,-1,60.55411238223869,UPTREND
3194,-1,55.920549154010445,UPTREND
3196,-1,50.149055840091705,UPTREND
3198,1,39.94816403866209,DOWNTREND
3200,-1,43.48235985787219,DOWNTREND
3202,-1,47.78325572964632,DOWNTREND
3204,1,46.040924555131355,DOWNTREND
3206,1,45.722337827183736,DOWNTREND
3208,-1,45.17584511804291,DOWNTREND
3210,1,43.7678925767607,DOWNTREND
3212,1,35.06186120216452,DOWNTREND
3214,1,27.17970976720119,DOWNTREND
3216,1,23.666285347478265,DOWNTREND
3218,-1,28.849284206050243,DOWNTREND
3220,-1,36.80810151447856,DOWNTREND
3222,-1,29.16322994637484,DOWNTREND
3224,1,31.361671076486616,DOWNTREND
3226,-1,44.8316351852713,DOWNTREND
3228,1,48.21398369300355,DOWNTREND
3230,-1,41.30329588006907,DOWNTREND
3232,1,33.8722673662127,DOWNTREND
3234,-1,26.1719169213938,DOWNTREND
3236,1,30.60497282213079,DOWNTREND
3238,1,28.762433937733775,DOWNTREND
3240,1,29.933976460110927,DOWNTREND
3242,1,34.58027481478068,DOWNTREND
3244,1,33.09269669876862,DOWNTREND
3246,1,34.594620488543896,DOWNTREND
3248,1,35.90820974368485,DOWNTREND
3250,1,35.76578257346695,DOWNTREND
3252,1,49.0009529678371,DOWNTREND
3254,1,61.206835575374186,UPTREND
3256,1,62.980371023409894,UPTREND
3258,-1,74.43092695537186,UPTREND
3260,-1,74.90472680226688,UPTREND
3262,1,59.71205466764743,UPTREND
3264,1,67.52184834691138,UPTREND
3266,1,65.04870459188646,UPTREND
3268,1,76.4396706389159,UPTREND
3270,-1,78.35226794942497,UPTREND
3272,-1,81.78879737182739,UPTREND
3274,1,79.88025948360999,UPTREND
3276,-1,84.8217328506316,UPTREND
3278,-1,78.22699845849108,UPTREND
3280,-1,74.69560693952648,UPTREND
3282,-1,80.92960469731598,UPTREND
3284,-1,76.96411987801461,UPTREND
3286,-1,73.54007954596848,UPTREND
3288,-1,72.3497091157652,UPTREND
3290,-1,78.87608449176564,UPTREND
3292,-1,69.60662166364807,UPTREND
3294,1,62.66537274751309,UPTREND
3296,-1,67.97551625521594,UPTREND
3298,-1,67.74837990446456,UPTREND
3300,-1,72.12582271813767,UPTREND
3302,-1,63.163656078552314,UPTREND
3304,-1,62.00498168406707,UPTREND
3306,1,45.671465719680974,UPTREND
3308,1,44.481380377997475,UPTREND
3310,-1,53.4983089532735,UPTREND
3312,1,55.94982207864205,UPTREND
3314,-1,48.01295397221415,UPTREND
3316,-1,51.95480160757494,UPTREND
3318,-1,43.12635946538782,DOWNTREND
3320,-1,44.15753885843213,DOWNTREND
3322,-1,47.537820935996756,DOWNTREND
3324,1,29.755187160082883,DOWNTREND
3326,1,21.624296888431502,DOWNTREND
3328,1,28.27228745398756,DOWNTREND
3330,1,26.30665858660359,DOWNTREND
3332,-1,25.528023202099135,DOWNTREND
3334,1,31.908542888841808,DOWNTREND
3336,1,43.92490409066881,DOWNTREND
3338,1,46.021963911404434,DOWNTREND
3340,1,43.84602245185821,DOWNTREND
3342,1,51.13337835717545,DOWNTREND
3344,1,42.223377338539244,DOWNTREND
3346,1,35.62822681738366,DOWNTREND
3348,-1,42.07384765180657,DOWNTREND
3350,-1,40.50440224091323,DOWNTREND
3352,1,40.78871950149007,DOWNTREND
3354,1,39.628344107949125,DOWNTREND
3356,-1,40.98902656618481,DOWNTREND
3358,1,42.76094500006716,DOWNTREND
3360,1,32.698174407172374,DOWNTREND
3362,-1,38.20475389695142,DOWNTREND
3364,1,29.240866587075715,DOWNTREND
3366,1,34.048785776360106,DOWNTREND
3368,1,37.49094678287365,DOWNTREND
3370,1,39.250695733969835,DOWNTREND
3372,1,39.10338004750114,DOWNTREND
3374,1,40.3903423734246,DOWNTREND
3376,-1,44.89146619623069,DOWNTREND
3378,1,51.51199888533127,DOWNTREND
3380,1,57.86884525504692,DOWNTREND
3382,-1,61.238483768169104,UPTREND
3384,1,59.308646783551346,UPTREND
3386,1,47.95442471681792,DOWNTREND
3388,1,46.03090145280722,DOWNTREND
3390,-1,57.930990628430244,UPTREND
3392,1,45.47665905887379,DOWNTREND
3394,1,43.392673848266334,DOWNTREND
3396,1,44.984562326757114,DOWNTREND
3398,-1,47.48327736548535,DOWNTREND
3400,1,51.08501509036802,UPTREND
3402,1,55.037567258046174,UPTREND
3404,-1,56.041027228817676,UPTREND
3406,1,58.79730649524609,UPTREND
3408,1,55.4047536045684,UPTREND
3410,1,57.415995186688015,UPTREND
3412,-1,60.11607546507232,UPTREND
3414,1,60.051179670502755,UPTREND
3416,-1,56.68430203276222,UPTREND
3418,-1,67.87989036475554,UPTREND
3420,1,68.55222729182734,UPTREND
3422,1,74.04813617732904,UPTREND
3424,1,74.06269853246103,UPTREND
3426,-1,69.65621315392795,UPTREND
3428,-1,59.44047997888742,UPTREND
3430,1,62.26818235275818,UPTREND
3432,1,54.713851881839,UPTREND
3434,-1,45.69992758966226,UPTREND
3436,-1,50.23465162298601,UPTREND
3438,1,36.37552626090377,DOWNTREND
3440,1,39.302589600125216,DOWNTREND
3442,-1,36.210200635089336,DOWNTREND
3444,1,26.599064983165718,DOWNTREND
3446,1,41.736968921245534,DOWNTREND
3448,1,47.47910156255645,DOWNTREND
3450,1,44.97179648387293,DOWNTREND
3452,1,47.4142756540713,DOWNTREND
3454,1,47.04157633504899,DOWNTREND
3456,-1,48.0548695877375,DOWNTREND
3458,-1,46.47058382614597,DOWNTREND
3460,-1,54.57156918713792,DOWNTREND
3462,1,47.41308225377874,DOWNTREND
3464,1,35.88148811213786,DOWNTREND
3466,1,36.43884367493802,DOWNTREND
3468,1,37.965668775428185,DOWNTREND
3470,1,39.70042492037996,DOWNTREND
3472,1,31.598929178393377,DOWNTREND
3474,1,22.575383411144784,DOWNTREND
3476,1,31.336902304960873,DOWNTREND
3478,1,31.450792114466452,DOWNTREND
3480,1,41.862492169986574,DOWNTREND
3482,1,40.439872773621126,DOWNTREND
3484,1,38.95077543744804,DOWNTREND
3486,1,32.191559562501766,DOWNTREND
3488,1,36.2050599027346,DOWNTREND
3490,1,30.822253915690524,DOWNTREND
3492,1,48.861760800887566,DOWNTREND
3494,1,45.171301928470896,DOWNTREND
3496,1,41.87083675056109,DOWNTREND
3498,1,43.052537279795985,DOWNTREND
3500,1,41.78474352062409,DOWNTREND
3502,1,45.844983755053356,DOWNTREND
3504,-1,60.08475505648086,UPTREND
3506,1,65.11451118949131,UPTREND
3508,1,64.60331182492102,UPTREND
3510,-1,60.369886840669686,UPTREND
3512,1,63.212946334913035,UPTREND
3514,1,54.99804373591993,UPTREND
3516,1,44.052908547523735,DOWNTREND
3518,1,45.27855636285183,DOWNTREND
3520,1,54.86067214765246,UPTREND
3522,1,38.99178306048164,DOWNTREND
3524,1,43.35067413917414,DOWNTREND
3526,-1,47.46100445598102,DOWNTREND
3528,1,33.50149334651884,DOWNTREND
3530,1,36.71662861385368,DOWNTREND
3532,1,29.593981256956553,DOWNTREND
3534,1,30.3683134719101,DOWNTREND
3536,1,36.54339688603203,DOWNTREND
3538,1,34.648726561241475,DOWNTREND
3540,1,36.67084578128603,DOWNTREND
3542,1,36.69955968385708,DOWNTREND
3544,1,36.587840111450504,DOWNTREND
3546,1,31.36254345912306,DOWNTREND
3548,1,40.71784053692444,DOWNTREND
3550,1,41.250566595745546,DOWNTREND
3552,1,28.21417763979609,DOWNTREND
3554,1,27.969226108569117,DOWNTREND
3556,1,33.38142662630017,DOWNTREND
3558,1,42.32889128312019,DOWNTREND
3560,1,37.501565339578825,DOWNTREND
3562,1,35.81800942532675,DOWNTREND
3564,1,28.158974059239114,DOWNTREND
3566,1,46.571752237570834,DOWNTREND
3568,1,44.61035371043709,DOWNTREND
3570,1,30.194344831730177,DOWNTREND
3572,1,27.875968727164945,DOWNTREND
3574,1,21.79169828850327,DOWNTREND
3576,1,31.31941237651428,DOWNTREND
3578,1,33.847977010264614,DOWNTREND
3580,1,33.26663481611514,DOWNTREND
3582,1,36.049250010706544,DOWNTREND
3584,1,45.06861820766604,DOWNTREND
3586,1,45.78428229682045,DOWNTREND
3588,1,50.52768958646334,DOWNTREND
3590,1,51.29510802044149,DOWNTREND
3592,1,45.36780045461621,DOWNTREND
3594,1,55.73350166033187,DOWNTREND
3596,1,52.860578226421126,DOWNTREND
3598,-1,50.29617738109248,DOWNTREND
3600,-1,47.481200157486526,DOWNTREND
3602,-1,49.030577218176944,DOWNTREND
3604,1,48.71747261330216,DOWNTREND
3606,-1,63.22128299362093,UPTREND
3608,-1,67.31076871142906,UPTREND
3610,-1,68.12094030726945,UPTREND
3612,-1,67.18848444105689,UPTREND
3614,-1,64.5216913554401,UPTREND
3616,1,64.63406516929001,UPTREND
3618,1,59.02999305842145,UPTREND
3620,1,55.549016177144885,UPTREND
3622,1,55.38732765315647,UPTREND
3624,-1,54.31284745221811,UPTREND
3626,-1,56.247249567472025,UPTREND
3628,-1,57.34916577480451,UPTREND
3630,-1,60.618909730690845,UPTREND
3632,1,28.001787360294344,DOWNTREND
3634,-1,28.28085429304201,DOWNTREND
3636,1,26.780196718316546,DOWNTREND
3638,-1,40.72565378234567,DOWNTREND
3640,1,43.34227421681516,DOWNTREND
3642,1,63.76244537720048,UPTREND
3644,1,64.74091584478087,UPTREND
3646,1,65.8784440561385,UPTREND
3648,1,64.32679108569135,UPTREND
3650,1,66.13886841483136,UPTREND
3652,1,61.79002795533391,UPTREND
3654,-1,54.79448774850604,UPTREND
3656,-1,55.74051952702748,UPTREND
3658,1,49.71845850108231,UPTREND
3660,1,39.6836423558626,DOWNTREND
3662,-1,41.05467211593267,DOWNTREND
3664,1,40.83855098432418,DOWNTREND
3666,1,39.66384927863045,DOWNTREND
3668,1,43.45542616458946,DOWNTREND
3670,1,39.342267800689,DOWNTREND
3672,-1,58.155703533526356,UPTREND
3674,1,54.66816237373959,UPTREND
3676,-1,59.78638017932343,UPTREND
3678,1,47.63422518482796,DOWNTREND
3680,1,49.33734854344011,UPTREND
3682,-1,49.16834549241054,UPTREND
3684,1,66.60678806113165,UPTREND
3686,-1,57.40166773654387,UPTREND
3688,-1,54.86400565891182,UPTREND
3690,-1,59.09017217897685,UPTREND
3692,1,42.39222549303436,DOWNTREND
3694,1,44.450575676014154,DOWNTREND
3696,1,48.46955512719004,DOWNTREND
3698,1,55.33743954022186,UPTREND
3700,-1,55.96188511208319,UPTREND
3702,1,44.39176736027896,DOWNTREND
3704,1,45.281437466445105,DOWNTREND
3706,1,45.199018225912596,DOWNTREND
3708,1,44.43678576367574,DOWNTREND
3710,1,45.13796804565547,DOWNTREND
3712,1,38.51275213671717,DOWNTREND
3714,-1,34.05219631915368,DOWNTREND
3716,1,42.75905108142265,DOWNTREND
3718,-1,45.95943651495414,DOWNTREND
3720,1,28.610497382987802,DOWNTREND
3722,1,28.94390749030771,DOWNTREND
3724,1,40.3190323950415,DOWNTREND
3726,1,43.14149923079785,DOWNTREND
3728,1,41.511319204712564,DOWNTREND
3730,1,40.2685952059877,DOWNTREND
3732,1,35.738021589443235,DOWNTREND
3734,1,40.90966990051878,DOWNTREND
3736,-1,46.60407065759406,DOWNTREND
3738,1,35.12680638845045,DOWNTREND
3740,-1,47.82289480425003,DOWNTREND
3742,-1,53.40341070353571,DOWNTREND
3744,1,51.659459406012566,DOWNTREND
3746,1,53.489931182515036,DOWNTREND
3748,1,53.82971732681152,DOWNTREND
3750,1,53.482410974164125,UPTREND
3752,1,51.93854902775368,UPTREND
3754,1,56.05898161990704,UPTREND
3756,1,54.52164587638557,UPTREND
3758,-1,56.77492023169248,UPTREND
3760,-1,65.04472963992038,UPTREND
3762,1,47.67131481220797,UPTREND
3764,1,48.54179195696083,UPTREND
3766,-1,46.75662249207334,UPTREND
3768,1,46.536147921349645,UPTREND
3770,1,43.5169783209275,DOWNTREND
3772,1,43.4088933450522,DOWNTREND
3774,1,47.36939761344682,DOWNTREND
3776,-1,50.03349864447543,UPTREND
3778,-1,46.736833841830006,DOWNTREND
3780,-1,52.850264083812526,UPTREND
3782,1,57.28661599738858,UPTREND
3784,1,54.60390821775198,UPTREND
3786,1,47.06674543901868,DOWNTREND
3788,1,47.35667585986729,DOWNTREND
3790,1,47.043873384290556,DOWNTREND
3792,-1,47.981035719747815,DOWNTREND
3794,-1,49.73949607780514,DOWNTREND
3796,-1,51.45283273959917,DOWNTREND
3798,-1,46.83425525016588,DOWNTREND
3800,-1,69.54165632954764,UPTREND
3802,-1,46.82023065259842,DOWNTREND
3804,-1,45.5348501593406,DOWNTREND
3806,1,45.89065394711654,DOWNTREND
3808,-1,50.53437245811481,UPTREND
3810,-1,52.12774413160108,UPTREND
3812,-1,53.685179135174785,UPTREND
3814,1,57.91298279895075,UPTREND
3816,-1,45.607908934168215,DOWNTREND
3818,-1,48.317169693351886,DOWNTREND
3820,-1,50.18449651902669,UPTREND
3822,-1,53.62253789943392,UPTREND
3824,-1,58.419709093374756,UPTREND
3826,-1,62.66738998880341,UPTREND
3828,-1,65.26758553208688,UPTREND
3830,-1,68.34176989343693,UPTREND
3832,-1,59.889320010254785,UPTREND
3834,1,62.986064577932034,UPTREND
3836,-1,70.88302602611643,UPTREND
3838,-1,69.14122543629189,UPTREND
3840,-1,66.28731987619044,UPTREND
3842,-1,76.74002960446352,UPTREND
3844,-1,74.7761230711107,UPTREND
3846,-1,79.4196661684066,UPTREND
3848,1,72.42223294544522,UPTREND
3850,1,69.33743640059987,UPTREND
3852,1,51.978811094201134,UPTREND
3854,-1,54.93910433848535,UPTREND
3856,1,49.884639136009525,UPTREND
3858,1,44.47113082441322,UPTREND
3860,1,42.418193792809994,UPTREND
3862,1,38.97726185530468,DOWNTREND
3864,-1,45.08417172352132,UPTREND
3866,-1,47.54486997367952,UPTREND
3868,1,41.759955698963914,DOWNTREND
3870,1,42.26067765285565,DOWNTREND
3872,-1,44.90806187954379,DOWNTREND
3874,-1,45.88796970237095,DOWNTREND
3876,1,44.96834470637183,DOWNTREND
3878,-1,46.69311392460407,DOWNTREND
3880,-1,47.05247573609964,DOWNTREND
3882,-1,46.281824630561566,DOWNTREND
3884,-1,60.31778675553946,UPTREND
3886,1,45.665977495641755,DOWNTREND
3888,-1,57.66587374619709,UPTREND
3890,1,52.753910579442646,DOWNTREND
3892,1,57.95770609323654,UPTREND
3894,-1,71.77678917433889,UPTREND
3896,-1,77.47755246689498,UPTREND
3898,1,67.48182926284352,UPTREND
3900,-1,76.63617678122901,UPTREND
3902,-1,65.15280188038811,UPTREND
3904,1,67.3894549432276,UPTREND
3906,1,57.90260148276683,UPTREND
3908,-1,56.41098274125534,UPTREND
3910,-1,56.32953010052274,UPTREND
3912,1,52.68768573086978,UPTREND
3914,-1,54.84618194170624,UPTREND
3916,1,54.25134991110646,UPTREND
3918,1,53.467423366718485,UPTREND
3920,-1,52.59278247018422,UPTREND
3922,-1,52.23220842168073,UPTREND
3924,-1,54.46047124669368,UPTREND
3926,1,32.90656863085904,DOWNTREND
3928,1,38.31838636388154,DOWNTREND
3930,-1,37.931008421330986,DOWNTREND
3932,1,33.36681656396185,DOWNTREND
3934,1,27.094031596531934,DOWNTREND
3936,1,20.96531076936391,DOWNTREND
3938,1,27.944230200703473,DOWNTREND
3940,1,25.549940987336583,DOWNTREND
3942,-1,39.533205726912534,DOWNTREND
3944,1,38.75918878245537,DOWNTREND
3946,1,39.408588994405534,DOWNTREND
3948,1,41.04534150256431,DOWNTREND
3950,-1,42.86638032313815,DOWNTREND
3952,1,38.5761481227876,DOWNTREND
3954,-1,45.331240675255735,DOWNTREND
3956,1,44.25357196077013,DOWNTREND
3958,1,42.963276819144205,DOWNTREND
3960,1,41.12070247164337,DOWNTREND
3962,1,38.037290415208595,DOWNTREND
3964,-1,34.95336728536873,DOWNTREND
3966,1,22.89173607045963,DOWNTREND
3968,1,32.94892198026061,DOWNTREND
3970,-1,39.682048017804675,DOWNTREND
3972,1,42.2422072332105,DOWNTREND
3974,-1,49.91505727422317,DOWNTREND
3976,1,43.16771271587583,DOWNTREND
3978,-1,47.61058517169699,DOWNTREND
3980,-1,54.04206739548925,DOWNTREND
3982,-1,61.78933284679257,UPTREND
3984,-1,54.670988555221655,UPTREND
3986,1,42.62925774038187,DOWNTREND
3988,1,41.69355080572551,DOWNTREND
3990,1,24.572432601585177,DOWNTREND
3992,1,24.198153706911867,DOWNTREND
3994,1,28.010682500152313,DOWNTREND
3996,1,37.50006142104833,DOWNTREND
3998,1,36.57172977370088,DOWNTREND
4000,1,32.3075613761152,DOWNTREND
4002,1,18.799478970538615,DOWNTREND
4004,1,26.092603134835528,DOWNTREND
4006,1,27.634733797754777,DOWNTREND
4008,1,23.8737101068007,DOWNTREND
4010,1,21.861216653519534,DOWNTREND
4012,1,32.781114254995884,DOWNTREND
4014,1,37.7156366556772,DOWNTREND
4016,1,40.26742564737686,DOWNTREND
4018,1,37.26362721398902,DOWNTREND
4020,1,26.570742911813,DOWNTREND
4022,1,37.87779684253331,DOWNTREND
4024,1,35.39957543396552,DOWNTREND
4026,1,28.95273922916759,DOWNTREND
4028,1,22.52806255932849,DOWNTREND
4030,1,20.767520342673137,DOWNTREND
4032,1,13.804488164715508,DOWNTREND
4034,1,18.72131568606143,DOWNTREND
4036,1,30.87647623242961,DOWNTREND
4038,1,46.1808352189349,DOWNTREND
4040,1,46.91997847385054,DOWNTREND
4042,1,39.09159853585807,DOWNTREND
4044,1,44.2665953281272,DOWNTREND
4046,1,43.39752745717968,DOWNTREND
4048,1,51.11837347838858,DOWNTREND
4050,1,52.766634844473806,DOWNTREND
4052,1,52.17457256330375,DOWNTREND
4054,1,42.92482814653481,DOWNTREND
4056,1,51.46957186114158,DOWNTREND
4058,1,45.89685873928245,DOWNTREND
4060,1,42.31587467849883,DOWNTREND
4062,1,45.05315253735542,DOWNTREND
4064,1,41.39492089398509,DOWNTREND
4066,1,37.160899783770546,DOWNTREND
4068,1,41.854839494448,DOWNTREND
4070,1,42.8031013475353,DOWNTREND
4072,1,46.36325572042938,DOWNTREND
4074,1,36.66343362509128,DOWNTREND
4076,1,41.34358206829246,DOWNTREND
4078,1,45.755240346676075,DOWNTREND
4080,1,54.65522651254945,UPTREND
4082,1,54.82264434410444,UPTREND
4084,-1,62.22018176353765,UPTREND
4086,-1,57.807713569659455,UPTREND
4088,1,58.173424615328514,UPTREND
4090,-1,58.54024535615262,UPTREND
4092,1,45.741368825040865,DOWNTREND
4094,-1,46.783211334010886,DOWNTREND
4096,-1,49.38266479767572,DOWNTREND
4098,1,44.57017262219854,DOWNTREND
4100,-1,48.35494507279351,DOWNTREND
4102,-1,44.5742194226331,DOWNTREND
4104,1,44.98136969074811,DOWNTREND
4106,1,44.233975539183646,DOWNTREND
4108,1,43.13688877855672,DOWNTREND
4110,1,37.10000702643667,DOWNTREND
4112,1,43.51371263449387,DOWNTREND
4114,1,40.9844849581032,DOWNTREND
4116,1,45.77805585310832,DOWNTREND
4118,1,48.43586109349031,DOWNTREND
4120,1,48.05040577270882,DOWNTREND
4122,-1,50.69579245599627,DOWNTREND
4124,-1,50.57172409223781,DOWNTREND
4126,-1,54.25289914988113,DOWNTREND
4128,1,57.69774170609555,UPTREND
4130,1,52.3599402097516,DOWNTREND
4132,1,54.15724144560481,UPTREND
4134,1,45.686955012953646,DOWNTREND
4136,1,29.69657287567452,DOWNTREND
4138,-1,41.26891455349634,DOWNTREND
4140,1,31.793969070297095,DOWNTREND
4142,1,30.50580688715567,DOWNTREND
4144,-1,29.329462900978612,DOWNTREND
4146,-1,39.8256491248182,DOWNTREND
4148,-1,47.73245776232389,DOWNTREND
4150,1,48.34593687936944,DOWNTREND
4152,-1,65.66528471886923,UPTREND
4154,-1,60.11318830300925,UPTREND
4156,1,58.73412515181836,UPTREND
4158,-1,55.57942928724833,UPTREND
4160,-1,55.549913271204005,UPTREND
4162,-1,45.67124946754136,DOWNTREND
4164,1,41.4841929776239,DOWNTREND
4166,1,44.58523164313698,DOWNTREND
4168,1,34.80029468589126,DOWNTREND
4170,1,51.50392704067421,DOWNTREND
4172,1,57.20283433853893,UPTREND
4174,1,50.831911396326404,UPTREND
4176,-1,47.77124109121873,DOWNTREND
4178,1,52.908557377898646,UPTREND
4180,1,50.27843037811854,UPTREND
4182,-1,61.802094240187486,UPTREND
4184,1,58.04995518456007,UPTREND
4186,1,49.9312958843563,UPTREND
4188,1,57.01674408072489,UPTREND
4190,1,52.594929937909214,UPTREND
4192,1,66.62818221598457,UPTREND
4194,-1,73.22883511837794,UPTREND
4196,-1,66.41036921790993,UPTREND
4198,1,66.55788546809336,UPTREND
4200,-1,55.37549247959344,UPTREND
4202,-1,56.0808848561461,UPTREND
4204,-1,50.96607207077774,UPTREND
4206,-1,41.122505675070975,DOWNTREND
4208,1,40.95850573983534,DOWNTREND
4210,1,40.99163257114699,DOWNTREND
4212,1,36.152903478203655,DOWNTREND
4214,1,36.33859257766426,DOWNTREND
4216,1,41.04042797254393,DOWNTREND
4218,1,40.342722326969714,DOWNTREND
4220,1,43.22011783103023,DOWNTREND
4222,-1,47.40617264566686,DOWNTREND
4224,1,55.56350261513728,UPTREND
4226,1,57.51900981903123,UPTREND
4228,-1,63.33759667159184,UPTREND
4230,1,56.93791003679113,UPTREND
4232,1,53.52505561097568,UPTREND
4234,-1,50.70293166509908,DOWNTREND
4236,1,59.403494060277474,UPTREND
4238,-1,50.735544446887644,DOWNTREND
4240,-1,56.74138832077079,UPTREND
4242,-1,56.642365239901544,UPTREND
4244,-1,62.67241297250259,UPTREND
4246,-1,67.11278695450963,UPTREND
4248,1,57.240675190528194,UPTREND
4250,1,56.07735595193749,UPTREND
4252,1,53.02997080380546,UPTREND
4254,1,52.51970318706289,UPTREND
4256,1,58.06430827196516,UPTREND
4258,-1,61.930339212465256,UPTREND
4260,1,58.18049237866398,UPTREND
4262,-1,71.50260433533589,UPTREND
4264,-1,70.58177043592616,UPTREND
4266,-1,70.94137283706115,UPTREND
4268,-1,70.13038122952288,UPTREND
4270,-1,65.02212292150756,UPTREND
4272,1,67.46411161812617,UPTREND
4274,-1,64.05165420815408,UPTREND
4276,-1,49.91099155624954,UPTREND
4278,1,38.023104472398636,DOWNTREND
4280,1,39.35895213250802,DOWNTREND
4282,1,32.56843195772754,DOWNTREND
4284,1,38.26500113640845,DOWNTREND
4286,1,43.28483735051187,DOWNTREND
4288,1,41.87585131601506,DOWNTREND
4290,1,41.05822413151234,DOWNTREND
4292,1,45.291416995121416,DOWNTREND
4294,1,45.32275859239262,DOWNTREND
4296,1,43.05259419930048,DOWNTREND
4298,1,37.38494867655531,DOWNTREND
4300,1,31.031419032504786,DOWNTREND
4302,-1,34.01930397610174,DOWNTREND
4304,1,34.56158758265829,DOWNTREND
4306,1,52.209798849226424,DOWNTREND
4308,-1,55.98384438577227,DOWNTREND
4310,-1,54.32038024385094,DOWNTREND
4312,-1,58.05229619528465,UPTREND
4314,1,44.707795210228454,DOWNTREND
4316,-1,53.852017756402965,DOWNTREND
4318,-1,59.68744882912841,UPTREND
4320,1,53.53820820982393,UPTREND
4322,-1,53.163770789002186,UPTREND
4324,1,42.25708754680866,DOWNTREND
4326,-1,38.09702455970339,DOWNTREND
4328,-1,40.252268392648034,DOWNTREND
4330,1,29.707322701398795,DOWNTREND
4332,1,27.205698501917624,DOWNTREND
4334,-1,30.156529352797094,DOWNTREND
4336,-1,32.25685601209692,DOWNTREND
4338,1,38.68941911091089,DOWNTREND
4340,1,40.761834564976,DOWNTREND
4342,-1,40.67516940605916,DOWNTREND
4344,-1,37.417975385475145,DOWNTREND
4346,-1,47.128052034442874,DOWNTREND
4348,1,51.38357641581245,DOWNTREND
4350,-1,42.05984827149842,DOWNTREND
4352,-1,52.20884213913918,DOWNTREND
4354,1,44.32860601550082,DOWNTREND
4356,1,53.693231888712305,DOWNTREND
4358,-1,55.72650974999781,DOWNTREND
4360,1,59.425362802820324,UPTREND
4362,-1,53.512013151519255,UPTREND
4364,1,41.11763352595652,DOWNTREND
4366,1,39.70969953142785,DOWNTREND
4368,1,46.07460099570291,DOWNTREND
4370,-1,43.16803751530205,DOWNTREND
4372,1,47.19314755462033,DOWNTREND
4374,1,46.19056631390267,DOWNTREND
4376,-1,45.72885452448091,DOWNTREND
4378,-1,49.592777386660636,UPTREND
4380,1,51.03600349560229,UPTREND
4382,1,49.04462573559472,UPTREND
4384,-1,47.47831923613915,DOWNTREND
4386,1,52.590743881177815,UPTREND
4388,-1,69.32483115878708,UPTREND
4390,1,72.60037629192804,UPTREND
4392,-1,70.88463346846528,UPTREND
4394,-1,57.466340610536264,UPTREND
4396,1,52.08202629993251,UPTREND
4398,-1,58.58031384023691,UPTREND
4400,-1,68.46139399887824,UPTREND
4402,-1,70.12631915978835,UPTREND
4404,-1,66.3828715936074,UPTREND
4406,-1,62.808461649508246,UPTREND
4408,-1,63.91274611903218,UPTREND
4410,-1,69.55064380328382,UPTREND
4412,-1,66.0617646728977,UPTREND
4414,1,65.7208411870167,UPTREND
4416,1,72.14429751667193,UPTREND
4418,-1,67.30664950545113,UPTREND
4420,-1,66.75351093300108,UPTREND
4422,-1,71.63438917403897,UPTREND
4424,-1,48.63948934582864,UPTREND
