entry_time,exit_time,side,exit_reason,beta,entry_z,exit_z,eth_qty,btc_qty,entry_eth,exit_eth,entry_btc,exit_btc,gross_pnl,funding_pnl,fee_cost,slippage_cost,net_pnl,holding_bars
2024-02-12 15:00:00,2024-02-13 00:00:00,SHORT_SPREAD,MEAN_REVERT,0.6755399661041812,2.874161080083062,0.25929403838131726,8.740752619346878,0.3056907056491144,2527.12,2660.91,48813.9,49943.6,-824.086502770615,1.4333950445837158,30.214614669957037,15.107307334978518,-867.9750297309669,9
2024-02-13 15:00:00,2024-02-13 16:00:00,LONG_SPREAD,MEAN_REVERT,0.7746140731518085,-1.5927870119963004,1.4559553123704252,0.8712212094984741,0.03650112711038615,2634.64,2632.72,48711.2,48753.2,-3.2057920608733523,-0.0517340544493618,3.258638481280561,1.6293192406402806,-8.145483837243555,1
2024-02-14 05:00:00,2024-02-16 05:00:00,LONG_SPREAD,TIME_STOP,0.7672227197788773,-1.8013703119798685,-1.337671407324912,1.178939619783656,0.04811514792531058,2627.64,2839.78,49396.6,52152.9,117.48046871437145,-0.7425516741383131,4.532730908095553,2.2663654540477767,109.93882067808981,48
2024-02-16 16:00:00,2024-02-18 04:00:00,LONG_SPREAD,MEAN_REVERT,1.0129673353555801,-2.936615434778675,-0.4696770010909882,6.6254057399825745,0.35909410093953525,2777.44,2783.9,51909.2,51518.0,183.27773336783284,1.9235101590242056,29.59449254187528,14.79724627093764,140.80950471404412,36
2024-02-18 22:00:00,2024-02-19 18:00:00,LONG_SPREAD,MEAN_REVERT,1.1246139516949512,-1.6962757960033938,-0.03642928319324415,0.2836868987946729,0.017510935858405963,2848.32,2945.32,51894.6,52188.4,22.37291622788355,0.26633925799442254,1.3864682005132947,0.6932341002566473,20.55955318510803,20
2024-02-20 15:00:00,2024-02-22 15:00:00,LONG_SPREAD,TIME_STOP,1.2050199540701556,-2.0284394323225587,-1.3124771015771777,0.513733846981862,0.03495795836098217,2940.89,2966.86,52079.3,51405.1,36.91032353309342,-0.08297908269777499,2.661045792287328,1.330522896143664,32.835775761964655,48
2024-02-24 14:00:00,2024-02-25 10:00:00,LONG_SPREAD,MEAN_REVERT,1.4351315424675304,-1.7977824424246729,-0.20853648534652708,0.9270914022170651,0.0771788498820662,2968.04,3022.28,51166.5,51671.4,11.317836350798494,0.0010871785465305095,5.396194005926347,2.6980970029631735,3.224632520455504,20
2024-02-25 15:00:00,2024-02-25 21:00:00,SHORT_SPREAD,MEAN_REVERT,1.3741955797758743,1.5060880139197688,-0.31635569335884345,0.5050173290558144,0.04114984931546996,3070.28,3102.71,51780.3,51777.8,-16.480586604568654,0.006386168793960478,2.951546852993849,1.4757734264969244,-20.90152071526547,6
2024-02-26 03:00:00,2024-02-26 17:00:00,LONG_SPREAD,STOP_LOSS,1.5529302870504298,-2.429591280136818,4.501124163029832,0.8288353280544486,0.07743356169824063,3095.8,3156.57,51459.3,53438.9,-102.91915585196821,0.9582046361367613,5.321930552720872,2.660965276360436,-109.94384704491276,14
2024-02-27 00:00:00,2024-02-29 00:00:00,SHORT_SPREAD,TIME_STOP,0.9207976530435867,2.9784932360491636,0.6204381875469095,6.335313419941751,0.340156255222677,3178.6,3387.07,54511.7,62487.9,1392.4315342518591,4.019448955696738,32.55748922418403,16.278744612092016,1347.61474937128,48
2024-02-29 17:00:00,2024-03-01 15:00:00,SHORT_SPREAD,MEAN_REVERT,0.6426637347042008,1.5183564035360804,0.4538059810006997,0.15024338529300793,0.0053441328620175465,3444.58,3419.57,62235.5,62009.7,2.550881865934515,0.08387973614723371,0.6781103957707773,0.3390551978853886,1.6175960084255832,22
2024-03-03 10:00:00,2024-03-04 19:00:00,LONG_SPREAD,MEAN_REVERT,0.9354446948398359,-2.9797329465455173,-0.4233609533713082,13.487984073519415,0.6964162663843005,3410.1,3600.88,61782.2,66688.2,-843.3806013353415,17.741570502143574,73.61314515546432,36.80657257773216,-936.0587485663943,33
2024-03-05 09:00:00,2024-03-05 21:00:00,SHORT_SPREAD,MEAN_REVERT,0.645615811418568,1.6046016113365664,-0.8146257811882759,0.12428915797183847,0.0044311388450572285,3697.74,3388.7,66962.0,61956.7,16.231142118451995,0.11719178004996678,0.5808097280168937,0.29040486400844684,15.477119306476622,12
2024-03-08 17:00:00,2024-03-08 23:00:00,LONG_SPREAD,MEAN_REVERT,1.2387882809350015,-2.227149598905235,0.4810335303513796,0.21462612818801755,0.015313164754611912,3908.62,3879.27,67863.8,68141.0,-10.544086132296673,0.0,1.501659434908889,0.7508297174544445,-12.796575284660006,6
2024-03-09 06:00:00,2024-03-09 23:00:00,SHORT_SPREAD,MEAN_REVERT,0.9250508012535074,1.7423248340105768,0.40714090930351476,0.22856627513177077,0.012142854283553203,3922.49,3903.42,68299.7,68412.6,5.7296871153760645,0.0992496114788291,1.3795266543543547,0.6897633271771774,3.759646745323361,17
2024-03-11 23:00:00,2024-03-12 21:00:00,LONG_SPREAD,MEAN_REVERT,1.0652049406761792,-1.9756140393632702,-0.49436592865194895,0.2922463491685213,0.017484466205274597,4072.93,3953.31,72516.5,71094.1,-10.088603557156002,-0.08653417992346135,1.9426376079878243,0.9713188039939121,-13.0890941490612,22
2024-03-14 01:00:00,2024-03-14 20:00:00,SHORT_SPREAD,MEAN_REVERT,0.9802281970546172,1.518868051974658,0.1258418944236736,0.5135925058496936,0.02747641900449517,3978.7,3789.87,72899.9,69500.4,3.575586473816273,0.2062566477013299,3.1610118569338272,1.5805059284669136,-0.9596746638831384,19
2024-03-17 10:00:00,2024-03-19 10:00:00,LONG_SPREAD,TIME_STOP,1.0279048752807611,-2.117671453128242,-2.896945658471692,0.9364513270281544,0.05150321905519957,3558.36,3293.91,66504.9,64184.4,-128.13133361500545,0.3243289119269903,5.259094792290362,2.629547396145181,-135.695646891514,48
2024-03-19 11:00:00,2024-03-21 11:00:00,LONG_SPREAD,TIME_STOP,1.1972524012070191,-2.960727816258425,-1.16025295267469,11.05607134036745,0.677428747518954,3239.7,3544.44,63303.5,67016.0,854.2729550994627,2.5567714038110516,65.3152445941347,32.65762229706735,758.8568596120717,48
2024-03-23 14:00:00,2024-03-25 14:00:00,SHORT_SPREAD,TIME_STOP,1.1924322792071502,1.7557107299017392,1.1137166062050872,0.9888448438282643,0.06144147136760974,3367.61,3487.81,64628.2,68046.6,91.17237549488048,-0.33533296313341543,5.972272657872204,2.986136328936102,81.87863354493876,48
2024-03-25 16:00:00,2024-03-27 16:00:00,SHORT_SPREAD,TIME_STOP,1.0248620601136726,1.594081825329349,0.7146764744716054,0.20486385538839766,0.010775184283956784,3584.48,3517.3,69844.5,68922.1,3.823723821470846,0.002486901741161951,1.180053487351333,0.5900267436756665,2.0561304921850088,48
2024-03-28 18:00:00,2024-03-29 09:00:00,SHORT_SPREAD,MEAN_REVERT,0.909369602050149,1.8251506257228582,-0.07188296661204634,0.7422629613893956,0.0338855713367291,3556.67,3539.36,70847.9,69998.9,-15.920278203232607,0.652184181224273,4.015917812343204,2.007958906171602,-21.29197074052314,15
2024-03-30 00:00:00,2024-03-30 09:00:00,LONG_SPREAD,MEAN_REVERT,0.9705290247539318,-1.810273140274148,-0.38808424203073716,0.860532523034765,0.041965161428747046,3512.47,3507.94,69903.6,70027.9,-9.114481894940036,0.1953218824701911,4.765415646602085,2.3827078233010424,-16.06728348237297,9
2024-03-30 21:00:00,2024-04-01 21:00:00,LONG_SPREAD,TIME_STOP,1.029128479837053,-2.4685561479890015,-1.2711094502177012,1.1320605631570133,0.0585133630739686,3508.68,3498.29,69859.9,69768.9,-6.437393211470082,0.05515559565687056,6.440986029682738,3.220493014841369,-16.043716660337317,48
2024-04-04 17:00:00,2024-04-06 17:00:00,SHORT_SPREAD,TIME_STOP,1.0320156411289305,1.6544241243559124,1.4897583919967958,0.3114919615823018,0.01601279717812128,3377.09,3341.6,67796.7,68129.9,16.390313736305927,0.05060930693293553,1.7077532017100066,0.8538766008550033,13.879293240673851,48
2024-04-06 18:00:00,2024-04-08 10:00:00,SHORT_SPREAD,MEAN_REVERT,0.9157425452103025,1.5199971439878268,-2.266911494865184,0.23512215856920698,0.010540041444653135,3342.97,3622.16,68290.0,72263.2,-23.7660627830411,0.02649075687069563,1.2476371813975047,0.6238185906987523,-25.61102779826666,40
2024-04-08 11:00:00,2024-04-10 11:00:00,LONG_SPREAD,TIME_STOP,1.059223181639423,-2.467406253465814,-1.1849152617396999,0.5810617777325581,0.030797342859113664,3622.05,3522.05,72385.4,68975.9,46.89736270489223,-0.1850368370930522,3.401886347763677,1.7009431738818386,41.60949634615366,48
2024-04-10 20:00:00,2024-04-11 10:00:00,LONG_SPREAD,MEAN_REVERT,1.3059439099699897,-1.5068450658821388,-0.13837325911396847,0.08991685331187649,0.005901420030948049,3523.99,3581.01,70120.3,70661.9,1.9308498870818247,0.06049441875190516,0.5878696551447267,0.29393482757236333,1.10953982311664,14
2024-04-12 16:00:00,2024-04-12 19:00:00,SHORT_SPREAD,MEAN_REVERT,1.1054225751943394,1.8076487675684645,-0.11997432959588218,0.3444059526742119,0.01889148505437766,3442.42,3212.25,69374.0,66522.7,25.4066267914763,0.0,1.943679375228697,0.9718396876143485,22.491107728633253,3
2024-04-13 21:00:00,2024-04-14 01:00:00,LONG_SPREAD,MEAN_REVERT,1.2883113009611125,-1.5889052303393247,-0.49082056356759896,0.32714937519862186,0.019851300318980098,2912.13,2966.12,61828.5,63682.7,-19.145486284479315,0.027467461177489827,1.7658505357427494,0.8829252678713747,-21.76679462691595,4
2024-04-15 19:00:00,2024-04-17 19:00:00,SHORT_SPREAD,TIME_STOP,1.2075026111555085,2.674815569786215,2.544667237691918,5.470512544417811,0.3195704824939355,3055.07,3025.27,63149.6,61419.4,-389.8995749873545,-1.7574652026498674,29.228460671244978,14.614230335622489,-435.4997311968719,48
2024-04-17 20:00:00,2024-04-19 20:00:00,SHORT_SPREAD,TIME_STOP,1.0545959713412352,2.3938502580542655,1.8813018575160663,0.6926655574227125,0.03593233663976259,3000.44,3103.41,60997.1,64307.2,47.61585506346154,0.056427992828154694,3.4921611810737714,1.7460805905368857,42.43404128467904,48
2024-04-19 21:00:00,2024-04-20 19:00:00,SHORT_SPREAD,MEAN_REVERT,0.8889639207414359,1.8207661271023157,0.2827595510433825,0.2597086901872006,0.01109664961173958,3077.36,3137.92,64026.1,64932.5,-5.669955069656083,0.044389341528275575,1.2180682506268736,0.6090341253134368,-7.452668104068119,22
2024-04-21 20:00:00,2024-04-22 03:00:00,LONG_SPREAD,MEAN_REVERT,0.9695101634751497,-1.556363532863567,0.818004371807624,0.7063439579001359,0.033288868371000625,3135.72,3146.33,64507.0,64774.2,-1.4004762354107383,0.018994298019710573,3.496365164148622,1.748182582074311,-6.626029683613961,7
2024-04-22 14:00:00,2024-04-23 19:00:00,LONG_SPREAD,MEAN_REVERT,1.0607484593404135,-2.9705625934947,0.0022714519542440755,19.14695851666879,0.9808709577712432,3191.18,3228.03,66077.2,66756.3,39.4559539167949,3.270628508571486,101.28034797955678,50.64017398977839,-109.19393954396878,29
2024-04-25 13:00:00,2024-04-26 16:00:00,LONG_SPREAD,MEAN_REVERT,1.112817314663518,-1.6663172508079445,0.29566745833819685,0.4255982546087519,0.02321857755460845,3107.6,3116.45,63388.9,63481.2,1.6234698449971572,-0.019537686606072704,2.237875229123413,1.1189376145617065,-1.752880685294035,27
2024-04-27 17:00:00,2024-04-27 19:00:00,SHORT_SPREAD,STOP_LOSS,1.0086755960367046,1.5606194746857485,-3.96887646886103,0.5204174449778995,0.026376653067907298,3151.18,3255.18,62712.9,63303.0,-38.5585513023295,0.0,2.6631436712594865,1.3315718356297432,-42.55326680921873,2
2024-04-27 20:00:00,2024-04-29 20:00:00,LONG_SPREAD,TIME_STOP,1.153130015151231,-2.779493065648814,-1.4829635802883656,3.0293449735917464,0.17848589608121532,3235.83,3184.69,63329.9,62953.4,-87.72076207490396,-3.0981162865856513,16.795903180175287,8.397951590087644,-116.01273313175254,48
2024-05-01 04:00:00,2024-05-03 04:00:00,SHORT_SPREAD,TIME_STOP,1.161334227274487,1.6140585987164329,1.1982293441539482,0.23153107143842114,0.013409551046993718,3002.93,3008.31,60214.0,59687.9,-8.300401970162106,-0.06385710130859354,1.1998477946220123,0.5999238973110061,-10.16403076340372,48
2024-05-04 09:00:00,2024-05-04 22:00:00,SHORT_SPREAD,MEAN_REVERT,0.7411988325089248,1.7245724183448947,0.449966483668065,0.21245050448768324,0.007747641313060927,3106.77,3120.62,63144.0,63877.4,2.739680651844502,0.015559591114986511,0.9228513573697565,0.46142567868487827,1.3709632069048534,13
2024-05-06 12:00:00,2024-05-08 12:00:00,LONG_SPREAD,TIME_STOP,0.8145288501146216,-1.5948308150504187,-1.3312516200408375,0.9836865547130106,0.039300303030444475,3147.89,2989.63,64178.1,62224.9,-78.91688226981678,-0.43277451958122415,4.402028842895788,2.201014421447894,-85.9527000537417,48
2024-05-08 15:00:00,2024-05-10 00:00:00,LONG_SPREAD,MEAN_REVERT,1.0405421910090715,-1.5438328128760435,-0.3828174089359914,0.1869315071304024,0.00939163791771396,3019.17,3034.75,62530.0,63050.0,-1.971258836119603,-0.12094763577293127,0.9244281117413619,0.46221405587068093,-3.478848639504577,33
2024-05-10 13:00:00,2024-05-12 13:00:00,SHORT_SPREAD,TIME_STOP,0.9518101576084639,1.8819634975991573,1.102578981312275,0.5342877601839895,0.024433528481678853,3026.47,2928.69,62990.6,61135.0,6.903801740187113,0.22435206720857515,2.4858381923371056,1.2429190961685528,3.39939651889003,48
2024-05-13 08:00:00,2024-05-14 18:00:00,LONG_SPREAD,MEAN_REVERT,0.9810146183410495,-2.415508882890188,-0.456768452220555,1.9065999196868801,0.08866385587254648,2953.08,2874.99,62296.5,61288.9,-59.548686551171045,-0.2527619686961242,8.82774235499221,4.413871177496105,-73.04306205235548,34
2024-05-16 04:00:00,2024-05-17 18:00:00,SHORT_SPREAD,MEAN_REVERT,0.9381543605812743,1.5527439820436792,0.4556267713641039,0.2534408851411612,0.010860461104415953,3012.25,3084.61,65946.8,66677.4,-10.404329565928254,0.13011756780979605,1.194221424234409,0.5971107121172045,-12.065544134470072,38
2024-05-19 00:00:00,2024-05-19 16:00:00,LONG_SPREAD,MEAN_REVERT,0.9397510667088288,-1.5490924463173557,-0.3653817193563988,0.3910967039944564,0.017153239570347395,3121.6,3076.14,66884.9,66863.0,-17.403600216997493,-0.035268166427767755,1.8872501827781876,0.9436250913890938,-20.269743657592542,16
2024-05-19 18:00:00,2024-05-20 18:00:00,LONG_SPREAD,MEAN_REVERT,0.9855717705702349,-2.5972745970533477,-0.41085653421695706,1.411827011361158,0.06408763959226811,3071.77,3142.55,66693.6,68294.6,-2.675195123078197,-0.15693462022807075,6.969847977620352,3.484923988810176,-13.286901709736796,24
2024-05-24 01:00:00,2024-05-26 01:00:00,SHORT_SPREAD,TIME_STOP,1.1025833332897816,2.193444544242624,0.7621856118271029,0.21075407338701702,0.013061616056865183,3815.01,3746.6,67871.3,69176.6,31.46701359943206,-0.04948797862086601,1.3534828640254621,0.6767414320127311,29.387301324773002,48
2024-05-27 17:00:00,2024-05-29 17:00:00,SHORT_SPREAD,TIME_STOP,0.9556371426311691,1.5395579006045241,0.9117825620551149,0.15338512983906397,0.00824167929342104,3948.48,3767.07,70224.8,67594.8,6.149979862407239,0.05852658476509609,0.927726232830944,0.463863116415472,4.81691709792592,48
2024-05-30 17:00:00,2024-06-01 17:00:00,LONG_SPREAD,TIME_STOP,0.9701628714386293,-2.3633062262765563,-0.9583890353428682,0.7645054949300016,0.04091532283784302,3791.09,3801.53,68723.2,67739.9,48.21347431352042,-0.23423404040231977,4.555212601147314,2.277606300573657,41.14642137139713,48
2024-06-02 21:00:00,2024-06-04 21:00:00,SHORT_SPREAD,TIME_STOP,0.9816980668259822,1.982647250265768,1.2959902179651397,0.3667596815421714,0.020101940817219277,3789.5,3808.87,67874.0,70444.5,44.56790383919033,0.09989507124695596,2.2268984249464534,1.1134492124732267,41.3274512730176,48
2024-06-05 20:00:00,2024-06-07 14:00:00,SHORT_SPREAD,MEAN_REVERT,0.7431319874000534,1.6663058976628924,0.33053420264775124,0.22914849480186156,0.009264801964261214,3880.01,3817.28,71314.8,71576.7,16.800936713360738,0.29111196582019516,1.235073546971861,0.6175367734859305,15.239438358723142,42
2024-06-07 18:00:00,2024-06-09 18:00:00,LONG_SPREAD,TIME_STOP,0.8069299427357877,-1.699273822445546,-1.4063230835183798,0.5120163509337494,0.02204024037396952,3725.32,3701.72,69834.0,69684.7,-8.792977994202959,-0.1841333030923641,2.751116641481094,1.375558320740547,-13.103786259516964,48
2024-06-10 11:00:00,2024-06-11 03:00:00,LONG_SPREAD,MEAN_REVERT,1.1357400512908404,-1.5578601524574502,-0.45843916839409443,0.13434588738622105,0.0080803746400502,3679.08,3603.69,69472.2,68285.9,-0.5425880145556121,0.0,0.8366189023924996,0.4183094511962498,-1.7975163681443613,16
2024-06-11 16:00:00,2024-06-11 17:00:00,SHORT_SPREAD,MEAN_REVERT,0.9737883467361519,1.716700173186186,-1.5745480517215298,0.3135562613055302,0.01588970178720539,3448.47,3453.64,66266.0,66506.7,2.203565349230677,0.0,1.7095673660806396,0.8547836830403198,-0.3607856998902824,1
2024-06-12 14:00:00,2024-06-12 21:00:00,LONG_SPREAD,MEAN_REVERT,1.2190344661971664,-2.7007523837019414,1.1689011370170153,1.3916381083696845,0.08846256335527324,3614.99,3556.06,69325.0,68101.6,26.21586628261548,0.11019093592289908,8.854646306489688,4.427323153244844,13.044087758803846,7
2024-06-13 00:00:00,2024-06-14 05:00:00,SHORT_SPREAD,MEAN_REVERT,1.0164957552292975,1.5604585177452968,0.4256749028425025,0.25307163285754897,0.013415933499197001,3560.44,3496.33,68270.3,66719.7,-4.578324101357449,-0.0029726880557794655,1.4387540678627078,0.7193770339313539,-6.73942789120729,29
2024-06-16 04:00:00,2024-06-17 21:00:00,LONG_SPREAD,MEAN_REVERT,1.1851107520372512,-2.905661659873104,-0.449772948001757,4.353020977826872,0.27724979014577666,3554.0,3513.48,66129.6,66376.0,-244.69875831346252,1.5654021770850735,27.000815397404835,13.500407698702418,-283.63457923248467,41
2024-06-18 21:00:00,2024-06-20 15:00:00,SHORT_SPREAD,MEAN_REVERT,1.0768771956151195,1.744872885303713,0.41225418344250936,0.2009462493133536,0.011537366988115421,3460.67,3519.69,64908.2,64933.3,-11.570259723072361,0.060422810106089575,1.1602824786577397,0.5801412393288699,-13.25026063095288,42
2024-06-20 21:00:00,2024-06-21 03:00:00,LONG_SPREAD,MEAN_REVERT,1.213254691299908,-2.3723817229783144,-0.11814635668416146,0.7756601535527078,0.05096581521801463,3524.48,3506.74,65078.8,64760.4,2.467304441390711,0.09051945626348366,4.828479144047087,2.4142395720235434,-4.684894818416436,6
2024-06-21 11:00:00,2024-06-23 06:00:00,LONG_SPREAD,MEAN_REVERT,1.1689249212134616,-1.5024398670594659,-0.43372716250567483,0.3791058373809927,0.024250653565552834,3495.21,3508.21,63870.0,64344.1,-6.568858969475659,0.27267448238821845,2.3057252499799756,1.1528626249899878,-9.754772362057404,43
2024-06-23 22:00:00,2024-06-24 01:00:00,LONG_SPREAD,MEAN_REVERT,1.2807453242456701,-2.2640414484813953,0.3294421807200912,0.801425792785456,0.05522663300574981,3433.78,3423.29,63819.0,63056.0,33.73096441706748,0.0,5.000924729415949,2.5004623647079747,26.22957732294356,3
2024-06-24 03:00:00,2024-06-26 03:00:00,SHORT_SPREAD,TIME_STOP,1.1290066541915544,1.9747227572561334,1.0001674146760786,0.5380101715162463,0.03288187754503854,3403.13,3403.08,62865.0,62000.1,-28.41263538012797,0.06938630049689876,3.107043654929833,1.5535218274649165,-33.00381456202582,48
2024-06-27 17:00:00,2024-06-27 21:00:00,SHORT_SPREAD,MEAN_REVERT,0.7224277562199135,1.6071798975659168,-2.9056827857313845,0.3179290246481925,0.01284583253373888,3450.88,3443.73,61701.0,61482.4,-0.5349064656406952,0.0,1.5097559839864978,0.7548779919932489,-2.799540441620442,4
2024-06-27 22:00:00,2024-06-29 02:00:00,LONG_SPREAD,MEAN_REVERT,0.8534636195036095,-2.512470271131605,-0.4485751394553044,1.606786662392376,0.07685274659376189,3448.29,3395.13,61530.1,60900.6,-37.03797499200537,-0.24357275906165365,8.162020617418447,4.0810103087092235,-49.5245786771947,28
2024-07-01 21:00:00,2024-07-02 23:00:00,LONG_SPREAD,MEAN_REVERT,0.9246138747294489,-2.656733548431563,-0.49905592517783975,2.1831724918806703,0.11054352997397247,3465.11,3423.21,63275.0,62084.6,40.116090671216696,-0.17108729227125696,11.558433375758664,5.779216687879332,22.607353315307442,26
2024-07-03 23:00:00,2024-07-04 03:00:00,LONG_SPREAD,MEAN_REVERT,0.9528425890032769,-1.585238849779827,-0.08598677767461622,0.4909836249817913,0.025604714351044763,3300.88,3227.43,60311.2,58953.6,-1.301787051934376,-0.007642697986116442,2.503613777975745,1.2518068889878724,-5.064850416884109,4
2024-07-04 17:00:00,2024-07-05 01:00:00,SHORT_SPREAD,MEAN_REVERT,0.8616206435667815,1.6811692286556623,-0.7100868956992631,0.5684878746260971,0.02638436977999463,3139.73,3104.39,58288.5,57363.5,-4.315180557208681,0.02469930966785791,2.6404446566024977,1.3202223283012489,-8.251148232444569,8
2024-07-05 02:00:00,2024-07-07 02:00:00,LONG_SPREAD,TIME_STOP,0.9584003516220151,-1.6327005832637531,-0.650751659087831,0.6170012119953034,0.03201696066068358,3094.35,3052.0,57150.8,58099.4,-56.50129021072544,-0.16889540924208057,2.9929066075532997,1.4964533037766499,-61.159545531297475,48
2024-07-07 21:00:00,2024-07-08 04:00:00,LONG_SPREAD,STOP_LOSS,1.2065797748642837,-1.5071118827519667,5.025385367332182,0.22633698377673578,0.014298871118136198,2997.55,2877.9,57250.1,55136.6,3.1394439992944,-0.003134379671293097,1.1747338280094641,0.5873669140047321,1.3742088776089108,7
2024-07-08 06:00:00,2024-07-08 10:00:00,SHORT_SPREAD,MEAN_REVERT,1.0159616799076123,2.218799857828784,0.24449349230351097,0.6819331721289827,0.036421541687214475,2915.33,3050.01,55456.0,57498.5,-17.451760726196028,-0.09801607992570652,3.2727761038145498,1.6363880519072749,-22.45894096184356,4
2024-07-10 15:00:00,2024-07-12 15:00:00,SHORT_SPREAD,TIME_STOP,1.0236716299894186,1.6051221004992173,0.9730300851650519,0.31921029131951084,0.017556322302858477,3099.32,3117.19,57686.0,57800.0,-3.702867163353757,0.09387356164972563,1.6047533622234267,0.8023766811117133,-6.016123645039172,48
2024-07-14 21:00:00,2024-07-15 04:00:00,SHORT_SPREAD,MEAN_REVERT,0.7503201810911091,1.7801920759409453,-0.3225752118525362,0.6867351952373517,0.02744067963685278,3198.41,3328.16,60058.6,62617.3,-18.891424595231058,0.13637891288254794,3.1393341576971325,1.5696670788485663,-23.46404691889421,7
2024-07-15 15:00:00,2024-07-16 00:00:00,SHORT_SPREAD,MEAN_REVERT,0.740549704897471,2.054880266297257,0.23179505668777434,0.8039744719199831,0.03175873240491719,3370.17,3481.62,63180.8,64680.6,-41.97120803458731,0.31057467090294394,3.8277520937898797,1.9138760468949398,-47.40226150436919,9
2024-07-17 00:00:00,2024-07-19 00:00:00,LONG_SPREAD,TIME_STOP,0.831084194465763,-1.7844437605871695,-1.5435067013479007,0.6757454065979079,0.02974163224621287,3442.84,3424.99,65010.0,63960.0,19.16665835075061,-0.4857295821683703,3.3906731546357536,1.6953365773178768,13.594919036628609,48
2024-07-19 01:00:00,2024-07-21 01:00:00,LONG_SPREAD,TIME_STOP,0.9647507316122298,-1.6484449836599742,-0.5941700798905636,0.24914493986462422,0.012865269728178285,3402.92,3506.42,63577.0,67026.5,-18.592246651362387,-0.26919916244197467,1.36067054149935,0.680335270749675,-20.902451626053388,48
2024-07-21 17:00:00,2024-07-23 15:00:00,SHORT_SPREAD,MEAN_REVERT,0.9563467758847802,1.9926211753186482,-0.18006410724479804,0.6611316978489044,0.0329223042496864,3516.0,3487.0,67524.6,67200.1,8.48953150859499,0.291131493473187,3.6261411373534416,1.8130705686767208,3.3414512960380156,46
2024-07-25 08:00:00,2024-07-26 16:00:00,LONG_SPREAD,MEAN_REVERT,1.0689767814643814,-2.715186926043683,-0.49561590658157173,1.3963595503114767,0.07380661485953989,3170.22,3253.83,64115.0,67527.9,-135.1449738525805,0.8773713094255554,7.474560155388546,3.737280077694273,-145.4794427762378,32
2024-07-28 09:00:00,2024-07-30 09:00:00,SHORT_SPREAD,TIME_STOP,0.8195873332178085,2.947463216499206,0.7907183833170996,5.528393563908819,0.217114474921862,3227.52,3335.64,67355.7,66739.9,-731.4290057867041,2.2496708490995827,26.159130914494337,13.079565457247169,-768.418031309346,48
2024-07-31 19:00:00,2024-08-02 19:00:00,LONG_SPREAD,TIME_STOP,0.8085547384796714,-2.3148293727944163,-2.1561071761726396,1.6862255412615519,0.06800574758179614,3316.9,3014.1,66498.5,62875.1,-264.177068106118,0.08835925173412873,7.78945691483006,3.89472845741503,-275.772894226629,48
2024-08-02 20:00:00,2024-08-04 16:00:00,LONG_SPREAD,MEAN_REVERT,0.9637507797528724,-2.060617661706771,0.008441820801658107,0.43373276680237177,0.020096463806978052,3010.53,2826.08,62619.6,59069.9,-8.66559126106766,0.25398492449230403,1.990823054594259,0.9954115272971295,-11.397840918466745,44
2024-08-04 20:00:00,2024-08-06 15:00:00,LONG_SPREAD,MEAN_REVERT,1.049970437748265,-2.864715490507415,-0.4962978690512037,4.928952272392475,0.2407771979536065,2755.84,2522.39,59233.9,56095.5,-395.0087499324254,5.84619183689568,21.51393341055232,10.75696670527616,-421.43345821135824,43
2024-08-08 03:00:00,2024-08-08 16:00:00,SHORT_SPREAD,MEAN_REVERT,1.0767082804492545,2.536264241720462,-0.16861194971980908,0.8251455642048141,0.03802714499535051,2454.02,2505.87,57334.1,59391.9,35.468461467412844,-0.18381662485669198,3.41255510366844,1.70627755183422,30.165812187053497,13
2024-08-11 03:00:00,2024-08-11 17:00:00,SHORT_SPREAD,MEAN_REVERT,1.0706119605842987,1.5799829163730252,0.32952849594874395,0.4781843342737221,0.022019384340963597,2623.63,2624.52,60999.3,60154.6,-19.0253580103156,0.03690789308708933,2.0709269609701217,1.0354634804850609,-22.094840558683693,14
2024-08-12 13:00:00,2024-08-14 13:00:00,SHORT_SPREAD,TIME_STOP,1.064896623349388,1.571581818477499,0.8852765368934167,0.7452636077716288,0.03567546443464189,2683.65,2730.08,59699.9,61026.8,12.735184449489765,0.14207670451255427,3.336654817385273,1.6683274086926365,7.872278927924409,48
2024-08-15 15:00:00,2024-08-15 19:00:00,SHORT_SPREAD,MEAN_REVERT,0.9180474526950333,2.3512120362415256,0.15169576131379886,2.438250561033598,0.1000056338389988,2653.17,2552.32,59386.0,57831.9,90.47881353105024,0.4099109430991076,9.765895719892464,4.882947859946232,76.23988089431064,4
2024-08-15 23:00:00,2024-08-16 18:00:00,SHORT_SPREAD,MEAN_REVERT,0.9076877139720285,2.7955929910629225,0.20560817535237022,8.2139058010149,0.3334176326328588,2575.16,2610.03,57584.0,59184.2,247.11600045770723,4.588856058901312,32.60929561246585,16.304647806232925,202.79091309790977,19
2024-08-16 23:00:00,2024-08-18 23:00:00,SHORT_SPREAD,MEAN_REVERT,0.8877612025403921,1.6016731609541874,-0.5707864502589607,0.709980632887944,0.027746210860884316,2594.6,2644.99,58939.9,59315.1,-25.365545776219694,-0.22833818841893738,2.800454235850887,1.4002271179254435,-29.79456531841496,48
2024-08-19 20:00:00,2024-08-20 02:00:00,LONG_SPREAD,MEAN_REVERT,0.9126397543417115,-1.5188224349829096,0.4392386483574414,0.5002732951420518,0.02018324524910366,2605.33,2650.36,58935.7,60415.4,-7.337841514852084,-0.04422320689032738,2.0152695506381706,1.0076347753190853,-10.404969047699668,6
2024-08-21 20:00:00,2024-08-23 20:00:00,SHORT_SPREAD,TIME_STOP,0.7986908790375307,2.0365613756110106,0.7234956045410097,0.8312975878701988,0.02853766794337601,2645.01,2744.58,61538.1,63577.4,-24.575434587308678,0.4399065960190467,3.2203431040715222,1.6101715520357611,-28.966042647396915,48
2024-09-06 20:00:00,2024-09-08 14:00:00,SHORT_SPREAD,MEAN_REVERT,1.0839916090101593,2.6950599596080744,-0.0691027282447361,0.7887346227901755,0.035491567366245216,2221.5,2283.11,53515.3,54359.9,-18.617762312572157,0.5251975990182062,2.952640718845611,1.4763203594228056,-22.52152579182237,42
2024-09-09 01:00:00,2024-09-11 01:00:00,SHORT_SPREAD,TIME_STOP,1.0897057040871503,2.5381005327202733,1.4440959390294195,1.0460924689626463,0.047800630780311944,2306.6,2376.19,55007.0,57606.9,51.479285050622394,0.7701151354016438,4.112658722945826,2.056329361472913,46.080412101605305,48
2024-09-13 22:00:00,2024-09-15 22:00:00,SHORT_SPREAD,TIME_STOP,0.9729470027562789,2.500881900323893,1.5403344832169703,0.8832513245626243,0.03489603556944312,2446.09,2352.31,60237.9,59628.9,61.57962355569222,0.24548871743744685,3.3684277088706485,1.6842138544353242,56.77247070982369,48
2024-09-17 21:00:00,2024-09-19 21:00:00,SHORT_SPREAD,TIME_STOP,0.8741184055174331,2.564437827470494,0.2759581161236783,1.0778847732499597,0.036741110176613245,2343.12,2463.96,60087.6,62996.3,-23.382728828810173,0.3932313128706604,3.8814869866646653,1.9407434933323326,-28.811727995936508,48
2024-09-20 16:00:00,2024-09-22 16:00:00,LONG_SPREAD,TIME_STOP,0.9399325871844412,-2.529035470852151,-1.251138340175356,1.1784469343703299,0.04490977729967849,2559.19,2569.57,63120.2,62624.1,34.51201969713458,0.17050972814071108,4.676448003530054,2.338224001765027,27.66785741998021,48
2024-09-24 19:00:00,2024-09-26 19:00:00,LONG_SPREAD,TIME_STOP,1.0345176166353645,-3.9765567167319342,-1.651965172334737,37.304906092964075,1.597935256934456,2637.22,2658.99,63692.9,65252.5,-1680.012021071148,-4.5726581410025915,161.4484070312534,80.7242035156267,-1926.7572897590305,48
2024-10-02 20:00:00,2024-10-04 20:00:00,LONG_SPREAD,TIME_STOP,1.0785633925095008,-2.5584335758224657,-2.290100831693335,0.9067604994655797,0.038541325774640166,2370.61,2428.44,60155.0,62337.2,-31.66692142132524,0.08700527769856237,3.6290403040050676,1.8145201520025338,-37.023476599634286,48
2024-10-10 01:00:00,2024-10-11 17:00:00,LONG_SPREAD,MEAN_REVERT,1.22433463545058,-3.6114051182087024,1.0517952216367554,4.082764738950396,0.19649299304340648,2374.88,2437.01,60415.6,62229.1,-102.67786965322912,-2.4160571980718535,17.49785560144748,8.74892780072374,-131.3407102534722,40
2024-10-16 22:00:00,2024-10-18 17:00:00,SHORT_SPREAD,MEAN_REVERT,0.9773114950909135,2.600842715937181,-0.08068308323666751,0.7343567691431531,0.02776192276002661,2612.86,2650.79,67547.1,68771.9,6.148650742880594,0.013060216487875698,3.05994982264977,1.529974911324885,1.571786225393815,43
2024-10-22 17:00:00,2024-10-22 18:00:00,SHORT_SPREAD,MEAN_REVERT,0.9973157956541349,2.646850411301328,-0.16238537077995152,1.3468205992776436,0.05230355417183824,2607.13,2624.62,66953.6,67313.6,-4.726612779503927,0.0,5.6275521755887405,2.8137760877943703,-13.167941042887037,1
2024-10-23 17:00:00,2024-10-24 21:00:00,LONG_SPREAD,MEAN_REVERT,1.0874761817017609,-2.9331150469605625,0.06275903931477532,1.5702568128529966,0.0645920499086942,2491.49,2537.5,65867.4,68172.6,-76.65007749015591,0.10266937245024366,6.621889671612386,3.310944835806193,-86.48024262512423,28
2024-10-28 15:00:00,2024-10-30 10:00:00,LONG_SPREAD,MEAN_REVERT,1.1426620831159087,-2.855539024303414,0.011367802008011343,1.0868773736837702,0.045573872843102214,2524.99,2693.42,68808.5,72590.6,10.697811569660587,0.16270559687021824,4.846350543653688,2.423175271826844,3.5909913510502736,43
2024-11-01 19:00:00,2024-11-03 19:00:00,SHORT_SPREAD,TIME_STOP,0.9749592944486534,2.748573619342116,0.5626867461713251,0.5306486645743291,0.01876174799601081,2508.6,2424.57,69175.4,67991.6,22.380250006503363,0.02000029057674957,2.076509103994783,1.0382545519973916,19.28548664108794,48
2024-11-06 04:00:00,2024-11-06 09:00:00,LONG_SPREAD,MEAN_REVERT,1.0331372775021552,-3.3199604536936698,1.3813338846661625,2.4773087106690674,0.08875961166099766,2579.04,2607.4,74367.1,73482.4,148.78210347106074,0.02117166591906272,10.388590877454062,5.194295438727031,133.22038882079872,5
2024-11-07 00:00:00,2024-11-08 20:00:00,SHORT_SPREAD,MEAN_REVERT,0.9363713453754264,2.6980845551373065,-0.038909767644578326,1.1045757456014331,0.03725676935365454,2722.5,2950.0,75579.9,76894.4,-202.31695880894713,0.242574367446299,4.7785622977536235,2.3892811488768118,-209.24222788813125,44
2024-11-10 06:00:00,2024-11-12 06:00:00,SHORT_SPREAD,TIME_STOP,0.895711088304324,3.755467552019264,2.082098534773397,5.622351008222543,0.20246851732107463,3183.8,3332.72,79190.7,88466.1,1040.6959734153984,3.45974654278176,28.233354602759327,14.116677301379664,1001.8056880540411,48
2024-11-13 04:00:00,2024-11-13 13:00:00,SHORT_SPREAD,MEAN_REVERT,0.794415791372337,2.528583849421295,-0.08365477187297131,0.36374161524306475,0.010639479826014733,3210.61,3166.0,87198.3,87679.9,21.350486940201765,0.0,1.6720206008339396,0.8360103004169698,18.842456038950857,9
2024-11-17 09:00:00,2024-11-18 16:00:00,LONG_SPREAD,MEAN_REVERT,0.9768521783501614,-2.641862844339825,0.08752620205513073,0.925791234101441,0.031264158731263106,3147.6,3146.13,91048.9,92407.8,-43.84577841404264,-0.14799382171380748,4.624919781165992,2.312459890582996,-50.93115190750543,31
2024-11-19 02:00:00,2024-11-21 02:00:00,SHORT_SPREAD,TIME_STOP,0.8927917743984413,2.7301008403055382,1.507671781400937,0.887736578709145,0.027466668091584587,3145.95,3080.44,90777.9,94688.3,165.5612821765685,0.24701872657644808,4.248613085566512,2.124306542783256,159.4353812747952,48
2024-12-03 15:00:00,2024-12-05 04:00:00,LONG_SPREAD,MEAN_REVERT,0.933802029490411,-3.2956989203932103,1.165524180602112,1.6309051128191359,0.057240886472976996,3581.87,3836.78,95298.7,103084.7,-29.943519769872466,0.7870906269946749,9.381902357095548,4.690951178547774,-43.229282678521116,37
2024-12-05 05:00:00,2024-12-07 05:00:00,SHORT_SPREAD,TIME_STOP,0.7980626898073427,2.812698618287464,1.0888138691944944,0.4070924898772509,0.012122322504247975,3860.33,3997.68,103459.1,99570.7,-103.0505923101583,0.45424150180428935,2.2640518279813207,1.1320259139906603,-105.99242855032598,48
2024-12-09 12:00:00,2024-12-09 17:00:00,SHORT_SPREAD,MEAN_REVERT,0.6918751307010382,2.605913993541416,-0.017546015295171517,0.7671819236272901,0.020839065613294974,3853.68,3848.62,98157.5,97884.6,-1.805040472314031,0.0,3.9977598060890447,1.9988799030445223,-7.8016801814475985,5
2024-12-10 17:00:00,2024-12-12 17:00:00,LONG_SPREAD,TIME_STOP,0.7674608812816611,-3.497553685043078,-2.4968523604624053,2.8448582770623907,0.08187995532264457,3613.67,3933.01,96358.0,101449.8,491.56068568526246,-0.7171770825277988,15.066291555524726,7.533145777762363,468.24407126944755,48
2024-12-17 20:00:00,2024-12-19 05:00:00,SHORT_SPREAD,MEAN_REVERT,1.0118674114844872,2.589291274348231,-0.14717519922675304,0.43831113500324403,0.016429158893630093,3943.27,3652.6,106450.4,100653.5,32.16570642090879,-0.0946065654551248,2.6927589126510276,1.3463794563255138,28.031961486477126,33
2024-12-20 14:00:00,2024-12-22 14:00:00,LONG_SPREAD,TIME_STOP,1.2822224614418538,-2.63129548337297,-0.8943682097973374,0.18770013002497343,0.00833390923780938,3296.12,3369.57,95188.0,96943.6,-0.8444365075638469,0.022650164772950898,1.140943278328505,0.5704716391642525,-2.5332012602836533,48
2024-12-26 20:00:00,2024-12-28 20:00:00,SHORT_SPREAD,TIME_STOP,1.2327506167417108,3.7999593966750083,1.3465465837740702,4.54945048298127,0.19490656697400202,3338.54,3399.3,96064.8,94993.7,-485.1890352317977,-1.467745810789939,27.156810307381157,13.578405153690579,-527.3919965036594,48
2025-01-06 15:00:00,2025-01-07 16:00:00,SHORT_SPREAD,MEAN_REVERT,0.9486724716763072,2.8212477753158516,-0.2901419275318646,0.8730847248230523,0.030304920805728674,3684.5,3461.21,100702.0,97915.4,110.50339588849563,0.08301223459032825,4.903157930662027,2.4515789653310134,103.23167122709292,25
2025-01-07 17:00:00,2025-01-09 17:00:00,LONG_SPREAD,TIME_STOP,1.0715148727478763,-3.578307767197314,-1.1719534251989447,1.7360493527780674,0.06581316372285555,3456.81,3300.79,97706.4,94210.2,-40.76243701258667,-0.27060462283051967,9.74486628930674,4.87243314465337,-55.650341069377305,48
2025-01-16 10:00:00,2025-01-17 17:00:00,LONG_SPREAD,MEAN_REVERT,1.224901885808998,-2.6575328909451468,0.22844183804017262,0.607331737805756,0.025032065518265926,3334.8,3436.57,99106.1,104923.9,-83.82339981567543,0.037550182469129945,3.687904094847024,1.843952047423512,-89.31770577547684,31
2025-01-17 23:00:00,2025-01-19 23:00:00,SHORT_SPREAD,MEAN_REVERT,1.0722151644696436,3.5320804546362634,-0.6603828381396659,1.4548886127580567,0.05184734784625406,3468.92,3265.88,104370.9,103396.8,244.89608239736017,-0.004035176392195083,8.228235216927649,4.1141176084638245,232.5496943955765,48
2025-01-20 08:00:00,2025-01-22 08:00:00,SHORT_SPREAD,TIME_STOP,1.017978284546152,2.9713838007415974,1.377295788319909,0.46424803970951134,0.01491846232087534,3383.33,3286.91,107178.8,105063.8,13.210248180139775,-0.016943141523751648,2.505191630150635,1.2525958150753176,9.43551759339007,48
2025-01-26 23:00:00,2025-01-27 17:00:00,SHORT_SPREAD,MEAN_REVERT,0.7668282119837556,3.6855658339841164,-0.7852949388274346,4.148057659872873,0.1002499405778072,3286.37,3083.01,104273.8,99708.0,385.8278270215938,-0.43247453550775705,18.747887530638096,9.373943765319048,357.2735211901289,18
2025-01-27 22:00:00,2025-01-29 22:00:00,LONG_SPREAD,TIME_STOP,0.8821871338334673,-2.882663183511515,-1.5234085059128117,0.8366265547540089,0.023008478245240608,3158.16,3138.97,101306.8,103681.7,-70.69769857035126,0.0529421871384288,3.993927847805047,1.9969639239025234,-76.63564815492042,48
2025-02-03 10:00:00,2025-02-05 10:00:00,LONG_SPREAD,TIME_STOP,1.6844736750716414,-3.7360045135611677,-0.9559324923105823,0.6799891342688958,0.030909670194656187,2569.74,2757.21,95227.2,97371.2,61.20723010404721,1.109289722605885,3.8301684571248655,1.9150842285624328,56.5712671409658,48
2025-02-09 19:00:00,2025-02-10 03:00:00,LONG_SPREAD,STOP_LOSS,1.8180887656360183,-2.5979537368890293,5.589848408094497,1.0399353209795994,0.051817970172876274,2635.62,2587.91,96166.5,95764.4,-28.779308357422874,0.06482704881941383,6.1510411994599465,3.0755205997299733,-37.94104310779338,8
2025-02-10 08:00:00,2025-02-12 08:00:00,SHORT_SPREAD,TIME_STOP,1.561655329654914,3.640422988860961,1.1631177607776948,1.2931098431777075,0.05465981345975162,2636.0,2617.26,97386.3,96025.1,-50.1700596202638,-0.6071884938516271,6.945949303904452,3.472974651952226,-61.19617206997211,48
2025-02-17 06:00:00,2025-02-19 06:00:00,SHORT_SPREAD,TIME_STOP,1.2740414401010374,3.9275365654793237,0.6250146424781703,6.674779246544125,0.23602705948035943,2669.99,2685.91,96198.5,95247.2,-330.7950272886496,-4.997840496288125,32.37432631508989,16.187163157544944,-384.35435725757253,48
2025-02-21 21:00:00,2025-02-23 21:00:00,LONG_SPREAD,TIME_STOP,1.5213959226423417,-3.3447823200027242,-0.9007092526778173,0.9388277715004678,0.03955613766576573,2631.88,2805.27,95034.3,95734.7,135.07822847936393,0.565527756637298,5.060252897669693,2.5301264488348467,128.0533768894967,48
2025-02-28 17:00:00,2025-03-02 17:00:00,SHORT_SPREAD,TIME_STOP,1.3369646413373557,2.7975166058049363,1.8901170624238186,0.4526327955137056,0.015944542853813824,2221.4,2441.68,84310.3,91165.5,9.597077975705531,0.36693993424317606,1.963417739604526,0.981708869802263,7.018891300541917,48
2025-03-04 09:00:00,2025-03-06 09:00:00,SHORT_SPREAD,TIME_STOP,1.1790085641787846,2.5232261509704053,1.3662803128173786,0.49698681239990655,0.014658627307635647,2097.9,2292.25,83859.7,91119.2,9.824917949859184,-0.046174853449213904,1.898718854502999,0.9493594272514995,6.930664814655472,48
2025-03-07 03:00:00,2025-03-09 03:00:00,SHORT_SPREAD,TIME_STOP,1.0458716474043237,2.501264990751441,1.1220798424920593,0.3955867613402773,0.010221349152768037,2154.46,2180.9,87206.8,85954.0,-23.26462018842478,0.009021920838524267,1.393979207206728,0.696989603603364,-25.346567078396347,48
2025-03-09 18:00:00,2025-03-11 18:00:00,SHORT_SPREAD,MEAN_REVERT,0.9383454388588167,2.5981165637415558,-0.0330849127621094,0.5113475577566537,0.011789889782253959,2022.83,1904.13,82324.4,81272.6,48.29634903274013,-0.16906246447514495,1.574732801646188,0.787366400823094,45.765187365795704,48
2025-03-24 10:00:00,2025-03-24 17:00:00,LONG_SPREAD,MEAN_REVERT,0.9876190260976272,-1.5651500607271176,-0.3026277679899355,0.6391514553734591,0.015169489123088223,2093.4,2078.23,87111.3,88007.5,-23.290823730127045,-0.08628267813223348,2.129106447051138,1.064553223525569,-26.570766078835984,7
2025-03-26 12:00:00,2025-03-26 13:00:00,LONG_SPREAD,MEAN_REVERT,0.9817578277896016,-1.5198104199774887,2.102497746126212,1.1201699476050266,0.02586167306700699,2067.43,2063.54,87914.9,87767.5,-0.5454504861067315,0.0,3.668331696354034,1.834165848177017,-6.047948030637783,1
2025-03-26 14:00:00,2025-03-26 15:00:00,SHORT_SPREAD,MEAN_REVERT,0.9290574902438227,2.6328275728571975,0.2534878001819359,2.010767739518831,0.043631483078645145,2027.1,2016.91,86792.0,86720.1,17.352619632342208,0.0,6.280862040552693,3.1404310202763464,7.931326571513169,1
2025-03-26 19:00:00,2025-03-26 20:00:00,SHORT_SPREAD,MEAN_REVERT,0.9331398473815917,2.0703788547314006,-1.5678008212642078,1.4016389490630312,0.03026558881025661,1993.95,1998.9,86168.4,86525.2,3.8606492896375784,0.0,4.3292830262117015,2.1646415131058507,-2.633275249679974,1
2025-03-27 01:00:00,2025-03-27 12:00:00,LONG_SPREAD,MEAN_REVERT,0.985606694216733,-1.9123637426238134,0.23118631174468202,1.2414380323551855,0.028289411319323887,2017.0,2015.29,87239.0,86900.7,7.447448813999941,0.0,3.972859105523663,1.9864295527618314,1.4881601557144466,11
2025-03-27 17:00:00,2025-03-29 17:00:00,LONG_SPREAD,TIME_STOP,0.9994198425062462,-2.6001819939286346,-1.286928310678464,1.7323537573782681,0.039894862906078264,1999.92,1821.02,86792.1,82164.3,-125.29264063822322,0.5889055242284977,5.343884872328577,2.6719424361642883,-132.7195624224876,48
2025-03-30 19:00:00,2025-04-01 19:00:00,LONG_SPREAD,TIME_STOP,1.1565298986715369,-1.5159662503498244,-2.0156512113121403,0.2530498960574887,0.00645511873485872,1824.05,1907.49,82698.1,85074.3,5.775830189265596,0.06396567432316279,0.810902628626629,0.4054513143133145,4.6234419206488155,48
2025-04-01 20:00:00,2025-04-02 16:00:00,LONG_SPREAD,MEAN_REVERT,1.2585846522833486,-1.9034296146049177,-0.42484744900393867,0.33229215896211184,0.009403000365257354,1909.11,1900.1,84911.6,86709.5,-19.899606708944766,0.0033406923419018048,1.151809552330374,0.575904776165187,-21.623980345098428,20
2025-04-03 16:00:00,2025-04-04 12:00:00,LONG_SPREAD,MEAN_REVERT,1.2818785223518303,-1.6803712280040075,0.17651009962891917,0.4696963184693966,0.013079992503853997,1781.42,1783.15,82001.7,82633.7,-7.453980631483662,0.058179783192294776,1.5310780815181846,0.7655390407590923,-9.692417970568645,20
2025-04-06 19:00:00,2025-04-08 19:00:00,LONG_SPREAD,TIME_STOP,1.2791934366143531,-1.503462065278412,-1.2128801989613869,0.776149746697838,0.02031233343203083,1617.6,1474.97,79066.6,77219.7,-73.18738975589463,0.5548966718700392,2.2299347434414933,1.1149673717207467,-75.97739519918683,48
2025-04-13 20:00:00,2025-04-15 20:00:00,SHORT_SPREAD,TIME_STOP,1.4933157279739404,2.482649770102717,1.3524224572446997,4.324334289913055,0.12226126126304386,1589.42,1606.17,83950.0,83954.5,-71.88242368035996,-0.6939923720271615,13.738806142097605,6.8694030710488025,-93.18462526553354,48
2025-04-16 19:00:00,2025-04-18 11:00:00,SHORT_SPREAD,MEAN_REVERT,1.3377486620401189,2.2533882671405054,0.35186303121140916,0.532061237367801,0.013267429586561791,1565.6,1583.37,83990.5,84488.0,-2.8541819687113215,-0.12196872171795059,1.564288604093454,0.782144302046727,-5.322583596569453,40
2025-04-18 17:00:00,2025-04-20 17:00:00,LONG_SPREAD,TIME_STOP,1.4422944331875167,-1.6175294088595131,-0.9033604320503331,0.511644511605004,0.013865698469124988,1586.71,1580.49,84445.8,84570.0,-4.904548612048422,-0.13737645302132281,1.5856010465893218,0.7928005232946609,-7.420326634953726,48
2025-04-22 15:00:00,2025-04-24 15:00:00,SHORT_SPREAD,TIME_STOP,1.2907877883083372,2.710600652094153,1.0208288825867515,0.6105625051639114,0.014544139835017776,1674.64,1764.54,90744.1,93055.8,-21.267881157625,0.44168102765892636,1.9092183215087624,0.9546091607543812,-23.690027612229215,48
2025-04-24 17:00:00,2025-04-25 16:00:00,SHORT_SPREAD,MEAN_REVERT,1.2908696049367252,1.5078347018455958,0.23030593539506383,0.37954534083947383,0.009292518983447282,1769.38,1805.69,93289.7,94999.8,2.1098453877119763,0.0,1.24263396592351,0.621316982961755,0.24589443882671136,23
2025-04-27 22:00:00,2025-04-28 18:00:00,LONG_SPREAD,MEAN_REVERT,1.3286357162456404,-1.8276523011511698,0.14541213522638705,1.1224098612339712,0.028502536553131376,1802.14,1770.0,94289.3,94037.9,-28.908715250602473,0.0,3.7508832254628803,1.8754416127314402,-34.5350400887968,20
2025-04-29 15:00:00,2025-04-30 00:00:00,LONG_SPREAD,MEAN_REVERT,1.4241153078326771,-3.9778060325645077,-0.35370028121322994,45.079139520830914,1.231604702065441,1822.43,1796.57,94994.9,94200.1,-186.867130807095,0.0,158.4619430132633,79.23097150663165,-424.56004532698995,9
2025-04-30 03:00:00,2025-04-30 07:00:00,LONG_SPREAD,MEAN_REVERT,1.392250215445205,-1.7617763694622242,-0.4500962483235956,0.5270481085175373,0.013979043330550242,1802.19,1802.39,94599.9,94712.5,-1.468630657316507,0.0,1.8184773254442415,0.9092386627221207,-4.196346645482869,4
2025-04-30 12:00:00,2025-05-01 10:00:00,LONG_SPREAD,MEAN_REVERT,1.4012364628922527,-1.8262259015323041,-0.2881754247080242,0.5352629318507104,0.01430882310265292,1814.79,1816.61,95126.4,95478.2,-4.0596654315450795,0.02977374827540713,1.868432525869835,0.9342162629349176,-6.832540472074425,22
2025-05-02 16:00:00,2025-05-04 16:00:00,SHORT_SPREAD,TIME_STOP,1.3282173897493592,1.5778957392903004,1.694508919612657,0.5298316499530944,0.013313587094860146,1840.21,1829.64,97270.1,95421.1,-19.016501998392236,0.13832331953739108,1.8039255016773919,0.9019627508386959,-21.58406693137093,48
2025-05-04 17:00:00,2025-05-05 15:00:00,SHORT_SPREAD,MEAN_REVERT,1.300427989669676,1.6978507281111668,-0.4459469997026277,0.4661015230212213,0.011619893720290339,1826.97,1803.55,95300.7,93839.8,-6.059405066815051,0.004912379807030368,1.5559933638246317,0.7779966819123159,-8.388482732744968,22
2025-05-07 14:00:00,2025-05-08 05:00:00,SHORT_SPREAD,MEAN_REVERT,1.2499622254014175,3.105357407165015,-0.5476624480286985,2.0062774689912146,0.04727481672876054,1827.97,1893.08,96967.7,98905.3,-39.02904111237109,0.06112068263581227,6.690127581240909,3.3450637906204546,-49.003111801596646,15
2025-05-08 17:00:00,2025-05-10 17:00:00,LONG_SPREAD,TIME_STOP,1.3808623073968525,-2.6394057353717857,-1.2633888820766244,0.9141114109378463,0.0255579752978805,2049.8,2459.91,101235.9,103390.6,319.8164613653764,0.0010687517904374166,3.7408865613249036,1.8704432806624518,314.2062002751795,48
2025-05-12 20:00:00,2025-05-13 15:00:00,LONG_SPREAD,MEAN_REVERT,1.5149207539432958,-1.5185712113100451,-0.42643091941217154,0.30197818929136727,0.011050213321323568,2459.28,2543.53,101812.9,103148.2,10.6863125998343,0.030743158178272827,1.510241353096751,0.7551206765483754,8.451693728367447,19
2025-05-14 01:00:00,2025-05-16 01:00:00,LONG_SPREAD,TIME_STOP,1.5495532928749716,-1.945171063213698,-0.9333916237044777,0.3681669094582833,0.014802946375499143,2694.96,2543.69,103861.7,103710.0,-53.44700142859133,-0.02626233426755578,2.0005481297619325,1.0002740648809663,-56.474085957501785,48
2025-05-16 13:00:00,2025-05-16 19:00:00,LONG_SPREAD,MEAN_REVERT,1.6851338824130582,-1.5647899140992438,-0.21623526258648743,0.15957177847616733,0.006751229597416444,2597.41,2585.41,103454.2,103635.2,-3.136833898846384,0.00345139550642155,0.8900559566052249,0.4450279783026124,-4.4684664382478,6
2025-05-18 01:00:00,2025-05-20 01:00:00,LONG_SPREAD,TIME_STOP,1.7134981747388913,-2.4119064600579674,-0.7588816413015906,0.4405704994225335,0.018131497382192344,2481.76,2514.33,103329.7,105674.8,-28.170793344787583,0.4782740756173981,2.3962777644305384,1.1981388822152692,-31.28693591581599,48
2025-05-21 10:00:00,2025-05-23 10:00:00,SHORT_SPREAD,TIME_STOP,1.604883275617696,1.5721463494393644,1.5066016922482923,0.20789967880243435,0.007928866476575756,2522.62,2681.77,106154.4,111282.2,7.570407637177745,-0.040392708652790515,1.1224067111532852,0.5612033555766426,5.846404861795026,48
2025-05-23 11:00:00,2025-05-25 11:00:00,SHORT_SPREAD,TIME_STOP,1.417792023157824,1.543130063914572,0.9520258284282825,0.09574828285440332,0.003265667483430167,2670.55,2491.51,111012.6,106903.4,3.7234917393410853,-0.015275133109492564,0.4823598305242278,0.2411799152621139,2.984676860445251,48
2025-05-25 19:00:00,2025-05-27 19:00:00,SHORT_SPREAD,TIME_STOP,1.353177429292055,1.9166714056169454,1.0339200590411142,0.2717075068826677,0.008612451834792935,2514.89,2679.06,107361.5,109837.1,-23.285235642714134,-0.10263327656304527,1.3127390745830756,0.6563695372915378,-25.35697753115179,48
2025-05-28 19:00:00,2025-05-29 06:00:00,SHORT_SPREAD,MEAN_REVERT,1.1779305978775954,2.5854764848103713,0.22911914607962108,0.3359327030731743,0.009708171730387063,2635.54,2721.91,107424.7,107631.7,-27.004916016239903,0.05530969532481336,1.555018849199276,0.777509424599638,-29.282134594714005,11
2025-05-29 17:00:00,2025-05-30 13:00:00,LONG_SPREAD,MEAN_REVERT,1.3573022116363167,-2.1029771314836267,3.088765743083527,0.40599104243818834,0.01363089462890508,2639.12,2609.1,106691.0,105630.8,2.26362339157072,0.0,2.009946556785763,1.0049732783928815,-0.7512964436079248,20
2025-05-30 14:00:00,2025-05-31 00:00:00,SHORT_SPREAD,MEAN_REVERT,1.178578242273263,2.870610877632194,0.08325652300496583,0.6096344516445006,0.017548756241592023,2575.54,2529.62,105450.8,103949.9,1.655485776509888,-0.15150318678788427,2.714801303310471,1.3574006516552355,-2.568219365243703,10
2025-06-02 00:00:00,2025-06-03 16:00:00,LONG_SPREAD,MEAN_REVERT,1.4328677710115747,-2.529519834304169,-0.24111775929656085,0.37996068358764046,0.013086464683427484,2537.89,2622.55,105583.3,106556.1,19.436958628491467,0.06732662972070749,1.8947676304305998,0.9473838152152999,16.662133812566275,40
2025-06-05 04:00:00,2025-06-05 13:00:00,SHORT_SPREAD,MEAN_REVERT,1.3426739457343044,1.7030098442338195,0.4684977441824122,0.3998625425935465,0.013418149617805845,2624.01,2630.27,104991.5,105600.7,5.671197230531774,0.04882321241584247,1.9706989632965248,0.9853494816482624,2.76397199800283,9
2025-06-05 17:00:00,2025-06-05 22:00:00,SHORT_SPREAD,STOP_LOSS,1.3499612594525014,1.6010925261793625,-7.433344903254086,0.4205174092669541,0.014071708117955647,2558.34,2435.97,103208.8,101488.1,27.24552721343107,0.0,1.9922517326905589,0.9961258663452794,24.25714961439523,5
2025-06-06 02:00:00,2025-06-08 02:00:00,LONG_SPREAD,TIME_STOP,1.5601701441646332,-3.3133795636377226,-0.6402174225946399,0.8414625831153674,0.03121619419588021,2420.51,2517.81,101796.7,105644.5,-38.23936268978295,-0.6815012758676016,4.252374514750683,2.1261872573753413,-45.29942573777658,48
2025-06-10 00:00:00,2025-06-10 02:00:00,LONG_SPREAD,MEAN_REVERT,1.574597380564921,-1.644032796183947,-0.35205943352348607,0.5786338616518228,0.022144976794530286,2679.13,2707.69,110228.0,109742.7,27.272740327161642,0.0,3.1952970022399425,1.5976485011199713,22.47979482380173,2
2025-06-10 16:00:00,2025-06-11 01:00:00,LONG_SPREAD,MEAN_REVERT,1.5867589264163913,-2.771421573185577,-0.44314214486685327,1.3319491984643328,0.05298173742587155,2731.84,2794.64,108975.2,109782.6,40.86895486591059,0.14300551217113155,7.580463570316196,3.790231785158098,29.64126502260742,9
2025-06-11 14:00:00,2025-06-12 05:00:00,LONG_SPREAD,MEAN_REVERT,1.5736016475186472,-1.5715711501021556,-0.2842746447409414,0.6136111640596722,0.024621985387447375,2795.57,2761.52,109631.5,107720.4,26.161616137718873,0.0,3.504611107767315,1.7523055538836576,20.9046994760679,15
2025-06-12 14:00:00,2025-06-12 22:00:00,LONG_SPREAD,STOP_LOSS,1.588613388948122,-1.766610884617064,4.798898666706738,0.6832643549062948,0.027876854036785952,2748.43,2632.29,107015.8,105827.4,-46.225468841500316,0.0,3.8439411995415353,1.9219705997707677,-51.991380640812615,8
2025-06-13 01:00:00,2025-06-13 02:00:00,SHORT_SPREAD,MEAN_REVERT,1.424119352539818,3.9346466152618476,-1.538773567186673,11.84691915363093,0.41122168489591254,2528.39,2496.57,103733.7,103715.0,369.2791219609804,0.0,57.93507952547839,28.967539762739197,282.3765026727628,1
2025-06-13 03:00:00,2025-06-15 03:00:00,LONG_SPREAD,TIME_STOP,1.6198901916137,-1.561730094776606,-1.192134318907422,0.2988841697621902,0.01156688547302643,2474.99,2528.3,103596.6,105421.6,-5.176050898250757,0.031703996421686094,1.5652375035630408,0.7826187517815204,-7.492203157173632,48
2025-06-17 00:00:00,2025-06-19 00:00:00,LONG_SPREAD,TIME_STOP,1.7843320439245838,-2.6579248736890824,-0.7602932653623448,0.46080000114776715,0.019587770249238037,2543.11,2523.5,106750.1,104832.8,28.519343876356377,0.0,2.5916524510731183,1.2958262255365591,24.6318651997467,48
2025-06-20 05:00:00,2025-06-21 23:00:00,SHORT_SPREAD,MEAN_REVERT,1.6874866390863195,1.698243888696414,-0.5156581394698937,0.14793784029534396,0.005995858851624586,2503.11,2285.27,104219.3,101732.4,17.31567775183251,-0.02793541751698449,0.7772959676662202,0.3886479838331101,16.121798382816195,42
2025-06-27 16:00:00,2025-06-28 23:00:00,LONG_SPREAD,STOP_LOSS,1.6154433410805613,-2.618128168904985,4.427969340666783,0.8892045728826466,0.03264487345357138,2437.61,2439.13,107261.2,107309.1,-0.2120984876447476,0.06831797775154563,4.536415919661827,2.2682079598309133,-6.948404389385942,31
2025-06-29 00:00:00,2025-06-30 00:00:00,SHORT_SPREAD,MEAN_REVERT,1.4508725098620665,3.900834819511928,-0.9105944977716163,10.247137466919563,0.3375473147577778,2434.8,2499.25,107240.9,108309.8,-299.62368499837225,0.8805394044864046,49.32737943912553,24.663689719562765,-372.73421475257413,24
2025-06-30 10:00:00,2025-07-02 08:00:00,LONG_SPREAD,MEAN_REVERT,1.633510691964394,-1.520440702139985,-0.4042116796108842,0.2034684799467852,0.007581613748839782,2450.53,2445.76,107428.0,107026.1,2.0765059163125024,0.01962212654715019,1.0488595346934826,0.5244297673467413,0.5228387408194286,46
2025-07-02 18:00:00,2025-07-03 04:00:00,LONG_SPREAD,MEAN_REVERT,1.7447695608484037,-1.52368597866311,-0.4935448001962555,0.11693496437649767,0.004799321588129221,2565.98,2560.21,109082.7,108594.8,1.6668742583958296,0.0,0.6576540680148629,0.32882703400743146,0.680393156373535,10
2025-07-04 02:00:00,2025-07-05 16:00:00,SHORT_SPREAD,MEAN_REVERT,1.5921642533246594,1.5413637989386015,0.48351023687782707,0.24708754601616698,0.009305366714746886,2588.99,2506.88,109455.0,108012.6,6.866297454036534,0.0,1.313096711877318,0.656548355938659,4.896652386220557,38
2025-07-06 23:00:00,2025-07-07 00:00:00,LONG_SPREAD,MEAN_REVERT,1.7089996001470198,-2.7500601155492226,-0.16350551699160118,0.6534633457009477,0.02640464096749688,2581.54,2569.14,109184.7,109145.8,-7.075804953056336,-0.10065578240368743,3.652287620075614,1.826143810037807,-12.654892165573445,1
2025-07-08 06:00:00,2025-07-08 16:00:00,SHORT_SPREAD,MEAN_REVERT,1.561090283029297,1.9521509264922634,-0.2524098022351902,0.5262753682902435,0.019377067698673096,2551.0,2563.83,108159.2,108217.0,-5.632118462180424,0.011337839370871877,2.753818127109447,1.3769090635547234,-9.751507813473722,10
2025-07-08 19:00:00,2025-07-09 21:00:00,LONG_SPREAD,MEAN_REVERT,1.6499496843160901,-1.5071165582677557,2.8470984066560954,0.3881908112319693,0.015401892925239026,2623.79,2737.02,109111.6,110675.8,19.863204642137053,0.0,2.186463673550853,1.0932318367754266,16.58350913181077,26
2025-07-09 22:00:00,2025-07-10 23:00:00,SHORT_SPREAD,MEAN_REVERT,1.4435560201694837,3.0764937396135434,-0.022259925893744596,0.4218329407569752,0.015129702091371303,2752.58,2973.19,110785.7,115983.7,-14.416373589448327,-0.11025415974693631,2.3385087450548325,1.1692543725274163,-18.03439086677751,25
2025-07-14 11:00:00,2025-07-16 11:00:00,SHORT_SPREAD,TIME_STOP,1.4630148474805003,1.6770169757153872,1.3661147795254593,0.19105051546329063,0.007029551285486385,3066.03,3143.5,121911.8,118716.9,-37.2593968349416,-0.13560931924002306,1.1511382778778738,0.5755691389389369,-39.12171357099844,48
2025-07-17 23:00:00,2025-07-19 23:00:00,SHORT_SPREAD,TIME_STOP,1.1798984314434287,3.485677239823391,1.0724799125257942,0.609874488200886,0.02082294970904843,3465.75,3575.84,119767.8,117758.1,-108.9889644363102,-0.11407391060434502,3.696190387066778,1.848095193533389,-114.6473239275147,48
2025-07-21 18:00:00,2025-07-23 18:00:00,LONG_SPREAD,TIME_STOP,1.2927153742163495,-1.6402680095313211,-1.9282847422865776,0.1905208841935644,0.007878191368514205,3768.62,3586.93,117815.2,118078.9,-36.693218513005895,0.04203397542604481,1.3039219008933598,0.6519609504466799,-38.60706738891989,48
2025-07-23 19:00:00,2025-07-25 19:00:00,LONG_SPREAD,TIME_STOP,1.3992803783065724,-2.0173651684093414,-1.2789672405358337,0.15220462021050554,0.0064860987578338886,3603.82,3648.26,118334.7,116455.9,18.950055668373203,0.10950624813581084,1.0506700404589104,0.5253350202294552,17.48355685582065,48
2025-07-28 12:00:00,2025-07-30 12:00:00,LONG_SPREAD,TIME_STOP,1.6654639410278516,-1.6087758721190166,-1.8309193959590588,0.26742144149942493,0.014539179860791996,3878.59,3756.61,118813.4,117526.6,-13.911050789232888,0.32709252086715873,2.191202383374396,1.095601191687198,-16.870761843427324,48
2025-07-30 13:00:00,2025-07-30 18:00:00,LONG_SPREAD,MEAN_REVERT,1.7969197426858068,-1.685905540821676,-0.40447817933890595,0.1100505220142047,0.006339024958899802,3772.29,3803.62,117680.2,117748.1,3.0174630599956735,0.0,0.9304474879855936,0.4652237439927968,1.621791828017283,5
2025-07-31 16:00:00,2025-08-02 16:00:00,SHORT_SPREAD,TIME_STOP,1.6142082174704224,1.530414065545123,0.6797372807630341,0.11817327974891625,0.0061069579316866745,3786.01,3457.5,118259.4,112798.6,5.472228256961984,-0.019214536957802522,0.906820327749493,0.4534101638747465,4.0927832283799415,48
2025-08-04 15:00:00,2025-08-06 15:00:00,LONG_SPREAD,TIME_STOP,1.6691378389047096,-1.697275551783383,-2.0252869768539483,0.17425867492888436,0.009226467005752298,3637.99,3634.99,114686.6,115142.6,-4.730044979409701,0.2334347049364841,1.3551565553370895,0.6775782776685447,-6.529345107478851,48
2025-08-06 17:00:00,2025-08-08 17:00:00,LONG_SPREAD,TIME_STOP,1.6982686656721129,-2.317867612939154,-4.710831399972577,0.47253839201675235,0.025404697574611675,3643.36,3969.8,115088.4,116151.9,127.23753681934915,0.06095070989484613,3.7888401092514936,1.8944200546257468,121.61522736536675,48
2025-08-08 20:00:00,2025-08-10 04:00:00,LONG_SPREAD,MEAN_REVERT,2.0046523184376364,-3.9950504035898025,0.3124905368405976,16.2487362927333,1.1362919045550168,4060.0,4241.14,116384.4,118480.0,562.0827768802155,5.420266290271389,160.70302047089257,80.35151023544628,326.44851246414805,32
2025-08-10 05:00:00,2025-08-12 05:00:00,SHORT_SPREAD,TIME_STOP,1.616553211441453,1.8384160840053738,1.4882295008188937,0.06749691597863164,0.003914611322424654,4249.99,4309.32,118460.4,119024.0,-1.798317083693652,-0.0940220012872251,0.6029544596177148,0.3014772298088574,-2.7967707744074493,48
2025-08-18 03:00:00,2025-08-20 03:00:00,LONG_SPREAD,TIME_STOP,1.3072757775720782,-2.1415095956951196,-1.0058964636727414,0.10032467823911626,0.004908443529452783,4318.72,4135.0,115394.8,113386.8,-8.575495278949276,-0.04588753496744667,0.7884313212405747,0.39421566062028734,-9.804029795777584,48
2025-08-20 15:00:00,2025-08-22 15:00:00,LONG_SPREAD,TIME_STOP,1.7656303655948116,-2.1214502549406165,-1.0875363896542447,0.05179778632856464,0.0033962601867942835,4211.67,4611.79,113413.4,115744.5,12.808308144349104,0.01637722857817766,0.49412621920720906,0.24706310960360453,12.083496044116467,48
2025-08-22 16:00:00,2025-08-24 03:00:00,LONG_SPREAD,MEAN_REVERT,2.202743945330374,-1.7873694863957592,-0.49243960184674135,0.02825650845940828,0.002468887842156015,4613.93,4774.67,116319.4,114970.0,7.873468423970593,0.014850651132447178,0.33452665720062397,0.16726332860031198,7.386529089302105,35
2025-08-24 21:00:00,2025-08-26 21:00:00,SHORT_SPREAD,TIME_STOP,1.98258405860545,1.707576945393904,1.2211561761308938,0.1212425763461436,0.010201367369857304,4784.64,4582.67,112739.9,111258.5,9.375057522924106,-0.29032371208580304,1.3683227065972956,0.6841613532986478,7.03224975094236,48
2025-08-27 16:00:00,2025-08-29 16:00:00,SHORT_SPREAD,TIME_STOP,1.89026538200353,1.5411931174789695,8.086423757286369,0.09816647668651089,0.007715290918166234,4655.31,4313.88,111965.0,108334.4,5.5058449275810695,-0.07523309576000325,1.0320590964517429,0.5160295482258714,3.882523187143452,48
2025-08-29 20:00:00,2025-08-31 20:00:00,SHORT_SPREAD,TIME_STOP,1.5876258969761214,3.8187666206001714,0.8505187461096372,1.1118685752637805,0.07081441169026285,4338.79,4453.24,108155.5,108877.3,-76.13951608090754,-0.4717234246569959,10.057852767706759,5.0289263838533795,-91.69801865712468,48
2025-09-01 21:00:00,2025-09-03 21:00:00,SHORT_SPREAD,TIME_STOP,1.4937140773667368,1.6458686954439006,1.2173978014652225,0.06805172342596359,0.004002873189731138,4286.0,4462.45,108839.6,112166.8,1.3106330783621658,-0.02907753684677997,0.5920030772499467,0.29600153862497336,0.3935509256404658,48
2025-09-09 01:00:00,2025-09-09 14:00:00,LONG_SPREAD,MEAN_REVERT,1.3681806233335403,-1.7756270182439204,0.28477760684780123,0.321475420780877,0.016945830250202076,4299.6,4344.99,111598.0,112712.8,-4.299442213681505,0.050890504507259265,2.6320623791260758,1.3160311895630379,-8.196645277863361,13
2025-09-09 15:00:00,2025-09-09 17:00:00,LONG_SPREAD,MEAN_REVERT,1.3919493743259777,-2.4434770630651244,-0.2998371927197484,0.4553255288740427,0.024416697666041483,4303.57,4286.31,111708.8,110915.1,11.52061430917139,0.14254554434922947,3.7387728453998457,1.8693864226999228,6.055000585420852,2
2025-09-10 15:00:00,2025-09-10 23:00:00,SHORT_SPREAD,MEAN_REVERT,1.3047787040535126,1.5657100964478234,0.34189843186156627,0.3299014944778436,0.01663022378903711,4399.42,4343.99,113872.4,113831.5,17.60626368593545,-0.04423482625590344,2.66849233618762,1.33424616809381,13.559290355398117,8
2025-09-11 09:00:00,2025-09-12 00:00:00,SHORT_SPREAD,MEAN_REVERT,1.3017370810519011,1.5120443713304963,0.44164148327016484,0.2981447004010832,0.015080807276459454,4429.97,4456.87,114005.7,115427.0,13.414258941242837,0.0,2.4438378323720404,1.2219189161860202,9.748502192684777,15
2025-09-12 21:00:00,2025-09-14 21:00:00,SHORT_SPREAD,TIME_STOP,1.0913887035833074,3.8470406213320127,0.6853264535347015,1.6130022891880191,0.070793153113025,4668.37,4614.93,116088.3,115745.1,61.902632185817126,0.7278944597335637,12.554480613652926,6.277240306826463,43.7988057250713,48
2025-09-16 17:00:00,2025-09-18 17:00:00,LONG_SPREAD,TIME_STOP,1.1602921186074358,-1.8224876149636131,-1.8263704722284873,0.21169289737337263,0.009444542612119106,4461.12,4619.47,116021.0,117510.6,19.452979624060955,0.06938919617547312,1.6511582217744112,0.8255791108872056,17.04563148757481,48
2025-09-18 18:00:00,2025-09-20 18:00:00,LONG_SPREAD,TIME_STOP,1.274283977399079,-1.8637195169353356,-0.7604883207715329,0.12403166209868571,0.006195656319627651,4607.21,4483.87,117530.2,115760.0,-4.330514386247065,0.08405052828409824,1.0291870658437274,0.5145935329218637,-5.790244456728558,48
2025-09-22 08:00:00,2025-09-24 08:00:00,LONG_SPREAD,TIME_STOP,1.477231821229899,-3.811595040405594,-1.0295960077634874,1.7648481640892988,0.09717274894810178,4191.46,4173.43,112454.5,112544.7,-40.585194353648106,2.256158672805007,14.65062061377307,7.325310306886535,-60.304966601502706,48
2025-09-25 18:00:00,2025-09-27 18:00:00,LONG_SPREAD,TIME_STOP,1.6248050617454863,-1.7398977850726955,-1.2683755398232655,0.09537944339084478,0.005465725644169879,3837.04,4000.0,108793.9,109330.9,12.607939424052844,0.005872666092492235,0.7758811304084849,0.38794056520424247,11.449990394532609,48
2025-10-05 00:00:00,2025-10-07 00:00:00,SHORT_SPREAD,TIME_STOP,1.2370372970753294,1.5290054992999949,1.2703466012485911,0.039661436270813075,0.0017985126950316149,4484.79,4682.42,122343.2,124628.6,-3.727968736975524,-0.004216258557781207,0.32310665312438774,0.16155332656219387,-4.216844975219887,48
2025-10-07 04:00:00,2025-10-07 16:00:00,SHORT_SPREAD,MEAN_REVERT,0.829675037853917,1.7260123372173786,-2.293434042834174,0.07722145201900758,0.0024171777148423237,4688.74,4510.3,124277.8,121788.2,7.761590259400219,0.01760026041187959,0.5220593910245291,0.26102969551226457,6.996101433275305,12
2025-10-07 17:00:00,2025-10-09 17:00:00,LONG_SPREAD,TIME_STOP,1.0924727139112904,-3.5827580802003074,-0.29426941723988237,0.7302354504330522,0.0294990410247583,4497.23,4275.43,121621.6,119752.1,-106.8177657102648,0.11268654815318851,5.410560002077489,2.7052800010387443,-114.82091916522783,48
2025-10-10 17:00:00,2025-10-11 00:00:00,LONG_SPREAD,MEAN_REVERT,1.474970077062306,-3.7974164738669294,0.895629920130364,2.090076183737848,0.10714418881991107,4106.36,3820.0,118150.0,112715.0,-16.185549738952773,0.4076480671218745,16.52101576465644,8.26050788232822,-40.559425318815556,7
2025-10-12 16:00:00,2025-10-13 22:00:00,LONG_SPREAD,MEAN_REVERT,1.478141024243662,-2.843895489754386,0.3658056714176862,0.31604193687370796,0.016652728559790463,4032.37,4256.82,113119.0,115651.1,28.769238745058168,0.0,2.5717512162441163,1.2858756081220581,24.911611920691993,30
2025-10-14 01:00:00,2025-10-15 18:00:00,LONG_SPREAD,MEAN_REVERT,1.588692997295052,-1.5674606303889953,0.1882274885134069,0.0780254838111663,0.004574407133860349,4240.27,3990.96,114904.0,111133.8,-2.2061035928816253,-0.03706282909538325,0.6704938511812342,0.3352469255906171,-3.24890719874886,41
2025-10-16 09:00:00,2025-10-18 09:00:00,SHORT_SPREAD,TIME_STOP,1.6828987034701683,2.3004424827786942,1.2602647094498647,0.1867912905205983,0.011331514851372787,3992.63,3874.54,110760.7,106663.3,-24.37156545443731,0.07109518975531508,1.5733048488359251,0.7866524244179626,-26.66042753793588,48
2025-10-19 18:00:00,2025-10-20 17:00:00,SHORT_SPREAD,MEAN_REVERT,1.2621297368293254,2.1052893400772517,-1.527133487896758,0.37184353904488543,0.017179983342425327,3991.44,3947.76,109036.3,110634.3,43.695739166676205,0.08937381214455374,2.6904309896022927,1.3452154948011463,39.74946649441732,23
2025-10-20 18:00:00,2025-10-21 16:00:00,LONG_SPREAD,MEAN_REVERT,1.3907892239126225,-3.3178419152224254,0.9801145734970971,0.7149079353862197,0.03562085998099409,3949.56,4080.41,110244.2,113355.2,-17.27079205558583,-0.2305724241562629,5.482196877259029,2.7410984386295145,-25.724659795630636,22
2025-10-22 00:00:00,2025-10-24 00:00:00,SHORT_SPREAD,TIME_STOP,1.1933413157408304,1.7957121408408692,1.4375637663919945,0.15026883462499413,0.006412479022328213,3871.11,3855.22,108253.8,110026.0,13.751967105561246,-0.1070436426861961,1.0242964974104514,0.5121482487052257,12.108478716759372,48
2025-10-24 18:00:00,2025-10-25 00:00:00,SHORT_SPREAD,STOP_LOSS,1.1056534092743837,1.6937679763565936,-5.260976881247447,0.38555310544086935,0.015038793803627746,3886.76,3933.2,110173.7,110965.4,-5.998873162341777,-0.06396391214002867,2.536270075697279,1.2681350378486396,-9.867242188027724,6
2025-10-25 02:00:00,2025-10-27 02:00:00,LONG_SPREAD,TIME_STOP,1.2338913482755713,-3.512249803280551,-2.372866843468245,1.2876581605969664,0.05626297755806029,3931.63,4190.34,111026.7,115217.7,97.3319037822105,0.04342184836493579,9.275001820184224,4.637500910092112,83.46282290029909,48
2025-10-27 03:00:00,2025-10-28 15:00:00,LONG_SPREAD,MEAN_REVERT,1.7584959377834621,-2.0577290140396265,0.47891562861353293,0.044209587951650774,0.0028459028662296128,4203.6,4117.29,114831.0,115021.8,-4.358727802983614,0.03874306068189404,0.40880074424876534,0.20440037212438267,-4.933185858674867,36
2025-10-29 17:00:00,2025-10-31 17:00:00,SHORT_SPREAD,TIME_STOP,1.4873360364770567,2.515630126848432,0.8436976886501583,0.31384567847506695,0.016648397122656054,3961.0,3820.87,111060.0,108812.8,6.566916910678529,0.03607845636037339,2.4411343843300397,1.2205671921650199,2.9412937905438428,48
2025-11-01 06:00:00,2025-11-02 07:00:00,SHORT_SPREAD,MEAN_REVERT,1.1199858820004946,1.8164544577455093,-1.0389741128793142,0.18596347155863555,0.00729137986354371,3853.97,3900.28,110087.7,110609.9,-4.8044098031379825,-0.03158888366684634,1.2204789143623898,0.6102394571811949,-6.666717058348413,25
2025-11-02 10:00:00,2025-11-02 21:00:00,LONG_SPREAD,MEAN_REVERT,1.212485358353278,-1.6646288813465435,0.35617844777443314,0.15128517928820004,0.0064163708143119,3870.76,3857.19,110657.2,110045.6,1.871312507092203,0.0,1.0340941223348648,0.5170470611674324,0.32017132358990585,11
2025-11-02 22:00:00,2025-11-03 03:00:00,SHORT_SPREAD,MEAN_REVERT,1.0180626725215027,2.1869498661295506,-0.02783973724132535,0.199171612961705,0.007117904260328153,3859.54,3797.4,109947.5,108991.7,5.573231137418653,0.020976994246817898,1.233373341833534,0.616686670916767,3.74414811891517,5
2025-11-03 05:00:00,2025-11-05 05:00:00,LONG_SPREAD,TIME_STOP,1.2159516538670405,-1.7185238764393114,-0.5351241669707785,0.14069124879531872,0.005940368122390984,3744.77,3328.04,107843.8,101952.1,-23.631397243782224,0.0858085228306023,0.896538939184138,0.448269469592069,-24.890397129727827,48
2025-11-06 18:00:00,2025-11-07 17:00:00,SHORT_SPREAD,MEAN_REVERT,1.5129743877314183,1.7895752640094937,-0.2858639204483856,0.3648149110368298,0.018052724076778378,3328.32,3307.47,101762.2,101128.3,-3.8372308971516746,0.0,2.4334245411234754,1.2167122705617377,-7.487367708836888,23
2025-11-08 04:00:00,2025-11-10 04:00:00,SHORT_SPREAD,TIME_STOP,1.47188223723943,2.083224290542532,2.966789596826358,0.32459647381051027,0.016085476462100474,3452.51,3626.44,102545.8,105990.6,-1.0458153732182325,-0.0998560319734082,2.2608838247888325,1.1304419123944163,-4.53699714237489,48
2025-11-10 05:00:00,2025-11-11 23:00:00,SHORT_SPREAD,MEAN_REVERT,1.2194855391105328,2.6724560421315733,-0.14076263263433983,0.20160787959054388,0.00837779471855668,3615.98,3428.47,106115.9,102940.1,11.197293034830714,0.0069748491769736284,1.2686579520256769,0.6343289760128384,9.301280955969172,42
2025-11-12 15:00:00,2025-11-14 15:00:00,LONG_SPREAD,TIME_STOP,1.233336327266731,-1.9739984952569651,-0.08270041844339822,0.3199408333142712,0.01328977524477839,3500.94,3197.85,103948.5,96497.7,2.048590224572365,0.22696605293959185,1.9228405605868824,0.9614202802934412,-0.6087045633683666,48
2025-11-15 16:00:00,2025-11-16 04:00:00,SHORT_SPREAD,MEAN_REVERT,1.3683109340873643,1.6822436345607954,-1.3434157134018692,0.506137395559471,0.022920265586895493,3184.5,3201.56,96222.1,95782.0,-18.721912853037388,0.0,3.0532034968237425,1.5266017484118712,-23.301718098273,12
2025-11-16 08:00:00,2025-11-17 16:00:00,LONG_SPREAD,MEAN_REVERT,1.416381951597995,-1.6489651167304924,0.09991663334728428,0.7370180886949277,0.03497115511818112,3218.22,3119.47,96064.8,93915.8,2.3724760903471207,0.1527005654003894,4.525933281034431,2.2629666405172153,-4.263723265804136,32
2025-11-18 11:00:00,2025-11-20 11:00:00,SHORT_SPREAD,TIME_STOP,1.4425064325495136,1.588789905044375,0.7269842414346707,0.40146315377580144,0.01938785318483166,3064.5,3014.11,91536.3,91770.1,24.762608393376283,-0.07867549650358657,2.3977022048852605,1.1988511024426303,21.087379589544806,48
2025-11-21 00:00:00,2025-11-23 00:00:00,SHORT_SPREAD,TIME_STOP,1.2878943924701616,2.0412078038750927,1.37849394175647,0.5009508404634276,0.02110526898127436,2832.96,2769.06,86601.4,84689.4,-8.342515586583502,-0.08059116049689236,2.5685900141242404,1.2842950070621202,-12.275991768266755,48
2025-11-23 18:00:00,2025-11-24 17:00:00,SHORT_SPREAD,MEAN_REVERT,1.1623806757888004,1.9004394822237114,-1.3193175123089167,0.775015944162398,0.02900343539214813,2791.3,2857.47,86699.4,87123.3,-38.98824876249374,0.16810498547444613,3.76773690561799,1.883868452808995,-44.47174913544628,23
2025-11-24 21:00:00,2025-11-26 11:00:00,LONG_SPREAD,MEAN_REVERT,1.3329496886502616,-3.6274030377362005,0.034429458622881895,1.4773218729105309,0.06572753126137836,2971.25,2912.74,89018.6,86916.1,51.75403169305251,-0.4859740649971984,8.102520248479221,4.051260124239611,39.114277255336475,38
2025-11-26 18:00:00,2025-11-28 18:00:00,SHORT_SPREAD,TIME_STOP,1.2560241329030868,2.8513504306312454,1.2469219858693092,0.8718666793527536,0.0369001905067834,3025.66,3033.6,89792.4,90621.2,23.660256457961278,-0.16580823709781678,4.776065242219833,2.3880326211099163,16.33035035753371,48
2025-11-29 18:00:00,2025-12-01 13:00:00,LONG_SPREAD,MEAN_REVERT,1.1952873832991038,-2.048244306520576,0.032163515983847826,0.6033160706248292,0.023686295413297198,2968.64,2819.52,90381.1,85396.3,28.104952924629487,-0.015185958071440908,3.0622421482916478,1.5311210741458239,23.496403744120574,43
2025-12-02 10:00:00,2025-12-02 17:00:00,SHORT_SPREAD,MEAN_REVERT,1.267133108391406,1.608004774170219,-0.46428189949207216,0.3207069042746472,0.013102963251547781,2796.6,2994.09,86734.4,90713.8,-11.194474561990802,-0.008253757592577363,1.6728846028669833,0.8364423014334916,-13.712055223883853,7
2025-12-03 16:00:00,2025-12-05 05:00:00,SHORT_SPREAD,MEAN_REVERT,1.2408740236337823,2.0327824775333907,-0.06061634682072013,0.5216691309565761,0.021627111983252335,3084.84,3167.18,92333.0,91985.6,-50.46749494594605,-0.04542967043492807,2.899105937167771,1.4495529685838855,-54.861583522132634,37
2025-12-05 17:00:00,2025-12-06 03:00:00,SHORT_SPREAD,MEAN_REVERT,1.0521958118841108,2.1692375141589104,-0.02120505662648955,0.23381750454043426,0.008403357322403314,3031.69,3027.91,88757.6,89354.7,5.901474824369834,0.0,1.1654327403713245,0.5827163701856622,4.153325713812848,10
2025-12-06 16:00:00,2025-12-08 16:00:00,LONG_SPREAD,TIME_STOP,1.2231737435345564,-1.6643166253212756,-0.9917509291797393,0.2704127544267858,0.011208470659517463,3040.1,3099.69,89713.3,89912.7,13.87892698678449,0.02990821923611192,1.4694441104754077,0.7347220552377038,11.704669040307492,48
2025-12-09 19:00:00,2025-12-10 16:00:00,LONG_SPREAD,MEAN_REVERT,1.5972068575712082,-3.4515985576327193,0.6187078374679552,1.604527918866346,0.09212000612453936,3374.83,3326.63,93887.2,92021.8,94.50241373535759,0.0,11.15144715430922,5.57572357715461,77.77524300389376,21
2025-12-10 17:00:00,2025-12-11 17:00:00,SHORT_SPREAD,MEAN_REVERT,1.4911524649021035,1.5040481183417225,-0.41212061289432395,0.20639552611387185,0.011191327939204517,3350.0,3173.89,92126.7,89704.2,9.237324171191059,-0.027591194806493413,1.352572376095892,0.676286188047946,7.180874412240726,24
2025-12-12 17:00:00,2025-12-12 18:00:00,LONG_SPREAD,MEAN_REVERT,1.5628835403398833,-3.084511261236271,0.908159808182778,0.9413875973430081,0.0501542575569173,3067.89,3064.77,89996.8,90043.9,-5.299394834640449,0.0,5.921207080499702,2.960603540249851,-14.181205455390002,1
2025-12-14 20:00:00,2025-12-15 17:00:00,LONG_SPREAD,MEAN_REVERT,1.5123264772333669,-2.5356280996188256,1.6385271935672743,1.6824000910655665,0.08879123963611399,3091.88,2987.48,88598.7,86360.6,23.081103922340645,-0.4173745140652505,10.30510758019485,5.152553790097425,7.206068037983119,21
2025-12-15 18:00:00,2025-12-17 18:00:00,SHORT_SPREAD,TIME_STOP,1.3898003629524616,1.77920729311554,3.2677718755119223,0.10837298681504028,0.0051568931541607415,2935.41,2846.38,85734.2,86380.7,12.982378440307928,-0.052504977375750606,0.605667200390557,0.3028336001952785,12.02137266234634,48
2025-12-17 19:00:00,2025-12-18 19:00:00,SHORT_SPREAD,MEAN_REVERT,1.1334094076376215,2.9749600937658873,-0.027592961582201706,0.3717673218665249,0.01381311950041653,2812.56,2826.0,85796.2,85946.7,-2.917678321073427,0.0,1.7874150205727195,0.8937075102863598,-5.5988008519325065,24
2025-12-20 20:00:00,2025-12-21 19:00:00,LONG_SPREAD,MEAN_REVERT,1.3640902211144832,-3.1839093595333914,1.726044911969043,0.6648020832702014,0.030605586694124942,2976.57,2986.97,88196.4,88406.8,0.4745262255656977,0.3256977630012438,3.7478473454900247,1.8739236727450124,-4.821547029668095,23
2025-12-21 20:00:00,2025-12-23 15:00:00,SHORT_SPREAD,MEAN_REVERT,1.1510366951192734,1.6921207632959738,-0.034383738029371565,0.12130613795086499,0.004719305670638188,2989.48,2916.16,88448.3,86837.2,1.290892668592229,-0.02115529049571234,0.6174464938635187,0.30872324693175934,0.3435676373012386,43
2025-12-24 03:00:00,2025-12-26 03:00:00,LONG_SPREAD,TIME_STOP,1.1601664782777728,-1.5500129188040488,-2.4309436743130357,0.16878470546108384,0.00659612592463464,2933.96,2972.35,87100.1,89151.8,-7.053626716921885,0.008055926696344272,0.8637898082271867,0.4318949041135933,-8.34125550256632,48
2025-12-26 20:00:00,2025-12-28 20:00:00,SHORT_SPREAD,TIME_STOP,1.1075156341937906,1.6520108876702706,1.4762519107251888,0.193081089658298,0.007150938517394942,2924.5,2932.18,87453.7,87488.7,-1.2325799204668741,-0.045693106660381066,0.9527266010661896,0.4763633005330948,-2.7073629287265395,48
2025-12-28 21:00:00,2025-12-29 04:00:00,SHORT_SPREAD,STOP_LOSS,1.0723178998726037,1.5433413998945413,-5.40568637803484,0.9306939110814844,0.03344063844872526,2931.19,3042.3,87478.2,90091.5,-16.018980002210014,0.0,4.599013963221899,2.2995069816109495,-22.917500947042864,7
2025-12-29 07:00:00,2025-12-29 11:00:00,LONG_SPREAD,MEAN_REVERT,1.1477025890428043,-3.5127428811963406,1.1235283363861082,2.7016795566973775,0.1048657992970024,3035.01,2965.11,89740.7,87747.2,20.20256988542735,0.0,13.929124816311,6.9645624081555,-0.6911173390391498,4
2025-12-29 16:00:00,2025-12-30 10:00:00,SHORT_SPREAD,MEAN_REVERT,0.984065656876257,3.680624549036075,-0.3296798625667737,2.6460892836897125,0.08717804196604062,2934.02,2984.55,87636.4,87954.7,-105.95812074705073,0.0,12.387501174572263,6.193750587286131,-124.53937250890912,18
2025-12-30 19:00:00,2026-01-01 19:00:00,SHORT_SPREAD,TIME_STOP,0.9832874482172761,1.7125881679240094,1.489119364596835,0.22300694395075482,0.007380163638161884,2970.5,2989.04,88259.7,88165.2,-4.831974204653284,0.0,1.0524253738394513,0.5262126869197257,-6.410612265412461,48
2026-01-01 20:00:00,2026-01-02 16:00:00,SHORT_SPREAD,MEAN_REVERT,0.8223874129147908,2.7370082005087686,-1.9475957627667453,0.43514134816616523,0.012126628123065893,2994.08,3085.09,88354.8,89373.0,-27.254881341697136,0.07871611429799438,1.9202148669047747,0.9601074334523874,-30.056487527756303,20
2026-01-02 17:00:00,2026-01-04 17:00:00,LONG_SPREAD,TIME_STOP,0.9716156527059331,-1.96834868223186,-0.43214591838871663,0.23064013582987025,0.007766356213596661,3130.68,3137.9,90333.9,91282.3,-5.700390452283419,0.05899822451273064,1.1425128984080888,0.5712564492040444,-7.355161575382821,48
2026-01-05 12:00:00,2026-01-06 19:00:00,SHORT_SPREAD,MEAN_REVERT,1.075991861436664,1.535791501902884,-0.06808015223263195,0.27042437383118334,0.009935975857991056,3178.88,3217.56,93093.3,92006.4,-21.259426939840694,0.016983416782790653,1.4275597729080487,0.7137798864540243,-23.383783182419975,31
2026-01-07 11:00:00,2026-01-09 10:00:00,LONG_SPREAD,MEAN_REVERT,1.1674829607153043,-2.920533820817235,0.14932674368400126,0.5978718181855469,0.02442400348392875,3216.53,3091.0,91924.1,90299.1,-35.361843675447595,0.310890485769906,3.2886858004050112,1.6443429002025056,-39.98398189028521,47
2026-01-09 17:00:00,2026-01-09 18:00:00,SHORT_SPREAD,MEAN_REVERT,1.16687997933472,2.497935971550532,-1.269442937741486,1.1396553089533055,0.045475848202608776,3132.05,3113.04,91589.9,91372.9,11.796588363236479,0.0,6.175055397166187,3.0875276985830933,2.534005267487199,1
2026-01-09 21:00:00,2026-01-11 21:00:00,SHORT_SPREAD,TIME_STOP,1.1725815461448177,1.910035767591414,1.0005101604222684,0.7768598790204535,0.031002333225750054,3072.3,3113.94,90272.4,90654.2,-20.51175453682012,0.14949217665433456,4.1659953602373925,2.0829976801186962,-26.611255400521877,48
2026-01-12 01:00:00,2026-01-14 00:00:00,SHORT_SPREAD,STOP_LOSS,1.097070204228182,1.5476488724159776,-5.180842588492633,0.4467195706765993,0.016754336580678698,3118.83,3324.68,91229.2,95375.2,-22.493744160284038,0.16312644540359084,2.4019499783543896,1.2009749891771948,-25.93354268241203,47
2026-01-14 02:00:00,2026-01-15 21:00:00,LONG_SPREAD,MEAN_REVERT,1.2423830735582362,-3.4981256090001276,0.32394299248491965,0.5826192001681508,0.0253606616558191,3335.17,3286.53,95191.4,95220.8,-29.084201348860084,-0.11297293286860692,3.474763574837441,1.7373817874187205,-34.40931964398485,43
2026-01-17 02:00:00,2026-01-18 20:00:00,SHORT_SPREAD,MEAN_REVERT,0.9982258325239347,3.938346489427364,-1.3640575519409786,6.20415489788535,0.21365700547667973,3289.27,3345.36,95344.1,95335.6,-349.807132768942,-1.4801190149373333,32.7609303669395,16.38046518346975,-400.42864733428854,42
2026-01-18 21:00:00,2026-01-20 21:00:00,LONG_SPREAD,TIME_STOP,1.2237086644179385,-2.4422073372040494,-0.8263667615585794,0.1239312388106619,0.0053170108126051946,3339.77,3005.64,95259.4,89700.8,-11.854008520859285,0.0,0.7079319621452725,0.35396598107263627,-12.915906464077194,48
2026-01-21 23:00:00,2026-01-23 23:00:00,LONG_SPREAD,MEAN_REVERT,1.4036657418635459,-3.4880137759873824,0.17884817595154584,1.1821790270533765,0.055642420933797905,3008.77,2958.76,89728.4,89585.4,-51.16390694940598,0.0672406837328974,6.812857099260275,3.4064285496301374,-61.31595191456349,48
2026-01-24 07:00:00,2026-01-24 21:00:00,LONG_SPREAD,MEAN_REVERT,1.4671374969288982,-2.3644144261015287,0.8274046570955024,2.38784245789132,0.11572012455326285,2960.06,2955.04,89612.4,89333.7,20.264229574379634,0.0,13.932796761197428,6.966398380598714,-0.6349655674165087,14
2026-01-25 03:00:00,2026-01-26 03:00:00,SHORT_SPREAD,MEAN_REVERT,1.357438081891519,1.7792912901290956,-0.03555209920579331,0.17280133666352937,0.007771229676796627,2952.06,2864.66,89105.1,87514.7,2.7434731464150595,-0.0976864366181866,0.9510760089069478,0.4755380044534739,1.2191726964364515,24
2026-01-27 18:00:00,2026-01-28 13:00:00,LONG_SPREAD,MEAN_REVERT,1.4732597856875969,-2.4416704722648244,0.325094998306548,0.5068074745010552,0.024989998745827652,2928.89,3029.79,87510.3,89954.9,-9.953676756893543,0.00041009355771631784,2.981903475035201,1.4909517375176005,-14.426121875888628,19
2026-01-28 19:00:00,2026-01-30 19:00:00,SHORT_SPREAD,TIME_STOP,1.3683462436299814,1.5200709701692576,1.729498111671296,0.21192713734065408,0.00976497291869497,3013.81,2739.26,89500.9,83897.3,3.465593309677473,-0.09235705968687907,1.1649841532683405,0.5824920766341702,1.6257600200880828,48
2026-01-30 20:00:00,2026-01-31 16:00:00,SHORT_SPREAD,MEAN_REVERT,0.9913167764921378,2.1725385879164394,-1.4704981150978538,0.1735020849859798,0.005599788830505358,2741.36,2532.61,84199.9,81268.6,19.80389924196299,-0.07901114210922183,0.7366533797015935,0.36832668985079675,18.619908030301378,20
2026-01-31 17:00:00,2026-02-02 17:00:00,LONG_SPREAD,TIME_STOP,1.1441734991796904,-1.7704587435078898,-1.096038830160097,0.26662782101943666,0.009422366534737327,2480.8,2357.05,80321.0,78588.8,-16.673769539683317,0.1921010901588913,1.1148847141922733,0.5574423570961367,-18.153995520812835,48
2026-02-03 18:00:00,2026-02-05 18:00:00,SHORT_SPREAD,TIME_STOP,1.4850441298818329,2.3308504633953038,0.8356871717053604,0.7257613736049713,0.03158300261070297,2194.32,1953.53,74882.4,66153.8,-100.9193154374405,-0.22170685655578468,2.9858783945244025,1.4929391972622013,-105.6198398857829,48
2026-02-05 19:00:00,2026-02-07 19:00:00,SHORT_SPREAD,TIME_STOP,1.3319417478736026,2.378717644125144,1.106350662929255,0.4275497589293561,0.016735453005699723,1948.76,2096.06,66312.1,69475.0,-10.045515178566582,0.042732484930810416,1.6007281786971548,0.8003640893485774,-12.403874961681502,48
2026-02-08 18:00:00,2026-02-08 21:00:00,SHORT_SPREAD,MEAN_REVERT,1.014067382575508,1.6084444485695242,-0.12533875527185215,0.3463928252950603,0.010381377283497379,2091.09,2103.49,70754.4,70801.5,-3.806308163605835,0.0,1.1690070486924724,0.5845035243462362,-5.5598187366445435,3
2026-02-09 01:00:00,2026-02-10 05:00:00,SHORT_SPREAD,MEAN_REVERT,1.0297368802320999,2.3942274347056682,-0.6303750859553567,1.4988673757978141,0.04563579232071103,2083.15,2069.54,70453.8,69800.5,-9.414278138512206,0.4161684007302334,5.049979067875411,2.5249895339377053,-16.57307833959509,28
2026-02-10 08:00:00,2026-02-11 16:00:00,LONG_SPREAD,MEAN_REVERT,1.1455248730387755,-3.430192809969373,0.021612539178664732,1.7373776921587234,0.05796097379561108,2006.06,1928.04,68882.2,66489.4,3.1388105559148016,1.058294916638654,5.872514935596632,2.936257467798316,-4.611666930841492,32
2026-02-12 19:00:00,2026-02-13 17:00:00,SHORT_SPREAD,MEAN_REVERT,0.9935331671014102,3.1715171761506733,-0.24305178887331458,1.6550600312366675,0.04809462279707265,1917.5,2060.58,65559.4,68920.9,-75.13591473698256,0.0,5.220696204479652,2.610348102239826,-82.96695904370203,22
2026-02-14 20:00:00,2026-02-16 17:00:00,LONG_SPREAD,MEAN_REVERT,1.0919821261126128,-1.8249389532099287,0.5818667488731716,0.43024288484622014,0.014039660606079016,2087.31,1972.73,69848.9,67854.1,-21.290914768673613,0.08235518836120276,1.4720426826519786,0.7360213413259893,-23.41662360429038,45
2026-02-18 19:00:00,2026-02-19 17:00:00,SHORT_SPREAD,MEAN_REVERT,1.1083522309504368,1.52120881290761,-0.984021352348364,0.5317081180324025,0.017338002086075763,1951.37,1920.96,66327.2,66267.6,15.135898945035319,-0.06210865164741366,1.7431512862812848,0.8715756431406424,12.459063363965978,22
2026-02-20 20:00:00,2026-02-22 20:00:00,SHORT_SPREAD,TIME_STOP,1.0459816281384067,2.1491905504032447,1.9335001282773001,0.5363359115699491,0.016285616712333237,1962.89,1942.81,67616.5,67402.1,7.277988881200509,-0.07987232764257327,1.7174513353818348,0.8587256676909174,4.621939550485183,48
2026-02-22 21:00:00,2026-02-23 03:00:00,SHORT_SPREAD,MEAN_REVERT,0.9458023104088854,1.8259067028331937,-1.699406070503966,0.5019460839261524,0.01366988527849691,1940.02,1861.45,67375.0,64742.5,3.45193081843464,0.0,1.4856656191778264,0.7428328095889132,1.2234323896679005,6
2026-02-23 04:00:00,2026-02-25 04:00:00,LONG_SPREAD,TIME_STOP,1.0401871375871674,-1.5229079105212224,-3.041011510823065,0.5098692946901714,0.015208807444543015,1860.93,1905.38,64894.1,65361.7,15.55205178790985,0.29154821781179235,1.5605444816077783,0.7802722408038891,13.502783283309975,48
2026-02-25 05:00:00,2026-02-27 05:00:00,LONG_SPREAD,TIME_STOP,1.1349972354629196,-2.7254218747337915,-2.419974193975534,1.2639930789193428,0.0417754355469799,1905.22,2041.79,65428.0,67709.1,77.32958876179846,-0.4071374142451184,4.220341464954902,2.110170732477451,70.591939150121,48
2026-02-27 06:00:00,2026-02-28 08:00:00,LONG_SPREAD,MEAN_REVERT,1.2416360748831712,-2.3598186729817683,0.5786875523911337,0.6228673871968977,0.02331670919271653,2040.68,1865.37,67685.8,63787.4,-18.297022532602085,0.10482620403934795,2.1993894115185206,1.0996947057592603,-21.491280445840516,26
2026-02-28 16:00:00,2026-03-01 04:00:00,SHORT_SPREAD,MEAN_REVERT,1.1619613501741517,2.0760857731232116,-0.017922104267814494,0.5799288225214285,0.01973487033360323,1897.77,2022.29,64800.1,67474.8,-19.42787929907962,0.0,1.9535135119614742,0.9767567559807371,-22.358149567021833,12
2026-03-02 16:00:00,2026-03-03 08:00:00,SHORT_SPREAD,MEAN_REVERT,1.159093876819073,1.7507610911940996,-0.26099762830517426,0.6419509209275865,0.022039376669062485,2046.39,1995.27,69089.1,68138.2,11.859287803206588,0.008814458515265432,2.2475806052218514,1.1237903026109257,8.496731353889077,16
2026-03-03 20:00:00,2026-03-04 18:00:00,SHORT_SPREAD,MEAN_REVERT,1.163865456102368,1.5738691235922444,-0.29354744587301,1.0405275023584983,0.03514935934404734,1985.14,2144.82,68395.9,73174.3,1.8062671129910086,0.024056266586664793,3.7093755183396615,1.8546877591698308,-3.7337398979318186,22
2026-03-05 16:00:00,2026-03-06 10:00:00,LONG_SPREAD,MEAN_REVERT,1.1975317053373276,-2.649201782763451,0.2922467265775361,1.4810928251313236,0.05166785569784963,2086.1,2058.71,71611.7,70521.3,15.771497372588172,0.0,5.393022274574009,2.6965111372870045,7.68196396072716,18
2026-03-06 16:00:00,2026-03-07 22:00:00,LONG_SPREAD,MEAN_REVERT,1.2038037928913312,-2.213654191495917,0.14702094646492014,1.1837645043858998,0.0411349255672681,1976.42,1969.41,68468.3,67416.3,34.975752521020894,0.0,4.104214560431606,2.052107280215803,28.819430680373483,30
2026-03-08 11:00:00,2026-03-10 11:00:00,SHORT_SPREAD,TIME_STOP,1.1901498876610308,1.5398408877705307,1.648545733811578,0.5162105909790606,0.01786110888370944,1973.11,2061.68,67869.0,70737.6,5.515604900793633,-0.15968506588572817,1.8233875619908662,0.9116937809954331,2.6208384919216057,48
2026-03-10 12:00:00,2026-03-12 01:00:00,SHORT_SPREAD,MEAN_REVERT,0.9938433383431857,1.615388706523587,-0.13116747179244792,0.2064773937236924,0.005992378418595174,2060.77,2054.61,70570.1,70176.9,-1.0843024488537767,0.081891864885465,0.6772568887458497,0.33862844437292483,-2.0182959170870864,37
2026-03-12 08:00:00,2026-03-12 16:00:00,SHORT_SPREAD,MEAN_REVERT,0.9613932702133098,2.1619814679171743,-0.5474584933966451,1.719508797923816,0.04832014905523489,2039.72,2071.39,69782.7,70282.8,-30.291937087723735,0.19581501303423152,5.534830260691432,2.767415130345716,-38.39836746572666,8
2026-03-12 17:00:00,2026-03-13 01:00:00,LONG_SPREAD,MEAN_REVERT,1.0046327763021514,-2.266549218254862,0.13126931578721576,1.8911589218813027,0.055887587099494804,2068.76,2118.16,70328.3,71443.4,31.103002366289502,0.0,6.336563738078685,3.1682818690393426,21.598156759171474,8
2026-03-13 02:00:00,2026-03-15 02:00:00,LONG_SPREAD,TIME_STOP,1.0228760861853823,-2.7929681769207826,-0.8079456568151094,2.0549193069376415,0.062327162999575504,2124.0,2087.2,71630.0,70960.8,-33.911693015989826,-0.07541678271836028,7.016382487686267,3.5081912438431333,-44.51168353023759,48
2026-03-15 15:00:00,2026-03-17 00:00:00,LONG_SPREAD,MEAN_REVERT,1.296746791848195,-2.4334173299991115,0.20706644775888006,0.9498549646989738,0.036063999479864356,2096.05,2351.66,71588.0,74846.4,125.28149162151458,-0.27207765644136284,3.8022758201902085,1.9011379100951042,119.3060002347879,33
2026-03-17 16:00:00,2026-03-18 14:00:00,SHORT_SPREAD,MEAN_REVERT,1.1964178448195373,2.4459358174855232,-0.36106457871538383,0.35389480581504046,0.013265693550430101,2314.68,2234.65,73878.5,72104.5,4.7888609509145965,0.0,1.4186199994043902,0.7093099997021951,2.6609309518080115,22
2026-03-18 23:00:00,2026-03-19 05:00:00,LONG_SPREAD,MEAN_REVERT,1.3184045510777274,-1.5251001363090124,0.9901046169686575,0.33595504163913686,0.013660817559821004,2193.44,2192.49,71117.9,70790.7,4.150662216016121,-0.0066624796596949625,1.364825116218382,0.682412558109191,2.096762062028853,6
2026-03-20 16:00:00,2026-03-21 13:00:00,LONG_SPREAD,MEAN_REVERT,1.3040220069325819,-1.5165667921055728,0.17853125202850245,0.3730367827580419,0.014859589940013494,2133.09,2156.96,69829.5,70680.0,-3.7336932395470566,-0.05096014791494845,1.4753040010189857,0.7376520005094929,-5.997609388990484,21
2026-03-21 16:00:00,2026-03-22 01:00:00,SHORT_SPREAD,MEAN_REVERT,1.1719223821399416,3.31250200355339,-0.5159415832272222,1.8850181728219462,0.06740798220881691,2154.25,2086.25,70599.1,68904.5,13.951669100830799,0.0,6.958830299486951,3.4794151497434753,3.5134236516003727,9
2026-03-23 09:00:00,2026-03-23 13:00:00,SHORT_SPREAD,MEAN_REVERT,1.165831833252392,1.6518771598753923,-2.4929554060008754,0.37469906704601674,0.013072154347520239,2046.85,2143.0,68400.2,70710.0,-5.8332531845722535,0.0,1.3553611567108652,0.6776805783554326,-7.866294919638551,4
2026-03-23 14:00:00,2026-03-24 18:00:00,LONG_SPREAD,MEAN_REVERT,1.2979188035552136,-1.6390119850138436,0.03107750650885522,0.3036109491232921,0.012049335268771035,2184.74,2108.38,71449.9,69205.0,3.8658206698095405,0.03486860168451291,1.1992945140782603,0.5996472570391301,2.101747500376663,28
2026-03-25 13:00:00,2026-03-26 08:00:00,SHORT_SPREAD,MEAN_REVERT,1.2346554367832037,1.5536711311534552,-0.04849518772079915,0.32910739811991574,0.012369757557008058,2182.27,2122.36,71685.4,70053.8,-0.4656722086501368,0.0,1.2679860477972837,0.6339930238986419,-2.3676512803460623,19
2026-03-26 11:00:00,2026-03-26 13:00:00,LONG_SPREAD,MEAN_REVERT,1.2986494025807478,-1.503720087591111,3.172273845482175,0.40537946515174067,0.015740183887421186,2077.38,2072.13,69480.0,69395.2,-0.7934745983932758,0.0,1.547218931937678,0.773609465968839,-3.114302996299793,2
2026-03-26 14:00:00,2026-03-27 16:00:00,SHORT_SPREAD,MEAN_REVERT,1.1741787931374223,2.0147383062191095,-0.10080756126491552,0.49955023643806873,0.017526113552768466,2080.08,1990.11,69615.8,66091.9,-16.81573677626789,-0.1533442359812665,1.76467717481316,0.88233858740658,-19.616096774468893,26
2026-03-28 15:00:00,2026-03-29 11:00:00,LONG_SPREAD,MEAN_REVERT,1.166500971487633,-1.75561447614418,0.1330785181505574,0.43291020068493086,0.015287972396208067,2019.75,1994.88,66716.1,66473.4,-7.056085790474308,-0.002157986908691022,1.5096686713761993,0.7548343356880997,-9.322746784447299,20
2026-03-31 01:00:00,2026-03-31 23:00:00,LONG_SPREAD,MEAN_REVERT,1.2738170205066486,-2.239575364510317,0.21013267942991745,0.6626234415416619,0.025580744192486002,2035.78,2095.71,67172.5,68141.7,14.918165580234476,-0.09108901836099428,2.47962402332234,1.23981201166117,11.107640526889972,22
2026-04-01 18:00:00,2026-04-02 04:00:00,SHORT_SPREAD,MEAN_REVERT,1.2114282535973997,1.5453587635154857,-0.03948376939505379,0.45835633365958056,0.017379473223790617,2135.86,2054.73,68239.7,66538.4,7.618751554166792,0.0,1.7052623393495503,0.8526311696747751,5.060858045142466,10
2026-04-03 18:00:00,2026-04-04 16:00:00,SHORT_SPREAD,MEAN_REVERT,1.1816798330145832,1.9836949532138781,-0.14866912300804652,0.8263446004031745,0.02995003901311407,2049.2,2055.16,66811.0,67357.4,11.439687498362403,-0.09635560534427887,2.963985815375147,1.4819929076875735,6.897353169955405,22
2026-04-04 19:00:00,2026-04-05 03:00:00,LONG_SPREAD,MEAN_REVERT,1.2700944967289518,-3.2876860073128062,2.754771537914299,2.437613491183471,0.09454623540794753,2054.17,2058.98,67265.6,67144.3,23.193379247576672,0.0,9.093687991127993,4.5468439955639965,9.552847260884683,8
2026-04-05 07:00:00,2026-04-06 04:00:00,SHORT_SPREAD,MEAN_REVERT,1.0248966250569729,3.297039080159051,-0.04836247780476473,0.9572030822048601,0.0299319191215174,2037.24,2128.38,66771.6,69092.3,-17.776484206845694,-0.06403788672984145,3.221604627851255,1.6108023139256276,-22.67292903535242,21
2026-04-07 00:00:00,2026-04-09 00:00:00,LONG_SPREAD,TIME_STOP,1.2188363615890847,-1.7484626605495857,-1.4520047998511691,0.3018721847933118,0.01126041302710955,2106.14,2188.87,68817.9,71038.2,-0.027609196140673475,0.03418918678705146,1.1485526011079432,0.5742763005539716,-1.716248911015537,48
2026-04-09 01:00:00,2026-04-10 00:00:00,LONG_SPREAD,MEAN_REVERT,1.3494792098552872,-1.5583086209361676,0.7905269830945701,0.26702646545407976,0.011108995986569383,2182.02,2188.92,70779.0,71750.4,-8.94879608972026,-0.004051587895180139,1.1002060765919992,0.5501030382959996,-10.603156792503437,23
2026-04-10 12:00:00,2026-04-12 03:00:00,SHORT_SPREAD,MEAN_REVERT,1.2995044172294026,1.624992653663121,-1.3200742622389976,0.8333653697162895,0.0332688801761046,2214.71,2222.26,72092.8,71723.7,-18.571452214358537,0.4472631644743476,3.3928924201267336,1.6964462100633668,-23.213527680074293,39
2026-04-12 11:00:00,2026-04-13 21:00:00,LONG_SPREAD,MEAN_REVERT,1.3427763979802616,-1.5238490918463954,0.3832305205806073,0.2477741304609762,0.010251300913636453,2200.47,2251.49,71416.1,73098.8,-4.608427911257028,-0.028623522275614474,1.0338184977004514,0.5169092488502257,-6.18777918008332,34
2026-04-14 00:00:00,2026-04-14 15:00:00,LONG_SPREAD,MEAN_REVERT,1.5209702774140348,-3.443624541432904,0.6499613147021857,1.1919582672717046,0.05773316787201167,2368.8,2352.08,74384.9,74966.3,-53.4956060295713,0.0,5.699843938513614,2.849921969256807,-62.04537193734172,15
2026-04-15 03:00:00,2026-04-17 03:00:00,SHORT_SPREAD,TIME_STOP,1.3231291093054618,1.8285212893430207,3.6355726199643263,0.26669760044041235,0.011039041456075127,2323.71,2330.94,74280.0,74670.5,2.382522037413151,0.0983432531189672,1.1542618921172334,0.5771309460586167,0.7494724523562684,48
2026-04-17 04:00:00,2026-04-17 15:00:00,SHORT_SPREAD,MEAN_REVERT,1.0921933786772324,3.1413709315638054,-0.2047630253115968,0.5615050763922389,0.01911325928378837,2324.45,2445.82,74582.8,77825.1,-6.178950545899156,0.0,2.236617012143718,1.118308506071859,-9.533876064114732,11
