datetime,btc_close,btc_close_sma200,alt_index,btc_norm,btc_relative_proxy,btc_d_sma20,btc_d_sma50,regime_on
2024-10-20,69031.99,63343.586449999995,0.8639980609834509,1.0,1.157410004904113,,,False
2024-10-21,67377.5,63338.035,0.8406627474973934,0.9760329957169132,1.161028008702074,,,False
2024-10-22,67426.0,63336.06189999999,0.8268377022910641,0.9767355685385861,1.1812905553679685,,,False
2024-10-23,66668.65,63324.925149999995,0.804482972970846,0.9657645679923176,1.200478568770549,,,False
2024-10-24,68198.28,63319.1146,0.8117873814267387,0.9879228456256294,1.2169724095604046,,,False
2024-10-25,66698.33,63294.50625,0.7430378473866079,0.9661945135871064,1.3003301473611053,,,False
2024-10-26,67092.76,63284.24005,0.7615927585808515,0.9719082413820026,1.2761521566894254,,,False
2024-10-27,68021.7,63271.19314999999,0.7761726605641723,0.9853649011132374,1.2695176616978632,,,False
2024-10-28,69962.21,63270.97305000001,0.7851812369073021,1.0134752018593118,1.2907532098591932,,,False
2024-10-29,72736.42,63299.07255,0.8296779711642932,1.053662512119381,1.2699656357523494,,,False
2024-10-30,72344.74,63341.1737,0.8280146709223197,1.0479886209277756,1.265664314571176,,,False
2024-10-31,70292.01,63364.32455,0.7780407492972443,1.0182526970466879,1.3087395460538693,,,False
2024-11-01,69496.01,63394.70465,0.767328339144402,1.006721811148715,1.311983097445932,,,False
2024-11-02,69374.74,63422.61140000001,0.7540622866497829,1.0049650893737816,1.332734851173545,,,False
2024-11-03,68775.99,63460.1045,0.7260810156682342,0.9962915743845716,1.3721493234025055,,,False
2024-11-04,67850.01,63482.00415,0.7049674713303956,0.9828777933245151,1.3942172274554094,,,False
2024-11-05,69372.01,63509.77415,0.7481068496353016,1.004925542491242,1.343291460278887,,,False
2024-11-06,75571.99,63562.931150000004,0.8609650243595729,1.0947386856441486,1.2715251545304849,,,False
2024-11-07,75857.89,63617.51484999999,0.9003711920970873,1.0988802437826288,1.2204746813624578,,,False
2024-11-08,76509.78,63665.96715,0.9090505537732474,1.1083235468077914,1.219210023257134,1.2681944019098224,,False
2024-11-09,76677.46,63717.28444999999,0.9738700584874583,1.1107525655858972,1.1405552064215163,1.2673516619856926,,False
2024-11-10,80370.01,63797.68654999999,1.0480762927833676,1.1642429835790622,1.1108380101673627,1.264842162058957,,False
2024-11-11,88647.99,63918.434799999995,1.14631568431867,1.2841581127822044,1.1202482268620997,1.2617900456336635,,False
2024-11-12,87952.01,64039.34479999999,1.1274899306785557,1.2740761203610094,1.1300110854154004,1.258266671465906,,False
2024-11-13,90375.2,64173.910899999995,1.2197121718663708,1.3091785417166735,1.0733503952111945,1.2510855707484454,,False
2024-11-14,87325.59,64294.94575,1.1658686120443345,1.2650017767125066,1.0850294481248135,1.240320535786631,,False
2024-11-15,91032.07,64430.7761,1.258076117965278,1.3186939852088866,1.0481829885950364,1.2289220773819116,,False
2024-11-16,90586.92,64580.3507,1.2547446083926188,1.3122455255889334,1.0458267896205393,1.2177375337780452,,False
2024-11-17,89855.99,64737.8058,1.2404799389264942,1.3016572461550073,1.0493174498907702,1.2056657457796243,,False
2024-11-18,90464.08,64894.823150000004,1.2579973117976004,1.3104660607350302,1.0417081566433994,1.1942528718241767,,False
2024-11-19,92310.79,65041.96705,1.2360701367073534,1.3372175711579513,1.0818298504646626,1.1850611486188511,,False
2024-11-20,94286.56,65193.93965,1.2029984414286707,1.3658386495884007,1.135361944414776,1.1763922685368962,,False
2024-11-21,98317.12,65365.465249999994,1.2787286303684442,1.424225493137312,1.1137824393021882,1.166482235629709,,False
2024-11-22,98892.0,65544.0993,1.3263027908961398,1.4325532264099585,1.080110240469319,1.153851005094498,,False
2024-11-23,97672.4,65720.9009,1.352153482589962,1.4148860550014564,1.046394564832488,1.137563267165997,,False
2024-11-24,97900.04,65904.43595,1.3428309380716184,1.4181836565916757,1.0561148215934526,1.120658146872899,,False
2024-11-25,93010.01,66054.11595,1.2839588169726899,1.3473464983408414,1.0493689365501664,1.105962020686463,,False
2024-11-26,91965.16,66209.9418,1.2783997158695068,1.3322107619959962,1.0420925047608365,1.0944903881979806,,False
2024-11-27,95863.11,66385.1274,1.3569817119881242,1.3886766121040404,1.023356910292829,1.0846344996444992,,False
2024-11-28,95643.98,66555.92735,1.3488841753914635,1.385502286693459,1.0271469648543905,1.075031346724362,,False
2024-11-29,97460.0,66728.52695,1.3871529316115703,1.4118092206236557,1.0177747445506533,1.0688923236308188,,False
2024-11-30,96407.99,66902.67945,1.4071833072663278,1.3965697642498789,0.992457597413469,1.062973302993124,,False
2024-12-01,97185.18,67057.57285,1.4494875943525967,1.407828167781343,0.9712592044709009,1.0555238518735641,,False
2024-12-02,95840.62,67210.5999,1.4655646219279794,1.3883508211193099,0.9473146392500296,1.0463890295652958,,False
2024-12-03,95849.69,67354.72835,1.4973280687200887,1.3884822094799816,0.927306606004422,1.039086840104957,,False
2024-12-04,98587.32,67513.08894999999,1.536878791163253,1.4281396204860963,0.9292467491240133,1.031297705154917,,False
2024-12-05,96945.63,67666.44705,1.5345881331416602,1.404358037483781,0.9151367765425973,1.024645394552295,,False
2024-12-06,99740.84,67807.91815,1.6052505328495166,1.4448495545326159,0.9000772932109424,1.0173579197318152,,False
2024-12-07,99831.99,67956.3364,1.6512884142742397,1.4461699568562343,0.8757827792862234,1.0086811862015879,,False
2024-12-08,101109.59,68116.05125,1.671430570936959,1.4646773184432318,0.8763016208457723,1.0004108594117065,1.1243434596676543,True
2024-12-09,97276.47,68262.58535,1.4928768179702356,1.40915059815022,0.9439161899949303,0.99351517638822,1.1200735833694706,True
2024-12-10,96593.0,68402.80040000001,1.4422193175357394,1.399249826058904,0.970205993669357,0.9852573788509492,1.1162571430688162,True
2024-12-11,101125.0,68561.97255,1.5650626542004955,1.4649005482820354,0.9360012165330036,0.9763683177124898,1.111351356292117,True
2024-12-12,100004.29,68719.45565,1.6288377197773696,1.4486659011278682,0.8893862682194471,0.9668321190999963,1.1051295102810947,True
2024-12-13,101424.25,68879.39474999999,1.6593911443014442,1.4692354950219455,0.8854063733360776,0.9587827095251755,1.0984981895566084,True
2024-12-14,101420.0,69044.5028,1.5903635308752784,1.4691739293623143,0.9237975474410773,0.9521668458175571,1.0909675375582077,True
2024-12-15,104463.99,69228.56065,1.636795632142498,1.5132692828353926,0.9245315988866525,0.9459249789343813,1.0839351264021524,True
2024-12-16,106058.66,69417.0931,1.612111656028191,1.536369732351624,0.9530169492954511,0.9414712011611119,1.0776051121541041,False
2024-12-17,106133.74,69610.06175000001,1.5653519521416475,1.537457344051649,0.9821799768085163,0.9394123544868963,1.0714336474930906,False
2024-12-18,100204.01,69772.24755,1.42210757897996,1.4515590525494049,1.020709736734945,0.9390904930809242,1.0664485295127424,False
2024-12-19,97461.86,69920.7287,1.2999403183166884,1.4118361646535178,1.0860776796904992,0.9425056398379164,1.0628567968151288,False
2024-12-20,97805.44,70065.7064,1.3546817637636241,1.4168132774384745,1.0458642873454165,0.9451759743345137,1.05759929164096,False
2024-12-21,97291.99,70199.47714999999,1.2828768416976672,1.4093754214531553,1.0986053965929332,0.9515432839406154,1.0533317376239,False
2024-12-22,95186.27,70319.8685,1.2906263907111057,1.378871882441749,1.0683741572044114,0.9575962598383343,1.0480445237445173,False
2024-12-23,94881.47,70440.28055,1.398213350216032,1.3744565381933795,0.9830091652186113,0.9603813877990438,1.0402617205808395,False
2024-12-24,98663.58,70586.82045,1.416307376525507,1.4292443257104424,1.0091342807354944,0.964375764379618,1.032560061646441,False
2024-12-25,99429.6,70737.41615,1.387342746372253,1.4403409202023583,1.0382012116102453,0.9705289861330003,1.0264582566730682,False
2024-12-26,95791.6,70868.13345,1.29474429061138,1.3876407155581056,1.0717488585355026,0.9791125643992284,1.0224627307531684,False
2024-12-27,94299.03,70991.9286,1.2847151849233358,1.3660192904767774,1.063285704495112,0.9884877106596729,1.0193189512158218,False
2024-12-28,95300.0,71131.85740000001,1.342227959497475,1.3805193794934782,1.0285282538819556,0.996099042311482,1.015505315828318,False
2024-12-29,93738.2,71259.22845,1.2869267916349136,1.3578950860318526,1.0551455567311492,1.001660510648293,1.0137971228345108,False
2024-12-30,92792.05,71389.32365,1.2922738548066193,1.3441891215942057,1.0401735797675449,1.0051588899532022,1.0123838342265143,False
2024-12-31,93576.0,71526.9837,1.2888714827813843,1.3555454507395772,1.0517305013330813,1.0109453541932063,1.011013479715934,False
2025-01-01,94591.79,71668.8014,1.3274606427558775,1.3702602228329213,1.032241694177983,1.018088125491133,1.0090580918911858,False
2025-01-02,96984.79,71820.341,1.3790465420582994,1.4049253107146409,1.0187656963467788,1.024756091641668,1.0079663979138973,False
2025-01-03,98174.18,71978.69025,1.4934742384040038,1.4221548589284474,0.9522459928389715,1.0261785139115627,1.0053107288081806,False
2025-01-04,98220.5,72143.91615,1.5110304857159096,1.422825852188239,0.9416261720981227,1.0270332425721362,1.0031795924782423,False
2025-01-05,98363.61,72310.86235,1.4940852090527537,1.424898949023489,0.9536932300714437,1.027067056610936,1.0013369212872605,False
2025-01-06,102235.6,72497.6904,1.493552864207624,1.4809887415964684,0.9915877616974601,1.027537445855383,1.000182327523394,False
2025-01-07,96954.61,72661.74565,1.3546707677986658,1.404488122101072,1.0367745104468145,1.0283406845409764,1.0000836545994625,False
2025-01-08,95060.61,72815.73865,1.3141163464644894,1.3770515669619259,1.047891665503407,1.026431383831622,0.9994048909002373,False
2025-01-09,92552.49,72962.45105,1.2545371462682968,1.340718846436268,1.0686960130469827,1.0275729701167002,0.9980715722728815,False
2025-01-10,94726.11,73134.6151,1.2814410689153466,1.3722059873980164,1.0708303492719304,1.0261842177506502,0.9972125304722762,False
2025-01-11,94599.99,73298.585,1.2887317900921844,1.3703790083409155,1.0633547017901148,1.0259332449799354,0.9968774196986923,False
2025-01-12,94545.06,73466.98535,1.2590736365434319,1.3695832902977298,1.0877706041544029,1.031171316926725,0.9977049404851305,False
2025-01-13,94536.1,73631.1335,1.232401711100071,1.36945349540119,1.1112070707681698,1.0362749564283587,0.9988067854686249,False
2025-01-14,96560.86,73811.7986,1.2924794338830503,1.398784244811717,1.0822487446545208,1.0384773330805723,0.9994643816307119,False
2025-01-15,100497.35,74009.35195,1.4178569948582587,1.4558083868073337,1.026766727594322,1.0362282265335134,0.9991578660873818,False
2025-01-16,99987.3,74195.4284,1.387672190419947,1.4484197833497194,1.0437766162276327,1.0352527721201394,0.9995662602060778,False
2025-01-17,104077.48,74401.31585,1.4704523192342664,1.5076702844579737,1.0253105556275965,1.0350918872074213,0.9995295320215419,False
2025-01-18,104556.23,74613.41965,1.4261859842601514,1.5146054749399516,1.0619971670284425,1.0354344677222862,1.0004139804710974,False
2025-01-19,101331.57,74819.0346,1.3161045916129575,1.46789292906086,1.1153315157588484,1.0391923645218513,1.0028714588380052,False
2025-01-20,102260.01,75045.0846,1.3309584048883543,1.4813423457733146,1.112989211633233,1.0422553000368588,1.0057060589812519,False
2025-01-21,106143.82,75292.65974999999,1.3754876365784996,1.5376033633102566,1.1178605480853445,1.0465362427322271,1.009116977157958,False
2025-01-22,103706.66,75520.04239999999,1.343359044089302,1.5022985720098754,1.1183150019497003,1.051513708012373,1.0129371450768638,False
2025-01-23,103910.34,75760.30505,1.324050484264352,1.5052490881401506,1.1368517333963089,1.06074399504024,1.0170892447623097,False
2025-01-24,104870.5,76001.08445,1.2965168988008398,1.519158001964017,1.1717224845808798,1.072248810664378,1.0222209589230753,False
2025-01-25,104746.85,76234.5687,1.2905382501815699,1.5173668034196899,1.1757627510894828,1.0833522867152798,1.027734668080646,False
2025-01-26,102620.0,76459.03945,1.2310697187044732,1.486557174434635,1.207532889363103,1.094149543098562,1.0343696702821839,False
2025-01-27,102082.83,76682.75415,1.198300299786605,1.4787757096383864,1.2340610362041375,1.104013869386428,1.0415248585893508,False
2025-01-28,101335.52,76899.98625,1.111060946374024,1.467950148909223,1.321214784571374,1.1176800253398265,1.0490708304808798,False
2025-01-29,103733.24,77122.63235,1.1474505306544662,1.5026836108882273,1.3095846581125796,1.1297244575931062,1.0558584037697443,False
2025-01-30,104722.94,77342.2575,1.2129216498436999,1.5170204422616238,1.2507159406851307,1.1387187371637661,1.062152698252787,False
2025-01-31,102429.56,77530.7846,1.2263563350718492,1.483798453441658,1.2099244004433067,1.1460472220964257,1.068563460897264,False
2025-02-01,100635.65,77708.7429,1.1088453066861736,1.4578118058019185,1.3147116166804589,1.1573942727227284,1.0771495657641517,False
2025-02-02,97700.59,77876.80589999999,0.986106334371746,1.4152944164002803,1.4352350928786726,1.1735956738282538,1.0873783166729034,False
2025-02-03,101328.52,78063.5089,1.0354791275092814,1.4678487466463013,1.4175551275253921,1.1903609929717973,1.0972387872456784,False
2025-02-04,97763.13,78219.02454999999,0.9764817406984666,1.4162003731892996,1.4503091191201456,1.2115381125480884,1.1071846306421722,False
2025-02-05,96612.43,78366.3869,0.9422549765421417,1.3995312897686998,1.485299971462774,1.2336142803098455,1.1172470305352573,False
2025-02-06,96554.35,78508.33195,0.8871822532536418,1.3986899407071995,1.5765531102292234,1.261176408039927,1.128363898005143,False
2025-02-07,96506.8,78653.2059,0.8729616792972457,1.398001129621209,1.6014461605538426,1.2881488577161968,1.1386712676224098,False
2025-02-08,96444.74,78805.74955000001,0.8951879402959835,1.3971021261302188,1.5606802362286998,1.3104162937396895,1.1489675866000755,False
2025-02-09,96462.75,78961.1833,0.882709386500773,1.397363019666679,1.5830385866928305,1.3339187624926694,1.1586562504020734,False
2025-02-10,97430.82,79119.33765,0.9157195569646785,1.4113865180476473,1.5412868572185443,1.3550900779493293,1.168114504402356,False
2025-02-11,95778.2,79258.6887,0.9177733308957303,1.387446602654798,1.5117530178183267,1.3747619787427605,1.1786893814543504,False
2025-02-12,97869.99,79408.55614999999,0.9550811281327735,1.4177483511629898,1.48442714383306,1.392140749264598,1.1881952387163017,False
2025-02-13,96608.14,79550.34745,0.9382167536337412,1.3994691446675662,1.4916266835434144,1.408135959212725,1.197263748154965,False
2025-02-14,97500.48,79703.9264,0.9656753901012457,1.4123956154240953,1.462598746848062,1.4224777590006539,1.2050807459212163,False
2025-02-15,97569.66,79860.83469999999,0.9365442360579518,1.4133977595025147,1.5091628404566424,1.437559256555331,1.213998288640447,False
2025-02-16,96118.12,80018.28529999999,0.9195608025551908,1.392370696542284,1.514169256315942,1.451564667560921,1.2237111086891266,False
2025-02-17,95780.0,80170.41519999999,0.9272101400462625,1.3874726775224064,1.496395064718748,1.4603236815682898,1.2325360988488785,False
2025-02-18,95671.74,80341.28224999999,0.8763673451828454,1.385904419096132,1.5814195117082743,1.4739154242480743,1.2433610174876932,False
2025-02-19,96644.37,80521.01415,0.8945686350802885,1.3999939738083746,1.5649933598250108,1.4896292952050687,1.2536262746575317,False
2025-02-20,98305.0,80721.73415,0.9265633431141648,1.4240499223620815,1.5369158870195234,1.5059788695338794,1.2637197585143627,False
2025-02-21,96181.98,80932.55,0.8814047700253328,1.3932957749008827,1.5807672278206952,1.5192816500908912,1.274959789143841,False
2025-02-22,96551.01,81135.195,0.9109840092829689,1.398641557341748,1.5353085708305816,1.5242853239884866,1.2866210407036731,False
2025-02-23,96258.0,81340.8142,0.9000183706127846,1.3943970034762143,1.5492983799062103,1.5308724866075276,1.2987744848598348,False
2025-02-24,91552.88,81490.14865,0.7711574999934224,1.3262384584306492,1.7198023211107476,1.5443471467070577,1.314096666680621,False
2025-02-25,88680.4,81629.3607,0.7841489970404154,1.2846276052595325,1.6382442751416568,1.5519943618910017,1.3270297969495046,False
2025-02-26,84250.09,81745.9936,0.7724004019200805,1.2204499681959045,1.5800742272557533,1.5521704177423283,1.3378957912856837,False
2025-02-27,84708.58,81875.97355000001,0.7691792377627278,1.2270916715569113,1.595326045365044,1.5518644119828884,1.3488444788829164,False
2025-02-28,84349.94,82000.99005,0.7620678734086703,1.2218963990462972,1.6033957626121276,1.55400018830206,1.3595384738742191,False
2025-03-01,86064.53,82128.37694999999,0.757861065662016,1.246734014186756,1.6450693546286004,1.5571017266988483,1.3710232539813527,False
2025-03-02,94270.0,82306.31,0.9170727919144331,1.3655987608064029,1.4890843702337417,1.554491602349608,1.3795378473502253,False
2025-03-03,86220.61,82449.70775,0.7450893773007625,1.2489949949291625,1.6763022437038364,1.5627190636438837,1.3913084801412137,False
2025-03-04,87281.98,82591.74465000001,0.7602663119513144,1.2643700406145033,1.6630620359454653,1.571650808249504,1.40234557944476,False
2025-03-05,90606.01,82747.31475,0.7937888167704699,1.3125220640459587,1.6534902436468624,1.5797439862546763,1.4137704094246066,False
2025-03-06,89931.89,82904.83745,0.7739912709108537,1.3027567364058315,1.6831672208301682,1.5907724099537817,1.4268984192893237,False
2025-03-07,86801.75,83041.6537,0.7419530829059922,1.2574134107969361,1.6947343973180236,1.6000509877968505,1.4399175749111317,False
2025-03-08,86222.45,83177.69695,0.7244846961343384,1.2490216492382733,1.7240138486053984,1.6105432174113232,1.4538916407706877,False
2025-03-09,80734.37,83275.58865,0.6542561091814226,1.1695211162245212,1.7875585719601093,1.6251013927733915,1.4684028688693207,False
2025-03-10,78595.86,83366.68875,0.6168125745277261,1.138542580041514,1.8458485236187998,1.6383228433689179,1.4830132090265198,False
2025-03-11,82932.99,83461.1675,0.649857484355551,1.2013704081252763,1.848667495638137,1.6525065501595742,1.4977267747066179,False
2025-03-12,83680.12,83558.78305,0.6623631021995426,1.2121933613676787,1.83010399785599,1.6671659557013974,1.511971643702031,False
2025-03-13,81115.78,83643.26195,0.63599730305846,1.1750462358103828,1.847564809095384,1.6805058347651318,1.5265566398449446,False
2025-03-14,83983.2,83749.00795000001,0.670448959972235,1.2165837896314446,1.8145807694023814,1.694469444693722,1.540111220565066,False
2025-03-15,84338.44,83873.62514999999,0.680021210753662,1.221729809614354,1.7966054444982986,1.7068347979233263,1.5526088797634143,False
2025-03-16,82574.53,83991.3233,0.6449226158031297,1.1961777431014229,1.8547616625473875,1.7135827649951583,1.5661888579925725,False
2025-03-17,84010.03,84114.5784,0.678046951131121,1.2169724500191867,1.7948203262163893,1.7214115675488952,1.5779346067296383,False
2025-03-18,82715.03,84232.5336,0.6620234037647894,1.1982130313786403,1.8099254868704822,1.7329041305296315,1.589451895742965,False
2025-03-19,86845.94,84371.89334999998,0.7032143432770255,1.2580535487967244,1.7890043922228767,1.7425880478725229,1.598807687895995,False
2025-03-20,84223.39,84506.50099999999,0.6819295911533652,1.2200631909930453,1.789133668374063,1.7518749431606195,1.6083986681012246,False
2025-03-21,84088.79,84631.2843,0.66718545781749,1.2181133703374332,1.825749281649737,1.7609089395116768,1.619899334920517,False
2025-03-22,83840.59,84763.0486,0.6711872209966746,1.214517935814975,1.809506942059304,1.7769300681029545,1.6318909857528368,False
2025-03-23,86082.5,84903.6066,0.6855444760914406,1.246994328281714,1.8189838468122743,1.7840641482583766,1.6419764303554731,False
2025-03-24,87498.16,85060.1974,0.7199171091895454,1.267501632214282,1.760621627177587,1.788942127819983,1.6484841610414513,False
2025-03-25,87392.87,85227.34689999999,0.7268751183030646,1.2659763973195615,1.7416697386410234,1.7933511025696909,1.654966453263764,False
2025-03-26,86909.17,85391.08844999998,0.7270475139756754,1.2589695009516602,1.7316192913820776,1.795773706097286,1.6605926567090026,False
2025-03-27,87232.01,85552.89875,0.7388268436567222,1.2636461733176167,1.7103414476162955,1.7965540586121995,1.665093486232073,False
2025-03-28,84424.38,85689.81065,0.6877166519654618,1.2229747396822834,1.7783119489503114,1.7992689636294457,1.6691286630064952,False
2025-03-29,82648.54,85814.8734,0.6477030220282269,1.1972498547412582,1.8484549462069393,1.802313782341787,1.6740688387195568,False
2025-03-30,82389.99,85940.13335,0.6418698286864993,1.1935044897300513,1.8594182751546344,1.802992269918579,1.6800435994980754,False
2025-03-31,82550.01,86062.2218,0.6379196254608674,1.195822545460445,1.8745661643447926,1.8042872033539115,1.6858741510511148,False
2025-04-01,85158.34,86185.52350000001,0.6629138168833547,1.2336069118100172,1.8608858050504034,1.805826293713632,1.692266130007752,False
2025-04-02,82516.29,86298.1398,0.6138169479633537,1.1953340762739129,1.9473787425388538,1.8108169903858056,1.7009786445021624,False
2025-04-03,83213.09,86418.54525000001,0.6109199758533985,1.205427947245907,1.9731355904053327,1.818744731435953,1.7107528134336079,False
2025-04-04,83889.87,86546.92465000002,0.6232222066060166,1.215231807745945,1.9499173727520593,1.8264103278486412,1.7199186272177809,False
2025-04-05,83537.99,86663.04465,0.6160330963199949,1.2101344608492381,1.9643984520932958,1.8318921673259365,1.7299546213226855,False
2025-04-06,78430.0,86746.3947,0.5390867000761939,1.1361399258517682,2.1075272784344103,1.8475275149368375,1.741921910082241,False
2025-04-07,79163.24,86827.47094999999,0.5500749150151265,1.1467616680324586,2.0847372543809306,1.86126810331236,1.7533332700435407,False
2025-04-08,76322.42,86893.0778,0.5244623764364345,1.1056094428104999,2.1080815183022024,1.8772219596163264,1.7655669991152099,False
2025-04-09,82615.22,86989.4091,0.5963915445146813,1.1967671799697501,2.006680327675721,1.8880992925814095,1.7740722154345587,False
2025-04-10,79607.3,87069.5518,0.5674460601084654,1.1531943378714709,2.032253669451933,1.898424511971519,1.7834174216270973,False
2025-04-11,83423.84,87169.97105000001,0.5899192081149726,1.2084808796617335,2.0485531968408224,1.910376824710595,1.7936501678235228,False
2025-04-12,85276.9,87275.04204999999,0.6283063985390083,1.2353243764231625,1.9661177719909335,1.9177335209695279,1.8013571787069278,False
2025-04-13,83760.0,87378.082,0.6035119621006434,1.213350506047993,2.010482943576935,1.9302265867894952,1.810860666161855,False
2025-04-14,84591.58,87475.16995,0.5992233268534132,1.2253968051623603,2.044975137395021,1.9453918567271953,1.820774201311631,False
2025-04-15,83643.99,87564.54014999999,0.5773631846700535,1.2116699808306264,2.098627021955099,1.9637422432558462,1.828350695328518,False
2025-04-16,84030.38,87655.40205,0.5791270439605088,1.217267240883538,2.1019001850767385,1.9833201801288687,1.83762381352722,False
2025-04-17,84947.91,87752.13155,0.5897452005891848,1.2305586149262102,2.086593691134444,1.9987342672380748,1.8477542028047935,False
2025-04-18,84474.69,87857.86705,0.5955364310661345,1.2237035322319405,2.0547920637554546,2.009051123115501,1.856943523172602,False
2025-04-19,85077.01,87979.22320000001,0.6095685291391332,1.2324287623752406,2.021805102234765,2.0171704644695074,1.8653117099650547,False
2025-04-20,85179.24,88101.87299999999,0.6077442900153104,1.233909669995027,2.0303105932331214,2.024957685913924,1.873016534737145,False
2025-04-21,87516.23,88235.6906,0.6144541908926073,1.267763394912996,2.0632350038516907,2.0350751458539884,1.884499547409504,False
2025-04-22,93442.99,88392.47555000002,0.688318491742772,1.3536186628836862,1.9665586194792222,2.0360341397010067,1.8903046749250116,False
2025-04-23,93691.08,88550.64095,0.7190387667275947,1.3572125039420129,1.8875373161294209,2.031754225987211,1.8947941805286908,False
2025-04-24,93965.0,88706.3664,0.7401968473383944,1.3611805193505213,1.8389439569285722,2.0262055551960367,1.898503254794325,False
2025-04-25,94567.0,88868.08140000001,0.7523177629997573,1.3699011139618023,1.8209075756758972,2.0190310113751666,1.9012580618912396,False
2025-04-26,94568.0,89030.11894999999,0.7630860651823601,1.3699155999993624,1.7952307904770661,2.0034161869773,1.9032679897544205,False
2025-04-27,93690.0,89195.38885,0.744097825133478,1.3571968590214478,1.8239495039217333,1.9903767994543398,1.905266702860747,False
2025-04-28,94970.0,89368.6069,0.7533040152210689,1.3757389870985899,1.826273269889392,1.9762863870336993,1.9060409968193328,False
2025-04-29,94244.0,89527.12689999999,0.7440416579522433,1.3652221238298359,1.8348732349035535,1.9676960323950907,1.905821491045028,False
2025-04-30,94210.0,89682.1458,0.7416873810081676,1.3647295985527867,1.8400334608601872,1.9580850219655033,1.9056488103494689,False
2025-05-01,96486.0,89850.22570000001,0.7651821503029953,1.3976998200399553,1.8266236601134735,1.9469885451291362,1.9055792035946184,False
2025-05-02,96879.0,90004.20074999999,0.7586213703445313,1.4033928328011402,1.8499252560783823,1.9411789193335085,1.9056264125342783,False
2025-05-03,95854.0,90148.10005,0.7364344029177473,1.3885446443018663,1.8854967106377205,1.9349296076865479,1.9070447313589853,False
2025-05-04,94257.0,90281.285,0.7188311623347866,1.3654104423181193,1.8994869920263646,1.927655200418115,1.9091023623095467,False
2025-05-05,94686.0,90417.60609999999,0.7246941481775232,1.371624952431474,1.8926949470764551,1.9173585966741828,1.9098610280001278,False
2025-05-06,96811.0,90559.5211,0.7232098350348255,1.4024077822470422,1.9391436818326877,1.9092207715119802,1.9127474951124537,False
2025-05-07,97033.0,90702.79609999999,0.7227309620806002,1.4056236825854216,1.944878186121856,1.902134996261351,1.9154465490974812,False
2025-05-08,103368.0,90874.47615,0.8625325464306555,1.4973927305297152,1.7360420041263918,1.8861974932798975,1.9143873013355517,True
2025-05-09,103016.0,91052.66865,0.8944277571106352,1.4922936453085012,1.6684339606467666,1.8685289362004975,1.9119733071810057,True
2025-05-10,104918.0,91240.12865,0.9761387538150554,1.5198460887481295,1.5569980013682438,1.844863306607254,1.9065982815753757,True
2025-05-11,104199.0,91427.78039999999,0.9447023571357304,1.5094306277422973,1.5977843352892465,1.8215907731791314,1.9023638294399745,True
2025-05-12,102855.0,91601.064,0.9482219752601793,1.489961393261298,1.5713213067567569,1.8018289075430083,1.8974105786388642,True
2025-05-13,104171.0,91788.42735,0.9910382894466038,1.5090250186906098,1.5226707532493522,1.783585579399005,1.8926515611602996,True
2025-05-14,103502.0,91970.47355000001,0.9534179986233262,1.499333859562791,1.572588163562815,1.7702677897307173,1.8892699296587354,True
2025-05-15,103772.0,92149.22505,0.9084279500021315,1.5032450897040632,1.6547763525996046,1.7619612285769026,1.8877330708830862,True
2025-05-16,103499.0,92316.909,0.9004449614004923,1.4992904014501103,1.6650550180415398,1.755452439955126,1.8868273422915909,True
2025-05-17,103164.0,92469.0469,0.8798406111951379,1.4944375788674207,1.6985321657719805,1.7491815730476383,1.8852317466280244,True
2025-05-18,106556.0,92640.1032,0.9346937847068564,1.5435742182718475,1.651422362625372,1.7404390276844375,1.881291094956393,True
2025-05-19,105643.0,92816.85815,0.9217657207587694,1.5303484659793234,1.6602358186194939,1.7317071568702347,1.87730744582569,True
2025-05-20,106878.0,93003.7681,0.9291830128806823,1.5482387223662535,1.6662365765451903,1.7230173126544848,1.873140854069698,True
2025-05-21,109897.0,93206.37939999999,0.9472814372890977,1.5919720697607007,1.6805692660003555,1.7157145929488287,1.869534523288697,True
2025-05-22,111899.0,93421.99445,0.9949797980843688,1.620973116956356,1.6291517878827388,1.7046759195390468,1.8631699841955751,True
2025-05-23,107372.0,93619.6044,0.9251128077443643,1.5553948249210257,1.6813028766874738,1.6944662278415343,1.8573333299212178,True
2025-05-24,107740.0,93811.44435,0.9303591463176343,1.560725686743204,1.6775518281521318,1.6833694696478225,1.851886019029219,True
2025-05-25,109000.0,93978.58439999999,0.9358552982144631,1.578978094069141,1.6872032429390575,1.6730948844409528,1.8463421148461345,False
2025-05-26,109483.0,94146.70994999999,0.9353885954039736,1.58597485021075,1.695525109033217,1.6609139558009793,1.8381020714581107,False
2025-05-27,108942.0,94308.87105,0.9571372301138241,1.5781379038906453,1.648810488442677,1.64611057091702,1.8293835361393453,False
2025-05-28,107818.0,94464.57375,0.9471853701677098,1.561855597672905,1.648943962675818,1.6417556688444919,1.8202007850268176,False
2025-05-29,105577.0,94590.6087,0.912560184083594,1.5293923875003457,1.6759359154335487,1.6421307665838305,1.8135858967819742,False
2025-05-30,104005.0,94667.39375,0.8384398977621412,1.5066203364556054,1.7969330186658432,1.654127517448711,1.8088794837662525,False
2025-05-31,104585.0,94750.5587,0.839098687699384,1.5150222382405605,1.8055352254147885,1.6645150619549878,1.804019124337732,False
2025-06-01,105689.0,94827.1277,0.8492786018856509,1.5310148237070957,1.8027238886129804,1.676085191047799,1.8007512466701727,False
2025-06-02,105897.0,94919.98475,0.8677492125561026,1.5340279195196314,1.767824041004764,1.6883428554355695,1.7958980686187294,False
2025-06-03,105332.0,94991.4844,0.8655264667510705,1.5258433082980802,1.7629077410256941,1.6978588343087135,1.7902567206913427,False
2025-06-04,104669.0,95061.89480000001,0.8478312839321044,1.516239065395623,1.7883735763600883,1.7045386954967376,1.7840516517794427,False
2025-06-05,101510.0,95120.16485,0.7815082565726819,1.4704776727427384,1.8815894270798161,1.7153654159486513,1.7796454366195043,False
2025-06-06,104245.0,95189.06945000001,0.8161721088971912,1.5100969854700697,1.8502188068035152,1.7229497480002283,1.7749179389328855,False
2025-06-07,105476.0,95254.89550000001,0.8374392519446149,1.5279292977067587,1.8245255332357053,1.7316049065307446,1.7703126083224905,False
2025-06-08,105659.0,95311.7577,0.8374697205147262,1.5305802425802877,1.8276245756557759,1.7399743443825588,1.7664289977909107,False
2025-06-09,110340.0,95371.8721,0.9008140870340445,1.598389384399899,1.7743832022683401,1.7453816756687164,1.7613104499716152,False
2025-06-10,110373.0,95429.27709999999,0.9387602675179524,1.5988674236393878,1.7031690400220436,1.746511664369801,1.754109130695022,True
2025-06-11,108668.0,95484.2551,0.9098135697941642,1.574168729599132,1.7302102121374945,1.7515645855825386,1.7493821625481878,False
2025-06-12,105627.0,95522.88990000001,0.8593929329489769,1.530116689378359,1.7804622666930912,1.7565225550828196,1.7472406615594611,False
2025-06-13,106031.0,95587.99484999999,0.8387919040522502,1.535969048552707,1.8311681850198547,1.7642033729262057,1.7470851461212866,False
2025-06-14,105386.0,95655.09904999999,0.8127681396048722,1.5266255543263347,1.8783038851258427,1.773758405035545,1.7482330723102857,False
2025-06-15,105620.0,95703.8835,0.8223023239643279,1.5300152871154373,1.8606481369762133,1.7820145564326946,1.7495414192402685,False
2025-06-16,106842.0,95759.87359999999,0.8131444769404992,1.547717225014084,1.9033729784864988,1.7947426809348859,1.7511298887315638,False
2025-06-17,104498.0,95795.0636,0.7826148495510076,1.5137619529728172,1.934236174845487,1.8090072915433695,1.7532891468306857,False
2025-06-18,104841.0,95837.22865,0.7798579134061815,1.518730663855989,1.9474453458100294,1.8225827630621931,1.7555405890488152,False
2025-06-19,104643.0,95874.51775,0.7758389534192072,1.515862428419056,1.9538364524473597,1.830427934751269,1.7578166488805587,False
2025-06-20,103260.0,95911.61465,0.7435546196003879,1.4958282384732062,2.011726104636558,1.8407374787123576,1.7615186977710204,False
2025-06-21,102092.0,95942.8262,0.7071193971497051,1.478908546602814,2.09145520906947,1.855174044735182,1.7663492968308423,False
2025-06-22,100918.0,95954.47959999999,0.683415233496992,1.4619019385070602,2.1391123095494984,1.8737384581624188,1.7714216088090777,False
2025-06-23,105329.0,95996.39645,0.7621891053649219,1.5257998501853995,2.0018652056891773,1.885686331395593,1.773469173082334,False
2025-06-24,106052.0,96027.95225,0.7766087656020887,1.5362732553414726,1.9781817092296554,1.8951767380390714,1.7751789083253982,False
2025-06-25,107281.0,96065.1973,0.7527144616760235,1.5540765955030413,2.064629649924187,1.9043287491812897,1.7776886276872281,False
2025-06-26,106878.0,96094.03935,0.733185417387655,1.5482387223662535,2.111660550863981,1.917400836384313,1.7810242749820704,False
2025-06-27,107020.0,96142.757,0.7465990102212193,1.5502957396998116,2.0764770894090185,1.9299984141929791,1.7878329766877232,False
2025-06-28,107276.0,96196.17199999999,0.7637868704130515,1.5540041653152399,2.034604449896924,1.9403474079050362,1.7951563864727262,False
2025-06-29,108321.0,96232.15199999999,0.8008789943306559,1.5691420745657194,1.95927485384624,1.9495919904839316,1.8032019235222863,False
2025-06-30,107140.0,96267.83055,0.7800678525683921,1.5520340642070436,1.9896141843263178,1.963914247699145,1.8110385205030277,False
2025-07-01,105620.0,96288.8093,0.7419296381226838,1.5300152871154373,2.062210765682389,1.9805142753763896,1.8208563096815402,False
2025-07-02,108808.0,96325.7493,0.7950425537585002,1.5761967748575696,1.9825313342112636,1.9906177287522984,1.8300535213007783,False
2025-07-03,109551.0,96351.18435000001,0.8064277745366724,1.5869599007648483,1.9678884468936173,1.9974537418459863,1.8379595269673945,False
2025-07-04,107993.0,96360.85605,0.7686816893586612,1.5643906542459516,2.035160555926835,2.005296575386036,1.845567211033939,False
2025-07-05,108191.0,96371.14235,0.776062659065589,1.5672588896828845,2.0195004506078518,2.013239191067618,1.8526561196852653,False
2025-07-06,109203.0,96416.1373,0.7982007067625221,1.581918759693875,1.9818558744580541,2.017163335866196,1.8583225938589865,False
2025-07-07,108284.0,96470.248,0.786027651771889,1.5686060911759894,1.9956118434764816,2.0202321192977455,1.8652063834760089,False
2025-07-08,108930.0,96525.8708,0.8041882006827107,1.5779640714399221,1.9621825713189016,2.020968980573189,1.8712453185299969,False
2025-07-09,111225.0,96595.53584999999,0.847346094341201,1.6112095276407357,1.901477493554068,2.0183510326285243,1.8759501368701745,False
2025-07-10,116058.0,96699.8945,0.9135215795004004,1.6812205471695079,1.840373106554262,2.0097833827244096,1.879146213681253,False
2025-07-11,117603.0,96813.50215,0.9068112910355374,1.703601475200121,1.878672544157104,1.9991442494787912,1.88413662880674,False
2025-07-12,117487.0,96907.61925,0.9029435030943596,1.7019210948431298,1.8848588964987274,1.9864315788262528,1.8882077492029652,False
2025-07-13,119133.0,97006.13625,0.9202384314024067,1.72576511266733,1.8753456210661976,1.9801055995951038,1.8921636250612466,False
2025-07-14,119968.0,97127.01825,0.9426146588127681,1.737860954030153,1.8436600129038998,1.973379514778816,1.8952927604605432,False
2025-07-15,117831.0,97244.6781,0.9784664146701716,1.7069042917638617,1.7444689630346046,1.9573714804343372,1.896271637540571,False
2025-07-16,118720.0,97361.77810000001,0.9949048526850144,1.7197823791549396,1.7285897988271453,1.9382179428324953,1.8978672237482603,False
2025-07-17,119278.0,97489.47709999999,1.0139873442789367,1.7278655881135687,1.704030723719025,1.9195956245479953,1.8989689589691248,False
2025-07-18,117947.0,97615.25185,1.008095133232716,1.7085846721208529,1.694864518035949,1.9026086279549468,1.8993475310211725,False
2025-07-19,117880.0,97736.77185,1.021221802017331,1.707614107604315,1.6721285270556097,1.8882513116154152,1.8968514411889676,True
2025-07-20,117313.0,97850.37789999999,1.0639848383230632,1.6994005243076433,1.5972037035659765,1.868630787577398,1.8926848107519916,True
2025-07-21,117430.0,97952.60394999999,1.078242918168523,1.7010953907021946,1.577655055311315,1.8444030020588447,1.8881834340859585,True
2025-07-22,120098.0,98062.22305,1.0796229067317962,1.739744138912988,1.6114368526872889,1.825848277982646,1.8850556903196087,True
2025-07-23,118825.0,98165.24554999999,0.9919396187276379,1.7213034130987677,1.7352905162782848,1.814218381451879,1.8845033458246607,True
2025-07-24,118378.0,98265.3175,0.9717704427482696,1.714828154309328,1.7646432520211384,1.800692516256594,1.8840287393378816,True
2025-07-25,117726.0,98342.7695,0.9974575184891539,1.7053832578200336,1.7097302152809204,1.7852040044902477,1.8805915551019035,True
2025-07-26,117960.0,98447.79645,1.004430886807607,1.7087729906091362,1.701235010842953,1.7711729613094924,1.8776118791826926,True
2025-07-27,119507.0,98570.0284,1.0359237878536243,1.7311828907148699,1.671148892431347,1.7549498137572357,1.8745443463666056,True
2025-07-28,118118.0,98697.85595000001,0.9733970325402995,1.7110617845436586,1.7578251498037305,1.7447319426814771,1.8731483578495645,False
2025-07-29,117992.0,98814.18539999999,0.9562834205918829,1.7092365438110648,1.7873744404699063,1.7390267900272693,1.8734081826135958,False
2025-07-30,117915.0,98930.76045,0.9392596818607083,1.7081211189189243,1.8185823919696764,1.7379372542980402,1.8757164496525485,False
2025-07-31,115724.0,99036.65515,0.8997045798817,1.6763822106243784,1.8632585051915618,1.737166552349763,1.8783774155136297,False
2025-08-01,113219.0,99130.06965,0.8637772460193304,1.6400946865359087,1.8987472685743858,1.7378609709535457,1.8807431155512557,False
2025-08-02,112502.0,99209.77535,0.8388010960729521,1.629708197605197,1.9429018455448683,1.7412387821774793,1.882977788761756,False
2025-08-03,114162.0,99278.0986,0.8690633845818687,1.6537550199552409,1.9029164607491889,1.744201604569744,1.8834700402742228,False
2025-08-04,115026.0,99353.29209999999,0.905791375595133,1.666270956407312,1.8395747644566833,1.7489568946408476,1.8830485728238322,False
2025-08-05,114068.0,99403.24470000001,0.86542689307183,1.6523933324245759,1.9093390159848294,1.757994355498732,1.883167893573799,False
2025-08-06,114949.0,99455.20855000001,0.8879381967010266,1.6651555315151714,1.8753056662071244,1.766558102623137,1.8819892834010314,False
2025-08-07,117485.0,99535.97570000001,0.9508804217787971,1.7018921227680093,1.7898066715731789,1.7713052102999984,1.8788365099162945,False
2025-08-08,116699.0,99608.17065,0.9791238765968799,1.6905060972456392,1.7265497631630589,1.7740262721053708,1.8742907761306085,True
2025-08-09,116545.0,99660.17654999999,1.02258559647686,1.688275247461358,1.6509867274465975,1.776715423299402,1.8670759885868093,True
2025-08-10,119370.0,99738.49325,1.0156957821349655,1.7291983035691132,1.7024766017383517,1.7829565006207537,1.8592964164401868,True
2025-08-11,118758.0,99812.73155,0.9662025002588203,1.7203328485822296,1.7805096220734242,1.7914101390900605,1.8521243626906656,True
2025-08-12,120217.0,99889.46405,1.047478915429394,1.7414679773826598,1.662532726655198,1.787772249608906,1.845337713109986,True
2025-08-13,123436.0,99982.90980000001,1.0873037097912774,1.7880985322891603,1.6445253669118904,1.7817663553534437,1.8386645862636306,True
2025-08-14,118325.0,100061.4348,1.0205410760206666,1.7140603943186339,1.6795604161296132,1.7802578653958783,1.8309632015877393,True
2025-08-15,117347.0,100137.75564999999,1.0022041434150024,1.6998930495846925,1.69615448185269,1.780003838946365,1.8226530802075134,True
2025-08-16,117357.0,100217.86305,1.010565443787384,1.7000379099602951,1.6822640437703025,1.780559596513313,1.814768819294739,True
2025-08-17,117380.0,100286.09685,1.037062458529586,1.7003710888241812,1.6396033573860893,1.7746485068924311,1.8068687974445223,True
2025-08-18,116164.0,100343.30215,0.9970243885952524,1.682756067150896,1.6877782393285268,1.7696686968353617,1.8014388651541682,True
2025-08-19,112828.0,100395.29435000001,0.9419904421137303,1.6344306458498443,1.7350819846774124,1.7654936764707485,1.7963482211611899,True
2025-08-20,114249.0,100463.3611,1.0008277387127005,1.6550153052229841,1.6536465179829274,1.755013077110317,1.7881769362072009,True
2025-08-21,112447.0,100537.09315,0.9714110599168367,1.6289114655393824,1.6768508541366975,1.7439182563884326,1.7820633266057095,True
2025-08-22,116963.0,100615.26555,1.0848707328251643,1.6943304111615498,1.561780919971232,1.7248622101097506,1.7739411760672619,True
2025-08-23,115495.0,100703.9249,1.0820339678510564,1.6730649080230773,1.5462221683722384,1.707027495490903,1.7641624083161696,True
2025-08-24,113575.0,100788.73775,1.0616191084643565,1.645251715907364,1.5497570670965395,1.692536610622896,1.7547675406459435,True
2025-08-25,110144.0,100856.686,0.9649703845494803,1.5955501210380867,1.653470558874206,1.679743187767365,1.7481998343342666,True
2025-08-26,111817.0,100933.237,1.0056094761618564,1.619785261876414,1.6107497992746678,1.6665153944207423,1.7405025934502305,True
2025-08-27,111273.0,101007.3783,0.9908963001686804,1.6119048574436285,1.626713973166752,1.6583607595004206,1.7337932214871872,True
2025-08-28,112605.0,101088.08955,1.0106832767877667,1.6312002594739046,1.61395790049907,1.652731166367221,1.7280428296260875,True
2025-08-29,108330.0,101142.58545,0.9698397515664391,1.5692724489037617,1.618073961568545,1.6510855280733185,1.723596846726373,True
2025-08-30,108799.0,101207.68945,0.9734363958184477,1.576066400519527,1.6190748643565962,1.646915441204231,1.718404893130363,True
2025-08-31,108227.0,101259.4745,0.960989458688561,1.5677803870350542,1.6314230846762523,1.6394611143343725,1.7133361768939133,True
2025-09-01,109222.0,101322.54379999998,0.9394618009686029,1.5821939944075203,1.68414936379132,1.6405419461911783,1.7095122517484156,False
2025-09-02,111225.0,101391.1664,0.973417108044916,1.6112095276407357,1.6552097906690892,1.6410761673790382,1.7057432473037195,False
2025-09-03,111670.0,101461.66810000001,0.9917587615744545,1.6176558143550548,1.6310980825487895,1.6386530506999972,1.7034758296940031,True
2025-09-04,110741.0,101534.7825,0.9482093843923867,1.6041982854615664,1.6918186129211723,1.6384362572534212,1.7027404059758837,False
2025-09-05,110646.0,101609.1125,0.9609983931397362,1.602822111893341,1.6678717918108723,1.6377166446554496,1.7020172273377208,False
2025-09-06,110139.0,101681.44879999998,0.9502205034152913,1.5954776908502855,1.6790604760850822,1.6396895005903993,1.7017011464987035,False
2025-09-07,111102.0,101753.73695,0.9703778500073351,1.6094277450208228,1.6585577927285304,1.6382284782603995,1.701429731812162,False
2025-09-08,112035.0,101822.38695,0.9982152161375962,1.6229432180645522,1.6258449999832922,1.6327666290256935,1.7020025577405082,True
2025-09-09,111563.0,101899.29205,0.9956177976987205,1.6161058083361062,1.6232190827359525,1.6312452572633451,1.702913838289001,True
2025-09-10,113954.0,101986.30699999999,1.0164361297019693,1.6507419241427053,1.6240488466567218,1.6286051568893458,1.7031660781683897,True
2025-09-11,115489.0,102082.462,1.0404352458812298,1.6729779917977157,1.6079597441748847,1.6309140980995287,1.7006194627263216,True
2025-09-12,116023.0,102204.8126,1.0846607078880293,1.6807135358548984,1.549529289327221,1.6310794541472777,1.696317183472443,True
2025-09-13,115908.0,102340.95060000001,1.0955314031698564,1.6790476415354676,1.5326330552252914,1.6302232535537153,1.6927752402713308,True
2025-09-14,115276.0,102496.08015000001,1.0605555845817611,1.6698924657973788,1.5745449744210387,1.626276974331057,1.6902414395428922,True
2025-09-15,115370.0,102649.38725,1.0241968447534933,1.6712541533280438,1.631770456908883,1.627328007212768,1.689453870832443,False
2025-09-16,116761.0,102811.44254999999,1.0357673567681185,1.6914042315743758,1.6329962713364767,1.627642122121254,1.686957293263098,False
2025-09-17,116466.0,102963.4499,1.0697781034449094,1.687130850494097,1.5770848599921632,1.6257984700959085,1.6827515016535433,True
2025-09-18,117110.0,103077.6499,1.0815333764266553,1.6964598586829092,1.5685691220070779,1.6233232281178354,1.677751236254291,True
2025-09-19,115674.0,103224.91685000001,1.0317556232111136,1.6756579087463652,1.6240841058188242,1.623573690190947,1.6729677482668364,False
2025-09-20,115686.0,103366.93695,1.0335108548308534,1.6758317411970884,1.6214940881983855,1.6230772403670535,1.6674226846593163,True
2025-09-21,115278.0,103490.2969,1.0177172025382286,1.6699214378724994,1.6408501631962655,1.6209122803373006,1.6613816510123443,False
2025-09-22,112638.0,103603.82745,0.9446724418543718,1.6316782987133935,1.7272424032085067,1.624513910964272,1.6578681698615307,False
2025-09-23,111976.0,103729.6987,0.935033152045879,1.6220885418484965,1.7347925453758735,1.6296986341056257,1.6557725254799147,False
2025-09-24,113277.0,103864.97145,0.9415863249900626,1.6409348767144043,1.7427343974347997,1.6322444233313071,1.6524404331089142,False
2025-09-25,108962.0,104006.1096,0.8765044859160525,1.5784276246418507,1.8008209313295234,1.6388918803072396,1.6509507384113618,False
2025-09-26,109614.0,104161.2003,0.9128389547136504,1.587872521131145,1.7394881243091196,1.6419132627184414,1.6499443674660805,False
2025-09-27,109599.0,104294.53035,0.9032606999309871,1.587655230567741,1.7576932448063383,1.646870035322332,1.6505672370989464,False
2025-09-28,112130.0,104436.77975,0.9296465939365349,1.6243193916327776,1.7472439550977008,1.6529399830780522,1.6524923816519685,False
2025-09-29,114274.0,104602.57084999999,0.9303103687700235,1.655377456161991,1.7793819264323463,1.660748125262872,1.6540304881458483,False
2025-09-30,114036.0,104752.83485,0.9222787609479911,1.6519297792226473,1.7911393487199718,1.6691026503660347,1.6542430826787793,False
