timestamp,rate
2024-04-05 08:00:00.000,0.00018256
2024-04-05 16:00:00.000,0.0001
2024-04-06 00:00:00.000,0.0001
2024-04-06 08:00:00.000,0.00011397
2024-04-06 16:00:00.000,0.00015982
2024-04-07 00:00:00.000,0.0001
2024-04-07 08:00:00.000,0.0001269
2024-04-07 16:00:00.000,0.0001
2024-04-08 00:00:00.001,0.00013139
2024-04-08 08:00:00.000,0.00014529
2024-04-08 16:00:00.006,0.00023751
2024-04-09 00:00:00.000,0.00023143
2024-04-09 08:00:00.001,0.00022699
2024-04-09 16:00:00.001,0.00021067
2024-04-10 00:00:00.000,0.00011149
2024-04-10 08:00:00.001,0.00017658
2024-04-10 16:00:00.000,0.00013627
2024-04-11 00:00:00.000,0.00022855
2024-04-11 08:00:00.000,0.00015919
2024-04-11 16:00:00.000,0.00024163
2024-04-12 00:00:00.000,0.00012554
2024-04-12 08:00:00.001,0.00016948
2024-04-12 16:00:00.000,0.00012902
2024-04-13 00:00:00.000,0.0001
2024-04-13 08:00:00.000,0.0001
2024-04-13 16:00:00.001,0.0001
2024-04-14 00:00:00.000,0.0001
2024-04-14 08:00:00.000,0.0001
2024-04-14 16:00:00.000,0.0001
2024-04-15 00:00:00.000,4.863e-05
2024-04-15 08:00:00.001,3.119e-05
2024-04-15 16:00:00.000,9.853e-05
2024-04-16 00:00:00.001,7.492e-05
2024-04-16 08:00:00.000,-2.532e-05
2024-04-16 16:00:00.000,-2.218e-05
2024-04-17 00:00:00.000,8.4e-07
2024-04-17 08:00:00.000,5.81e-05
2024-04-17 16:00:00.000,2.635e-05
2024-04-18 00:00:00.000,-5.707e-05
2024-04-18 08:00:00.000,7.532e-05
2024-04-18 16:00:00.000,5.429e-05
2024-04-19 00:00:00.001,1.12e-05
2024-04-19 08:00:00.000,8.267e-05
2024-04-19 16:00:00.000,8.774e-05
2024-04-20 00:00:00.000,8.464e-05
2024-04-20 08:00:00.000,-4.614e-05
2024-04-20 16:00:00.000,9.7e-06
2024-04-21 00:00:00.000,0.0001
2024-04-21 08:00:00.000,2.543e-05
2024-04-21 16:00:00.000,5.625e-05
2024-04-22 00:00:00.000,4.1e-06
2024-04-22 08:00:00.000,3.338e-05
2024-04-22 16:00:00.000,2.466e-05
2024-04-23 00:00:00.000,2.669e-05
2024-04-23 08:00:00.000,4.373e-05
2024-04-23 16:00:00.001,8.879e-05
2024-04-24 00:00:00.000,0.0001
2024-04-24 08:00:00.000,8.543e-05
2024-04-24 16:00:00.000,5.191e-05
2024-04-25 00:00:00.000,3.174e-05
2024-04-25 08:00:00.000,6.134e-05
2024-04-25 16:00:00.010,0.0001
2024-04-26 00:00:00.001,-5.713e-05
2024-04-26 08:00:00.000,3.1e-05
2024-04-26 16:00:00.000,4.962e-05
2024-04-27 00:00:00.000,5.04e-05
2024-04-27 08:00:00.001,5.729e-05
2024-04-27 16:00:00.000,9.119e-05
2024-04-28 00:00:00.000,5.674e-05
2024-04-28 08:00:00.000,8.208e-05
2024-04-28 16:00:00.000,0.0001
2024-04-29 00:00:00.000,0.0001
2024-04-29 08:00:00.000,-3e-06
2024-04-29 16:00:00.000,9.017e-05
2024-04-30 00:00:00.000,3.634e-05
2024-04-30 08:00:00.000,3.781e-05
2024-04-30 16:00:00.000,2.266e-05
2024-05-01 00:00:00.000,-7.32e-05
2024-05-01 08:00:00.000,7.52e-05
2024-05-01 16:00:00.000,9.25e-06
2024-05-02 00:00:00.000,-7.76e-05
2024-05-02 08:00:00.000,3.286e-05
2024-05-02 16:00:00.002,1.542e-05
2024-05-03 00:00:00.000,-3.101e-05
2024-05-03 08:00:00.000,-6.276e-05
2024-05-03 16:00:00.000,9.181e-05
2024-05-04 00:00:00.000,2.169e-05
2024-05-04 08:00:00.000,8.923e-05
2024-05-04 16:00:00.000,5.66e-06
2024-05-05 00:00:00.000,5.163e-05
2024-05-05 08:00:00.000,-5.312e-05
2024-05-05 16:00:00.000,4.639e-05
2024-05-06 00:00:00.000,2.341e-05
2024-05-06 08:00:00.000,0.0001
2024-05-06 16:00:00.000,0.0001
2024-05-07 00:00:00.000,5.921e-05
2024-05-07 08:00:00.000,0.0001
2024-05-07 16:00:00.000,7.881e-05
2024-05-08 00:00:00.000,0.0001
2024-05-08 08:00:00.000,0.0001
2024-05-08 16:00:00.000,0.0001
2024-05-09 00:00:00.000,9.765e-05
2024-05-09 08:00:00.000,2.876e-05
2024-05-09 16:00:00.000,7.828e-05
2024-05-10 00:00:00.000,-3.938e-05
2024-05-10 08:00:00.000,0.0001
2024-05-10 16:00:00.000,0.0001
2024-05-11 00:00:00.000,1.38e-05
2024-05-11 08:00:00.000,3.462e-05
2024-05-11 16:00:00.000,9.389e-05
2024-05-12 00:00:00.000,-9.66e-06
2024-05-12 08:00:00.000,6.825e-05
2024-05-12 16:00:00.000,0.0001
2024-05-13 00:00:00.001,6.32e-06
2024-05-13 08:00:00.001,0.0001
2024-05-13 16:00:00.000,0.0001
2024-05-14 00:00:00.000,0.0001
2024-05-14 08:00:00.000,0.0001
2024-05-14 16:00:00.000,0.0001
2024-05-15 00:00:00.000,-2.39e-05
2024-05-15 08:00:00.000,5.432e-05
2024-05-15 16:00:00.000,0.0001
2024-05-16 00:00:00.004,0.0001
2024-05-16 08:00:00.000,0.0001
2024-05-16 16:00:00.000,0.0001
2024-05-17 00:00:00.000,5.102e-05
2024-05-17 08:00:00.000,3.501e-05
2024-05-17 16:00:00.000,0.0001
2024-05-18 00:00:00.000,0.0001
2024-05-18 08:00:00.000,0.0001
2024-05-18 16:00:00.000,0.0001
2024-05-19 00:00:00.000,0.0001
2024-05-19 08:00:00.000,0.0001
2024-05-19 16:00:00.000,1.49e-05
2024-05-20 00:00:00.000,-2.545e-05
2024-05-20 08:00:00.000,0.0001
2024-05-20 16:00:00.003,0.0001
2024-05-21 00:00:00.000,0.0001
2024-05-21 08:00:00.001,0.0001
2024-05-21 16:00:00.000,0.0001
2024-05-22 00:00:00.000,0.0001
2024-05-22 08:00:00.000,0.0001
2024-05-22 16:00:00.000,0.0001
2024-05-23 00:00:00.000,0.0001336
2024-05-23 08:00:00.000,0.00016781
2024-05-23 16:00:00.000,0.0001
2024-05-24 00:00:00.000,0.0001
2024-05-24 08:00:00.000,0.0001
2024-05-24 16:00:00.000,0.0001
2024-05-25 00:00:00.000,0.0001
2024-05-25 08:00:00.000,0.0001
2024-05-25 16:00:00.000,0.0001
2024-05-26 00:00:00.000,0.00010874
2024-05-26 08:00:00.000,0.0001
2024-05-26 16:00:00.000,0.0001
2024-05-27 00:00:00.000,0.0001
2024-05-27 08:00:00.000,0.0001
2024-05-27 16:00:00.000,0.00014857
2024-05-28 00:00:00.000,0.0001
2024-05-28 08:00:00.000,0.0001
2024-05-28 16:00:00.000,0.0001
2024-05-29 00:00:00.001,0.00010934
2024-05-29 08:00:00.000,0.00023355
2024-05-29 16:00:00.000,0.00018983
2024-05-30 00:00:00.000,0.00010661
2024-05-30 08:00:00.000,0.0001
2024-05-30 16:00:00.000,0.0001
2024-05-31 00:00:00.000,0.0001
2024-05-31 08:00:00.000,0.0001095
2024-05-31 16:00:00.000,0.0001
2024-06-01 00:00:00.000,0.0001
2024-06-01 08:00:00.000,0.000165
2024-06-01 16:00:00.001,0.00012866
2024-06-02 00:00:00.000,0.00014582
2024-06-02 08:00:00.000,0.00018313
2024-06-02 16:00:00.000,0.0001
2024-06-03 00:00:00.000,0.0001
2024-06-03 08:00:00.000,0.00024883
2024-06-03 16:00:00.000,0.0001
2024-06-04 00:00:00.000,0.00013674
2024-06-04 08:00:00.000,0.0001
2024-06-04 16:00:00.000,0.0001
2024-06-05 00:00:00.000,0.00019917
2024-06-05 08:00:00.000,0.00028729
2024-06-05 16:00:00.000,0.00018711
2024-06-06 00:00:00.000,0.00025164
2024-06-06 08:00:00.008,0.00022174
2024-06-06 16:00:00.000,0.00019389
2024-06-07 00:00:00.000,0.0001
2024-06-07 08:00:00.000,0.00014243
2024-06-07 16:00:00.000,0.0001
2024-06-08 00:00:00.000,0.0001
2024-06-08 08:00:00.000,0.0001
2024-06-08 16:00:00.000,0.0001
2024-06-09 00:00:00.000,0.0001
2024-06-09 08:00:00.000,0.0001
2024-06-09 16:00:00.001,0.0001
2024-06-10 00:00:00.000,0.0001
2024-06-10 08:00:00.000,0.0001
2024-06-10 16:00:00.001,0.0001
2024-06-11 00:00:00.001,0.0001
2024-06-11 08:00:00.000,0.0001
2024-06-11 16:00:00.000,0.0001
2024-06-12 00:00:00.000,0.0001
2024-06-12 08:00:00.000,0.0001
2024-06-12 16:00:00.000,0.0001
2024-06-13 00:00:00.000,0.0001
2024-06-13 08:00:00.001,0.0001
2024-06-13 16:00:00.000,0.0001
2024-06-14 00:00:00.000,0.0001
2024-06-14 08:00:00.000,0.0001
2024-06-14 16:00:00.000,0.0001
2024-06-15 00:00:00.000,2.69e-05
2024-06-15 08:00:00.000,0.0001
2024-06-15 16:00:00.000,3.58e-05
2024-06-16 00:00:00.001,0.0001
2024-06-16 08:00:00.000,0.0001
2024-06-16 16:00:00.000,-2.872e-05
2024-06-17 00:00:00.000,1.28e-06
2024-06-17 08:00:00.000,0.0001
2024-06-17 16:00:00.000,0.0001
2024-06-18 00:00:00.000,1.334e-05
2024-06-18 08:00:00.000,2.068e-05
2024-06-18 16:00:00.000,1.756e-05
2024-06-19 00:00:00.001,-4.158e-05
2024-06-19 08:00:00.001,-3.724e-05
2024-06-19 16:00:00.000,0.0001
2024-06-20 00:00:00.000,-3.3e-05
2024-06-20 08:00:00.000,-9.345e-05
2024-06-20 16:00:00.000,-4.35e-06
2024-06-21 00:00:00.000,5.548e-05
2024-06-21 08:00:00.000,2.593e-05
2024-06-21 16:00:00.000,8.541e-05
2024-06-22 00:00:00.000,7.799e-05
2024-06-22 08:00:00.000,6.154e-05
2024-06-22 16:00:00.000,8.417e-05
2024-06-23 00:00:00.000,-2.09e-06
2024-06-23 08:00:00.000,-6.26e-06
2024-06-23 16:00:00.000,-1.829e-05
2024-06-24 00:00:00.002,0.0001
2024-06-24 08:00:00.000,-1.085e-05
2024-06-24 16:00:00.000,6.928e-05
2024-06-25 00:00:00.000,8.361e-05
2024-06-25 08:00:00.000,0.0001
2024-06-25 16:00:00.000,0.0001
2024-06-26 00:00:00.002,0.0001
2024-06-26 08:00:00.000,0.0001
2024-06-26 16:00:00.000,0.0001
2024-06-27 00:00:00.000,0.0001
2024-06-27 08:00:00.001,0.0001
2024-06-27 16:00:00.000,0.0001
2024-06-28 00:00:00.000,0.0001
2024-06-28 08:00:00.000,0.0001
2024-06-28 16:00:00.000,0.0001
2024-06-29 00:00:00.001,0.0001
2024-06-29 08:00:00.000,-3.123e-05
2024-06-29 16:00:00.000,-8.573e-05
2024-06-30 00:00:00.000,0.0001
2024-06-30 08:00:00.000,9.13e-05
2024-06-30 16:00:00.000,0.0001
2024-07-01 00:00:00.000,0.0001
2024-07-01 08:00:00.000,0.0001
2024-07-01 16:00:00.001,0.0001
2024-07-02 00:00:00.000,0.0001
2024-07-02 08:00:00.000,0.0001
2024-07-02 16:00:00.000,0.0001
2024-07-03 00:00:00.000,0.0001
2024-07-03 08:00:00.001,3.991e-05
2024-07-03 16:00:00.000,1.45e-06
2024-07-04 00:00:00.000,0.0001
2024-07-04 08:00:00.000,2.148e-05
2024-07-04 16:00:00.000,-5.403e-05
2024-07-05 00:00:00.000,-6.291e-05
2024-07-05 08:00:00.000,-6.251e-05
2024-07-05 16:00:00.000,-0.00019883
2024-07-06 00:00:00.000,-0.00012917
2024-07-06 08:00:00.000,4.06e-06
2024-07-06 16:00:00.000,8.033e-05
2024-07-07 00:00:00.001,2.524e-05
2024-07-07 08:00:00.000,8.213e-05
2024-07-07 16:00:00.000,4.634e-05
2024-07-08 00:00:00.000,5.64e-05
2024-07-08 08:00:00.000,1.035e-05
2024-07-08 16:00:00.000,-2.617e-05
2024-07-09 00:00:00.000,7.855e-05
2024-07-09 08:00:00.001,-7.548e-05
2024-07-09 16:00:00.000,0.0001
2024-07-10 00:00:00.000,2.45e-05
2024-07-10 08:00:00.000,0.0001
2024-07-10 16:00:00.000,0.0001
2024-07-11 00:00:00.002,-4.176e-05
2024-07-11 08:00:00.002,0.0001
2024-07-11 16:00:00.004,0.0001
2024-07-12 00:00:00.000,5e-05
2024-07-12 08:00:00.000,4.273e-05
2024-07-12 16:00:00.000,0.0001
2024-07-13 00:00:00.000,5.075e-05
2024-07-13 08:00:00.000,0.0001
2024-07-13 16:00:00.000,0.0001
2024-07-14 00:00:00.000,0.0001
2024-07-14 08:00:00.000,6.053e-05
2024-07-14 16:00:00.000,0.0001
2024-07-15 00:00:00.000,9.128e-05
2024-07-15 08:00:00.000,3.408e-05
2024-07-15 16:00:00.000,7.369e-05
2024-07-16 00:00:00.000,0.0001
2024-07-16 08:00:00.000,0.0001
2024-07-16 16:00:00.000,2.105e-05
2024-07-17 00:00:00.000,9.906e-05
2024-07-17 08:00:00.001,0.0001
2024-07-17 16:00:00.000,4.93e-05
2024-07-18 00:00:00.000,6.359e-05
2024-07-18 08:00:00.000,0.0001
2024-07-18 16:00:00.000,8.978e-05
2024-07-19 00:00:00.000,2.753e-05
2024-07-19 08:00:00.000,0.0001
2024-07-19 16:00:00.000,0.0001
2024-07-20 00:00:00.001,0.0001
2024-07-20 08:00:00.000,0.0001
2024-07-20 16:00:00.000,0.0001
2024-07-21 00:00:00.000,0.0001
2024-07-21 08:00:00.000,0.0001
2024-07-21 16:00:00.000,6.853e-05
2024-07-22 00:00:00.000,0.0001
2024-07-22 08:00:00.000,0.0001
2024-07-22 16:00:00.000,6.058e-05
2024-07-23 00:00:00.000,0.0001
2024-07-23 08:00:00.000,0.0001
2024-07-23 16:00:00.000,0.0001
2024-07-24 00:00:00.000,0.0001
2024-07-24 08:00:00.000,0.0001
2024-07-24 16:00:00.000,0.0001
2024-07-25 00:00:00.000,7.262e-05
2024-07-25 08:00:00.000,3.18e-05
2024-07-25 16:00:00.000,0.0001
2024-07-26 00:00:00.000,0.0001
2024-07-26 08:00:00.000,0.0001
2024-07-26 16:00:00.000,0.0001
2024-07-27 00:00:00.000,9.252e-05
2024-07-27 08:00:00.000,0.0001
2024-07-27 16:00:00.000,0.0001
2024-07-28 00:00:00.000,4.735e-05
2024-07-28 08:00:00.000,0.0001
2024-07-28 16:00:00.001,3.24e-05
2024-07-29 00:00:00.001,3.597e-05
2024-07-29 08:00:00.000,9.689e-05
2024-07-29 16:00:00.001,0.0001
2024-07-30 00:00:00.000,5.351e-05
2024-07-30 08:00:00.001,6.43e-05
2024-07-30 16:00:00.000,7.608e-05
2024-07-31 00:00:00.000,-5.528e-05
2024-07-31 08:00:00.000,0.0001
2024-07-31 16:00:00.000,2.253e-05
2024-08-01 00:00:00.000,3.949e-05
2024-08-01 08:00:00.000,-2.265e-05
2024-08-01 16:00:00.000,3.31e-05
2024-08-02 00:00:00.000,-4.257e-05
2024-08-02 08:00:00.001,2.243e-05
2024-08-02 16:00:00.000,4.881e-05
2024-08-03 00:00:00.000,0.0001
2024-08-03 08:00:00.000,9.609e-05
2024-08-03 16:00:00.001,3.947e-05
2024-08-04 00:00:00.000,-3.14e-06
2024-08-04 08:00:00.000,8.468e-05
2024-08-04 16:00:00.000,2.499e-05
2024-08-05 00:00:00.000,-7.356e-05
2024-08-05 08:00:00.000,1.121e-05
2024-08-05 16:00:00.000,9.18e-06
2024-08-06 00:00:00.000,-4.654e-05
2024-08-06 08:00:00.000,-9.648e-05
2024-08-06 16:00:00.000,-2.877e-05
2024-08-07 00:00:00.000,5.228e-05
2024-08-07 08:00:00.001,3.135e-05
2024-08-07 16:00:00.000,3.08e-06
2024-08-08 00:00:00.001,7.317e-05
2024-08-08 08:00:00.000,8.437e-05
2024-08-08 16:00:00.000,1.358e-05
2024-08-09 00:00:00.000,4.095e-05
2024-08-09 08:00:00.000,6.341e-05
2024-08-09 16:00:00.000,8.299e-05
2024-08-10 00:00:00.000,-2.502e-05
2024-08-10 08:00:00.000,3.72e-05
2024-08-10 16:00:00.000,-8.405e-05
2024-08-11 00:00:00.000,-3.824e-05
2024-08-11 08:00:00.000,3.562e-05
2024-08-11 16:00:00.001,-6.009e-05
2024-08-12 00:00:00.000,-2.926e-05
2024-08-12 08:00:00.000,5.832e-05
2024-08-12 16:00:00.000,7.055e-05
2024-08-13 00:00:00.000,0.0001
2024-08-13 08:00:00.000,-4.44e-06
2024-08-13 16:00:00.000,1.746e-05
2024-08-14 00:00:00.000,-3.662e-05
2024-08-14 08:00:00.000,2.726e-05
2024-08-14 16:00:00.000,-5.229e-05
2024-08-15 00:00:00.000,2.515e-05
2024-08-15 08:00:00.000,0.0001
2024-08-15 16:00:00.000,5.706e-05
2024-08-16 00:00:00.000,-0.00015554
2024-08-16 08:00:00.000,3.605e-05
2024-08-16 16:00:00.000,-8.56e-06
2024-08-17 00:00:00.000,4.938e-05
2024-08-17 08:00:00.000,2.113e-05
2024-08-17 16:00:00.000,6.515e-05
2024-08-18 00:00:00.000,0.0001
2024-08-18 08:00:00.000,5.589e-05
2024-08-18 16:00:00.000,1.033e-05
2024-08-19 00:00:00.000,-1.375e-05
2024-08-19 08:00:00.000,-6.467e-05
2024-08-19 16:00:00.002,0.0001
2024-08-20 00:00:00.000,-5.525e-05
2024-08-20 08:00:00.000,0.0001
2024-08-20 16:00:00.001,1.503e-05
2024-08-21 00:00:00.001,1.37e-06
2024-08-21 08:00:00.000,2.27e-05
2024-08-21 16:00:00.001,0.0001
2024-08-22 00:00:00.000,-1.068e-05
2024-08-22 08:00:00.000,8.903e-05
2024-08-22 16:00:00.008,4.446e-05
2024-08-23 00:00:00.000,-3.371e-05
2024-08-23 08:00:00.000,9.991e-05
2024-08-23 16:00:00.000,5.888e-05
2024-08-24 00:00:00.000,3.479e-05
2024-08-24 08:00:00.005,-2.178e-05
2024-08-24 16:00:00.000,2.894e-05
2024-08-25 00:00:00.000,3.401e-05
2024-08-25 08:00:00.000,-3.61e-06
2024-08-25 16:00:00.000,-6.23e-06
2024-08-26 00:00:00.000,-5.15e-05
2024-08-26 08:00:00.001,3.413e-05
2024-08-26 16:00:00.000,0.0001
2024-08-27 00:00:00.001,5.088e-05
2024-08-27 08:00:00.000,1.81e-05
2024-08-27 16:00:00.000,0.0001
2024-08-28 00:00:00.000,-0.00012923
2024-08-28 08:00:00.000,-1.959e-05
2024-08-28 16:00:00.001,0.0001
2024-08-29 00:00:00.000,2.1e-06
2024-08-29 08:00:00.001,-0.00013335
2024-08-29 16:00:00.000,-2.586e-05
2024-08-30 00:00:00.000,-8.18e-06
2024-08-30 08:00:00.000,0.0001
2024-08-30 16:00:00.000,8.463e-05
2024-08-31 00:00:00.000,-1.298e-05
2024-08-31 08:00:00.000,0.0001
2024-08-31 16:00:00.000,3.542e-05
2024-09-01 00:00:00.000,9.18e-05
2024-09-01 08:00:00.001,7.62e-06
2024-09-01 16:00:00.000,-3.053e-05
2024-09-02 00:00:00.001,-0.00017853
2024-09-02 08:00:00.001,-1.024e-05
2024-09-02 16:00:00.000,-7.86e-05
2024-09-03 00:00:00.000,0.0001
2024-09-03 08:00:00.001,0.0001
2024-09-03 16:00:00.000,0.0001
2024-09-04 00:00:00.000,-2.07e-05
2024-09-04 08:00:00.000,5.373e-05
2024-09-04 16:00:00.000,-4.307e-05
2024-09-05 00:00:00.000,4.946e-05
2024-09-05 08:00:00.000,8.481e-05
2024-09-05 16:00:00.005,0.0001
2024-09-06 00:00:00.000,6.639e-05
2024-09-06 08:00:00.001,-1.219e-05
2024-09-06 16:00:00.000,-1.359e-05
2024-09-07 00:00:00.000,-8.494e-05
2024-09-07 08:00:00.000,-2.712e-05
2024-09-07 16:00:00.000,-5.017e-05
2024-09-08 00:00:00.000,0.0001
2024-09-08 08:00:00.000,0.0001
2024-09-08 16:00:00.000,0.0001
2024-09-09 00:00:00.000,-7.45e-06
2024-09-09 08:00:00.000,5.155e-05
2024-09-09 16:00:00.001,-1.582e-05
2024-09-10 00:00:00.000,6.011e-05
2024-09-10 08:00:00.000,-4.83e-06
2024-09-10 16:00:00.000,0.0001
2024-09-11 00:00:00.000,3.867e-05
2024-09-11 08:00:00.000,5.65e-06
2024-09-11 16:00:00.000,-2.221e-05
2024-09-12 00:00:00.000,-4.4e-07
2024-09-12 08:00:00.000,5e-07
2024-09-12 16:00:00.000,4.751e-05
2024-09-13 00:00:00.000,-4.63e-06
2024-09-13 08:00:00.001,5.295e-05
2024-09-13 16:00:00.001,0.0001
2024-09-14 00:00:00.000,-2.406e-05
2024-09-14 08:00:00.000,4.011e-05
2024-09-14 16:00:00.001,2.315e-05
2024-09-15 00:00:00.000,0.0001
2024-09-15 08:00:00.000,6.35e-05
2024-09-15 16:00:00.000,9.169e-05
2024-09-16 00:00:00.000,0.0001
2024-09-16 08:00:00.001,-6.784e-05
2024-09-16 16:00:00.000,-4.338e-05
2024-09-17 00:00:00.001,-8.579e-05
2024-09-17 08:00:00.000,4.706e-05
2024-09-17 16:00:00.000,3.78e-06
2024-09-18 00:00:00.000,8.068e-05
2024-09-18 08:00:00.000,4.5e-07
2024-09-18 16:00:00.004,0.0001
2024-09-19 00:00:00.000,0.0001
2024-09-19 08:00:00.000,7.813e-05
2024-09-19 16:00:00.001,3.497e-05
2024-09-20 00:00:00.000,0.0001
2024-09-20 08:00:00.001,0.0001
2024-09-20 16:00:00.000,6.128e-05
2024-09-21 00:00:00.001,6.299e-05
2024-09-21 08:00:00.000,8.643e-05
2024-09-21 16:00:00.000,0.0001
2024-09-22 00:00:00.000,9.964e-05
2024-09-22 08:00:00.000,0.0001
2024-09-22 16:00:00.000,5.728e-05
2024-09-23 00:00:00.000,1.69e-05
2024-09-23 08:00:00.000,0.0001
2024-09-23 16:00:00.000,0.0001
2024-09-24 00:00:00.000,4.371e-05
2024-09-24 08:00:00.000,0.0001
2024-09-24 16:00:00.001,0.0001
2024-09-25 00:00:00.000,0.0001
2024-09-25 08:00:00.003,5.251e-05
2024-09-25 16:00:00.000,8.675e-05
2024-09-26 00:00:00.005,0.0001
2024-09-26 08:00:00.000,0.0001
2024-09-26 16:00:00.000,0.0001
2024-09-27 00:00:00.000,0.0001
2024-09-27 08:00:00.000,8.86e-05
2024-09-27 16:00:00.000,8.404e-05
2024-09-28 00:00:00.000,7.194e-05
2024-09-28 08:00:00.001,6.243e-05
2024-09-28 16:00:00.000,0.0001
2024-09-29 00:00:00.001,0.0001
2024-09-29 08:00:00.000,0.0001
2024-09-29 16:00:00.000,0.0001
2024-09-30 00:00:00.000,7.794e-05
2024-09-30 08:00:00.001,0.0001
2024-09-30 16:00:00.000,7.457e-05
2024-10-01 00:00:00.000,9.6e-05
2024-10-01 08:00:00.000,-3.42e-05
2024-10-01 16:00:00.001,5.517e-05
2024-10-02 00:00:00.000,-2.23e-06
2024-10-02 08:00:00.000,2.231e-05
2024-10-02 16:00:00.000,0.0001
2024-10-03 00:00:00.000,7.026e-05
2024-10-03 08:00:00.000,2.731e-05
2024-10-03 16:00:00.000,6.138e-05
2024-10-04 00:00:00.000,2.892e-05
2024-10-04 08:00:00.000,8.559e-05
2024-10-04 16:00:00.001,-3.692e-05
2024-10-05 00:00:00.000,6.765e-05
2024-10-05 08:00:00.000,4.454e-05
2024-10-05 16:00:00.000,2.918e-05
2024-10-06 00:00:00.000,0.0001
2024-10-06 08:00:00.001,0.0001
2024-10-06 16:00:00.000,0.0001
2024-10-07 00:00:00.000,0.0001
2024-10-07 08:00:00.000,8.458e-05
2024-10-07 16:00:00.001,0.0001
2024-10-08 00:00:00.000,3.26e-06
2024-10-08 08:00:00.000,0.0001
2024-10-08 16:00:00.000,4.281e-05
2024-10-09 00:00:00.000,-5.59e-05
2024-10-09 08:00:00.000,8.58e-05
2024-10-09 16:00:00.000,7.108e-05
2024-10-10 00:00:00.000,6.612e-05
2024-10-10 08:00:00.000,3.25e-05
2024-10-10 16:00:00.000,-2.826e-05
2024-10-11 00:00:00.000,-9.86e-06
2024-10-11 08:00:00.000,0.0001
2024-10-11 16:00:00.001,-1.872e-05
2024-10-12 00:00:00.000,0.0001
2024-10-12 08:00:00.001,0.0001
2024-10-12 16:00:00.000,0.0001
2024-10-13 00:00:00.000,9.362e-05
2024-10-13 08:00:00.000,0.0001
2024-10-13 16:00:00.000,1.21e-05
2024-10-14 00:00:00.000,0.0001
2024-10-14 08:00:00.000,0.0001
2024-10-14 16:00:00.000,0.0001
2024-10-15 00:00:00.000,0.0001
2024-10-15 08:00:00.000,0.0001
2024-10-15 16:00:00.000,0.0001
2024-10-16 00:00:00.000,0.0001
2024-10-16 08:00:00.001,0.0001
2024-10-16 16:00:00.000,0.0001
2024-10-17 00:00:00.000,0.0001
2024-10-17 08:00:00.000,0.0001
2024-10-17 16:00:00.001,0.0001
2024-10-18 00:00:00.010,0.0001
2024-10-18 08:00:00.001,0.0001
2024-10-18 16:00:00.000,0.0001
2024-10-19 00:00:00.000,0.0001
2024-10-19 08:00:00.000,0.0001
2024-10-19 16:00:00.000,0.0001
2024-10-20 00:00:00.000,0.0001
2024-10-20 08:00:00.000,0.0001
2024-10-20 16:00:00.000,0.0001
2024-10-21 00:00:00.000,0.0001
2024-10-21 08:00:00.000,0.0001
2024-10-21 16:00:00.000,0.0001
2024-10-22 00:00:00.000,0.0001
2024-10-22 08:00:00.000,0.0001
2024-10-22 16:00:00.000,0.0001
2024-10-23 00:00:00.000,6.961e-05
2024-10-23 08:00:00.000,0.0001
2024-10-23 16:00:00.000,0.0001
2024-10-24 00:00:00.000,0.0001
2024-10-24 08:00:00.000,0.0001
2024-10-24 16:00:00.000,0.0001
2024-10-25 00:00:00.000,0.0001
2024-10-25 08:00:00.000,0.0001
2024-10-25 16:00:00.000,2.071e-05
2024-10-26 00:00:00.000,5.609e-05
2024-10-26 08:00:00.001,0.0001
2024-10-26 16:00:00.000,0.0001
2024-10-27 00:00:00.000,0.0001
2024-10-27 08:00:00.000,0.0001
2024-10-27 16:00:00.000,0.0001
2024-10-28 00:00:00.000,0.0001
2024-10-28 08:00:00.001,0.0001
2024-10-28 16:00:00.000,0.0001
2024-10-29 00:00:00.000,0.0001
2024-10-29 08:00:00.000,0.0001
2024-10-29 16:00:00.004,0.0001
2024-10-30 00:00:00.000,0.0001
2024-10-30 08:00:00.000,0.0001
2024-10-30 16:00:00.013,0.0001
2024-10-31 00:00:00.000,0.0001
2024-10-31 08:00:00.000,0.0001
2024-10-31 16:00:00.000,0.0001
2024-11-01 00:00:00.000,0.0001
2024-11-01 08:00:00.000,0.0001
2024-11-01 16:00:00.000,0.0001
2024-11-02 00:00:00.000,0.0001
2024-11-02 08:00:00.000,0.0001
2024-11-02 16:00:00.000,8.249e-05
2024-11-03 00:00:00.000,0.0001
2024-11-03 08:00:00.000,0.0001
2024-11-03 16:00:00.000,0.0001
2024-11-04 00:00:00.000,0.0001
2024-11-04 08:00:00.000,0.0001
2024-11-04 16:00:00.000,1.267e-05
2024-11-05 00:00:00.000,6.048e-05
2024-11-05 08:00:00.003,5.296e-05
2024-11-05 16:00:00.001,0.0001
2024-11-06 00:00:00.000,0.0001
2024-11-06 08:00:00.000,0.0001
2024-11-06 16:00:00.000,0.0001
2024-11-07 00:00:00.000,0.0001
2024-11-07 08:00:00.000,0.00011847
2024-11-07 16:00:00.000,0.0001
2024-11-08 00:00:00.000,0.0001
2024-11-08 08:00:00.000,0.0001
2024-11-08 16:00:00.000,0.0001
2024-11-09 00:00:00.000,0.0001
2024-11-09 08:00:00.000,0.0001
2024-11-09 16:00:00.000,0.0001
2024-11-10 00:00:00.000,0.0001
2024-11-10 08:00:00.000,0.00016856
2024-11-10 16:00:00.000,0.0003804
2024-11-11 00:00:00.001,0.00029942
2024-11-11 08:00:00.000,0.00011479
2024-11-11 16:00:00.000,0.0001
2024-11-12 00:00:00.002,0.00026371
2024-11-12 08:00:00.000,0.00037443
2024-11-12 16:00:00.000,0.00033691
2024-11-13 00:00:00.000,0.00025607
2024-11-13 08:00:00.010,0.0001
2024-11-13 16:00:00.000,0.00015169
2024-11-14 00:00:00.001,0.0001
2024-11-14 08:00:00.000,0.0001
2024-11-14 16:00:00.000,0.0001
2024-11-15 00:00:00.000,0.0001
2024-11-15 08:00:00.000,0.0001
2024-11-15 16:00:00.000,0.0001
2024-11-16 00:00:00.001,0.0001
2024-11-16 08:00:00.001,0.00021024
2024-11-16 16:00:00.000,0.00034555
2024-11-17 00:00:00.000,0.00023724
2024-11-17 08:00:00.000,0.0001
2024-11-17 16:00:00.001,0.00034675
2024-11-18 00:00:00.000,0.00033668
2024-11-18 08:00:00.000,0.00040828
2024-11-18 16:00:00.000,0.0001
2024-11-19 00:00:00.000,0.00024425
2024-11-19 08:00:00.000,0.0004184
2024-11-19 16:00:00.000,0.0001
2024-11-20 00:00:00.003,0.0001025
2024-11-20 08:00:00.000,0.0001
2024-11-20 16:00:00.000,0.00014273
2024-11-21 00:00:00.001,0.0001
2024-11-21 08:00:00.000,0.0001
2024-11-21 16:00:00.001,0.0001
2024-11-22 00:00:00.000,0.00026783
2024-11-22 08:00:00.000,0.00036559
2024-11-22 16:00:00.001,0.00037518
2024-11-23 00:00:00.000,0.00035086
2024-11-23 08:00:00.000,0.00063331
2024-11-23 16:00:00.000,0.00056339
2024-11-24 00:00:00.001,0.0001
2024-11-24 08:00:00.000,0.00027602
2024-11-24 16:00:00.000,0.00024673
2024-11-25 00:00:00.000,0.0001
2024-11-25 08:00:00.000,0.0002913
2024-11-25 16:00:00.000,0.00017976
2024-11-26 00:00:00.000,0.0001
2024-11-26 08:00:00.000,0.00019826
2024-11-26 16:00:00.000,0.0001
2024-11-27 00:00:00.000,0.0001
2024-11-27 08:00:00.000,0.00013379
2024-11-27 16:00:00.001,0.0001656
2024-11-28 00:00:00.000,0.00016316
2024-11-28 08:00:00.000,0.00010132
2024-11-28 16:00:00.000,0.00010378
2024-11-29 00:00:00.000,0.00020196
2024-11-29 08:00:00.000,0.00027359
2024-11-29 16:00:00.000,0.00029969
2024-11-30 00:00:00.000,0.00030277
2024-11-30 08:00:00.000,0.00025546
2024-11-30 16:00:00.000,0.00022188
2024-12-01 00:00:00.000,0.00025873
2024-12-01 08:00:00.000,0.00022679
2024-12-01 16:00:00.000,0.00011173
2024-12-02 00:00:00.001,0.00055902
2024-12-02 08:00:00.001,0.00018994
2024-12-02 16:00:00.000,0.00011197
2024-12-03 00:00:00.000,0.00036142
2024-12-03 08:00:00.000,0.00051503
2024-12-03 16:00:00.000,0.00012244
2024-12-04 00:00:00.000,0.0004215
2024-12-04 08:00:00.000,0.00044774
2024-12-04 16:00:00.000,0.00032802
2024-12-05 00:00:00.001,0.00033226
2024-12-05 08:00:00.000,0.00070264
2024-12-05 16:00:00.000,0.00048066
2024-12-06 00:00:00.000,0.00038139
2024-12-06 08:00:00.000,0.0004284
2024-12-06 16:00:00.000,0.00011806
2024-12-07 00:00:00.000,0.00044794
2024-12-07 08:00:00.000,0.00039236
2024-12-07 16:00:00.000,0.00038653
2024-12-08 00:00:00.000,0.00066812
2024-12-08 08:00:00.000,0.00040738
2024-12-08 16:00:00.000,0.00014485
2024-12-09 00:00:00.000,0.00029186
2024-12-09 08:00:00.000,0.0001414
2024-12-09 16:00:00.001,0.0001
2024-12-10 00:00:00.007,0.0001
2024-12-10 08:00:00.000,0.0001
2024-12-10 16:00:00.000,0.0001
2024-12-11 00:00:00.000,3.841e-05
2024-12-11 08:00:00.000,0.0001
2024-12-11 16:00:00.001,0.0001
2024-12-12 00:00:00.001,0.0001
2024-12-12 08:00:00.000,0.0001
2024-12-12 16:00:00.001,0.0001
2024-12-13 00:00:00.000,0.0001
2024-12-13 08:00:00.000,0.0001
2024-12-13 16:00:00.001,0.0001
2024-12-14 00:00:00.000,0.0001
2024-12-14 08:00:00.000,0.0001
2024-12-14 16:00:00.000,0.0001
2024-12-15 00:00:00.000,0.0001
2024-12-15 08:00:00.000,1.095e-05
2024-12-15 16:00:00.000,0.0001
2024-12-16 00:00:00.000,0.0001
2024-12-16 08:00:00.001,0.0001
2024-12-16 16:00:00.000,0.0001
2024-12-17 00:00:00.000,0.0001
2024-12-17 08:00:00.000,0.0001
2024-12-17 16:00:00.000,0.0001
2024-12-18 00:00:00.000,0.0001
2024-12-18 08:00:00.000,2.74e-05
2024-12-18 16:00:00.000,6.334e-05
2024-12-19 00:00:00.000,-0.00010401
2024-12-19 08:00:00.000,8.173e-05
2024-12-19 16:00:00.000,3.638e-05
2024-12-20 00:00:00.000,-0.0001805
2024-12-20 08:00:00.001,8.079e-05
2024-12-20 16:00:00.014,-6.54e-05
2024-12-21 00:00:00.000,6.944e-05
2024-12-21 08:00:00.000,-0.00011222
2024-12-21 16:00:00.001,7.087e-05
2024-12-22 00:00:00.000,5.272e-05
2024-12-22 08:00:00.000,6.972e-05
2024-12-22 16:00:00.000,-3.343e-05
2024-12-23 00:00:00.000,-1.71e-05
2024-12-23 08:00:00.000,2.979e-05
2024-12-23 16:00:00.001,-3.872e-05
2024-12-24 00:00:00.000,0.0001
2024-12-24 08:00:00.000,4.579e-05
2024-12-24 16:00:00.001,-1.995e-05
2024-12-25 00:00:00.001,-1.967e-05
2024-12-25 08:00:00.000,-3.176e-05
2024-12-25 16:00:00.000,-0.00010236
2024-12-26 00:00:00.000,7.149e-05
2024-12-26 08:00:00.000,-2.965e-05
2024-12-26 16:00:00.000,1.776e-05
2024-12-27 00:00:00.000,2.621e-05
2024-12-27 08:00:00.000,-4.522e-05
2024-12-27 16:00:00.000,-2.24e-05
2024-12-28 00:00:00.001,4.726e-05
2024-12-28 08:00:00.000,3.847e-05
2024-12-28 16:00:00.000,6.029e-05
2024-12-29 00:00:00.000,0.0001
2024-12-29 08:00:00.000,0.0001
2024-12-29 16:00:00.000,9.536e-05
2024-12-30 00:00:00.000,2.163e-05
2024-12-30 08:00:00.001,5.743e-05
2024-12-30 16:00:00.000,7.798e-05
2024-12-31 00:00:00.000,9.594e-05
2024-12-31 08:00:00.000,6.013e-05
2024-12-31 16:00:00.000,0.0001
2025-01-01 00:00:00.015,6.602e-05
2025-01-01 08:00:00.000,2.596e-05
2025-01-01 16:00:00.001,5.957e-05
2025-01-02 00:00:00.000,0.0001
2025-01-02 08:00:00.006,0.0001
2025-01-02 16:00:00.000,0.0001
2025-01-03 00:00:00.000,4.207e-05
2025-01-03 08:00:00.000,3.031e-05
2025-01-03 16:00:00.000,0.0001
2025-01-04 00:00:00.000,0.0001
2025-01-04 08:00:00.000,0.0001
2025-01-04 16:00:00.000,0.0001
2025-01-05 00:00:00.000,0.0001
2025-01-05 08:00:00.000,6.344e-05
2025-01-05 16:00:00.000,0.0001
2025-01-06 00:00:00.000,0.0001
2025-01-06 08:00:00.001,-1.32e-05
2025-01-06 16:00:00.000,0.0001
2025-01-07 00:00:00.000,0.0001
2025-01-07 08:00:00.000,0.0001
2025-01-07 16:00:00.008,7.968e-05
2025-01-08 00:00:00.001,-0.00017755
2025-01-08 08:00:00.000,0.0001
2025-01-08 16:00:00.000,3.32e-05
2025-01-09 00:00:00.000,5.26e-06
2025-01-09 08:00:00.000,9.592e-05
2025-01-09 16:00:00.000,-2.099e-05
2025-01-10 00:00:00.000,-0.00018591
2025-01-10 08:00:00.000,-0.00019486
2025-01-10 16:00:00.000,1.506e-05
2025-01-11 00:00:00.000,-0.00016415
2025-01-11 08:00:00.000,-2.886e-05
2025-01-11 16:00:00.000,-1.16e-05
2025-01-12 00:00:00.000,-9.273e-05
2025-01-12 08:00:00.000,-8.906e-05
2025-01-12 16:00:00.000,3.022e-05
2025-01-13 00:00:00.000,6.182e-05
2025-01-13 08:00:00.000,-1.727e-05
2025-01-13 16:00:00.000,-1.182e-05
2025-01-14 00:00:00.000,1.734e-05
2025-01-14 08:00:00.000,0.0001
2025-01-14 16:00:00.000,6.83e-05
2025-01-15 00:00:00.000,7.467e-05
2025-01-15 08:00:00.000,-2.833e-05
2025-01-15 16:00:00.000,1.192e-05
2025-01-16 00:00:00.000,5.499e-05
2025-01-16 08:00:00.000,0.0001
2025-01-16 16:00:00.000,0.0001
2025-01-17 00:00:00.004,0.0001
2025-01-17 08:00:00.000,9.595e-05
2025-01-17 16:00:00.008,0.0001
2025-01-18 00:00:00.000,0.0001
2025-01-18 08:00:00.007,0.0001
2025-01-18 16:00:00.000,0.0001
2025-01-19 00:00:00.000,0.0001
2025-01-19 08:00:00.000,0.0001
2025-01-19 16:00:00.000,0.0001
2025-01-20 00:00:00.000,0.0001
2025-01-20 08:00:00.009,2.597e-05
2025-01-20 16:00:00.000,0.0001
2025-01-21 00:00:00.000,5.955e-05
2025-01-21 08:00:00.000,5.116e-05
2025-01-21 16:00:00.000,7.525e-05
2025-01-22 00:00:00.000,0.0001
2025-01-22 08:00:00.000,6.478e-05
2025-01-22 16:00:00.000,1.414e-05
2025-01-23 00:00:00.001,6.071e-05
2025-01-23 08:00:00.000,0.0001
2025-01-23 16:00:00.000,4.991e-05
2025-01-24 00:00:00.000,3.191e-05
2025-01-24 08:00:00.000,2.448e-05
2025-01-24 16:00:00.000,3.671e-05
2025-01-25 00:00:00.000,-5.8e-06
2025-01-25 08:00:00.000,-5.578e-05
2025-01-25 16:00:00.001,5.332e-05
2025-01-26 00:00:00.000,6.74e-05
2025-01-26 08:00:00.000,9.05e-06
2025-01-26 16:00:00.000,-8.469e-05
2025-01-27 00:00:00.000,-9.788e-05
2025-01-27 08:00:00.000,-2.32e-06
2025-01-27 16:00:00.000,-0.00015045
2025-01-28 00:00:00.000,3.307e-05
2025-01-28 08:00:00.000,-2.335e-05
2025-01-28 16:00:00.000,-1.256e-05
2025-01-29 00:00:00.000,6.265e-05
2025-01-29 08:00:00.000,0.0001
2025-01-29 16:00:00.000,7.889e-05
2025-01-30 00:00:00.000,1.6e-07
2025-01-30 08:00:00.000,0.0001
2025-01-30 16:00:00.000,5.076e-05
2025-01-31 00:00:00.000,3.961e-05
2025-01-31 08:00:00.000,-5.64e-06
2025-01-31 16:00:00.000,0.0001
2025-02-01 00:00:00.000,-7.1e-06
2025-02-01 08:00:00.000,0.0001
2025-02-01 16:00:00.000,7.055e-05
2025-02-02 00:00:00.001,3.134e-05
2025-02-02 08:00:00.000,1.549e-05
2025-02-02 16:00:00.000,3.098e-05
2025-02-03 00:00:00.000,2.403e-05
2025-02-03 08:00:00.000,-0.00010187
2025-02-03 16:00:00.000,-5.983e-05
2025-02-04 00:00:00.000,-5.581e-05
2025-02-04 08:00:00.001,2.422e-05
2025-02-04 16:00:00.000,-3.99e-05
2025-02-05 00:00:00.001,3.745e-05
2025-02-05 08:00:00.001,6.536e-05
2025-02-05 16:00:00.000,-1.96e-06
2025-02-06 00:00:00.001,5.572e-05
2025-02-06 08:00:00.001,-1.787e-05
2025-02-06 16:00:00.000,7.498e-05
2025-02-07 00:00:00.000,-0.00011729
2025-02-07 08:00:00.000,4.669e-05
2025-02-07 16:00:00.000,4.45e-06
2025-02-08 00:00:00.000,-4.178e-05
2025-02-08 08:00:00.000,0.0001
2025-02-08 16:00:00.000,9.105e-05
2025-02-09 00:00:00.000,3e-08
2025-02-09 08:00:00.000,-2.886e-05
2025-02-09 16:00:00.000,6.574e-05
2025-02-10 00:00:00.000,1.084e-05
2025-02-10 08:00:00.000,9.046e-05
2025-02-10 16:00:00.000,9.31e-05
2025-02-11 00:00:00.000,9.598e-05
2025-02-11 08:00:00.000,4.309e-05
2025-02-11 16:00:00.000,4.25e-05
2025-02-12 00:00:00.000,-0.000112
2025-02-12 08:00:00.000,-5.029e-05
2025-02-12 16:00:00.001,0.0001
2025-02-13 00:00:00.001,9.687e-05
2025-02-13 08:00:00.000,7.034e-05
2025-02-13 16:00:00.001,-3.787e-05
2025-02-14 00:00:00.000,-6.6e-07
2025-02-14 08:00:00.001,0.0001
2025-02-14 16:00:00.000,8.49e-05
2025-02-15 00:00:00.000,1.818e-05
2025-02-15 08:00:00.000,3.354e-05
2025-02-15 16:00:00.000,-5.366e-05
2025-02-16 00:00:00.000,-4.24e-06
2025-02-16 08:00:00.000,-6.827e-05
2025-02-16 16:00:00.000,-4.749e-05
2025-02-17 00:00:00.000,2.204e-05
2025-02-17 08:00:00.000,1.968e-05
2025-02-17 16:00:00.000,-2.994e-05
2025-02-18 00:00:00.000,2.887e-05
2025-02-18 08:00:00.000,-2.204e-05
2025-02-18 16:00:00.000,-3.458e-05
2025-02-19 00:00:00.000,1.151e-05
2025-02-19 08:00:00.000,-2.711e-05
2025-02-19 16:00:00.000,3.284e-05
2025-02-20 00:00:00.000,8.46e-06
2025-02-20 08:00:00.000,-1.337e-05
2025-02-20 16:00:00.000,6.85e-05
2025-02-21 00:00:00.001,-5.792e-05
2025-02-21 08:00:00.000,5.321e-05
2025-02-21 16:00:00.000,-2.118e-05
2025-02-22 00:00:00.000,0.0001
2025-02-22 08:00:00.000,-4.646e-05
2025-02-22 16:00:00.000,-1.782e-05
2025-02-23 00:00:00.000,4.317e-05
2025-02-23 08:00:00.000,1.862e-05
2025-02-23 16:00:00.000,2.548e-05
2025-02-24 00:00:00.000,-1.409e-05
2025-02-24 08:00:00.000,-8.327e-05
2025-02-24 16:00:00.000,3.687e-05
2025-02-25 00:00:00.000,6.126e-05
2025-02-25 08:00:00.000,-2.265e-05
2025-02-25 16:00:00.000,8.79e-06
2025-02-26 00:00:00.000,-5.35e-05
2025-02-26 08:00:00.000,-3.895e-05
2025-02-26 16:00:00.000,5.034e-05
2025-02-27 00:00:00.001,9.162e-05
2025-02-27 08:00:00.000,9.222e-05
2025-02-27 16:00:00.000,0.0001
2025-02-28 00:00:00.001,-1.482e-05
2025-02-28 08:00:00.000,1.605e-05
2025-02-28 16:00:00.000,-7.845e-05
2025-03-01 00:00:00.000,0.0001
2025-03-01 08:00:00.000,4.566e-05
2025-03-01 16:00:00.001,8.653e-05
2025-03-02 00:00:00.000,1.686e-05
2025-03-02 08:00:00.000,9.159e-05
2025-03-02 16:00:00.000,-8e-06
2025-03-03 00:00:00.001,-3.283e-05
2025-03-03 08:00:00.000,-2.55e-06
2025-03-03 16:00:00.000,-0.00011526
2025-03-04 00:00:00.001,-8.714e-05
2025-03-04 08:00:00.005,-4.883e-05
2025-03-04 16:00:00.000,-3.808e-05
2025-03-05 00:00:00.000,4.44e-06
2025-03-05 08:00:00.000,6.62e-06
2025-03-05 16:00:00.000,1.343e-05
2025-03-06 00:00:00.000,3.394e-05
2025-03-06 08:00:00.001,1.54e-05
2025-03-06 16:00:00.000,1.039e-05
2025-03-07 00:00:00.000,-0.00010773
2025-03-07 08:00:00.001,5.71e-06
2025-03-07 16:00:00.000,9.391e-05
2025-03-08 00:00:00.000,4.618e-05
2025-03-08 08:00:00.001,-1.988e-05
2025-03-08 16:00:00.001,5.32e-05
2025-03-09 00:00:00.001,-3.055e-05
2025-03-09 08:00:00.000,6.688e-05
2025-03-09 16:00:00.000,-5.76e-06
2025-03-10 00:00:00.000,-2.664e-05
2025-03-10 08:00:00.000,-4.717e-05
2025-03-10 16:00:00.000,-2.274e-05
2025-03-11 00:00:00.000,-2.727e-05
2025-03-11 08:00:00.000,-7.33e-06
2025-03-11 16:00:00.001,7.443e-05
2025-03-12 00:00:00.000,3.982e-05
2025-03-12 08:00:00.000,7.204e-05
2025-03-12 16:00:00.001,-2.744e-05
2025-03-13 00:00:00.000,-3.24e-06
2025-03-13 08:00:00.000,4.7e-07
2025-03-13 16:00:00.000,0.0001
2025-03-14 00:00:00.000,2.479e-05
2025-03-14 08:00:00.000,0.0001
2025-03-14 16:00:00.000,9.059e-05
2025-03-15 00:00:00.000,3.243e-05
2025-03-15 08:00:00.000,3.265e-05
2025-03-15 16:00:00.000,4.728e-05
2025-03-16 00:00:00.000,-1.88e-06
2025-03-16 08:00:00.000,5.701e-05
2025-03-16 16:00:00.000,-3.554e-05
2025-03-17 00:00:00.000,4.56e-06
2025-03-17 08:00:00.000,5.262e-05
2025-03-17 16:00:00.000,-3.89e-06
2025-03-18 00:00:00.000,2.958e-05
2025-03-18 08:00:00.000,-6.937e-05
2025-03-18 16:00:00.000,-8.257e-05
2025-03-19 00:00:00.000,-4.478e-05
2025-03-19 08:00:00.000,6.252e-05
2025-03-19 16:00:00.000,7.422e-05
2025-03-20 00:00:00.000,0.0001
2025-03-20 08:00:00.000,8.03e-05
2025-03-20 16:00:00.000,-2.773e-05
2025-03-21 00:00:00.000,-3.535e-05
2025-03-21 08:00:00.000,2.85e-05
2025-03-21 16:00:00.000,-9.148e-05
2025-03-22 00:00:00.000,-3.412e-05
2025-03-22 08:00:00.004,9.4e-06
2025-03-22 16:00:00.000,3.231e-05
2025-03-23 00:00:00.000,-1.1e-05
2025-03-23 08:00:00.000,7.409e-05
2025-03-23 16:00:00.000,0.0001
2025-03-24 00:00:00.000,8.735e-05
2025-03-24 08:00:00.000,0.0001
2025-03-24 16:00:00.000,9.763e-05
2025-03-25 00:00:00.001,0.0001
2025-03-25 08:00:00.000,7.345e-05
2025-03-25 16:00:00.000,-2.949e-05
2025-03-26 00:00:00.000,9.861e-05
2025-03-26 08:00:00.000,3.331e-05
2025-03-26 16:00:00.001,6.148e-05
2025-03-27 00:00:00.001,-6.66e-06
2025-03-27 08:00:00.001,-6.86e-06
2025-03-27 16:00:00.002,-1.026e-05
2025-03-28 00:00:00.001,4.15e-06
2025-03-28 08:00:00.001,6.002e-05
2025-03-28 16:00:00.000,-1.91e-05
2025-03-29 00:00:00.000,3.609e-05
2025-03-29 08:00:00.000,6.656e-05
2025-03-29 16:00:00.000,-3.712e-05
2025-03-30 00:00:00.000,-5.591e-05
2025-03-30 08:00:00.000,-6.651e-05
2025-03-30 16:00:00.000,7.2e-06
2025-03-31 00:00:00.000,-4.63e-05
2025-03-31 08:00:00.000,1.743e-05
2025-03-31 16:00:00.000,9.83e-06
2025-04-01 00:00:00.000,4.656e-05
2025-04-01 08:00:00.001,-5.361e-05
2025-04-01 16:00:00.000,4.16e-05
2025-04-02 00:00:00.001,4.565e-05
2025-04-02 08:00:00.000,6.944e-05
2025-04-02 16:00:00.000,2.182e-05
2025-04-03 00:00:00.000,2.15e-05
2025-04-03 08:00:00.000,4.423e-05
2025-04-03 16:00:00.000,-5.321e-05
2025-04-04 00:00:00.000,-6.49e-05
2025-04-04 08:00:00.000,2.396e-05
2025-04-04 16:00:00.000,8.733e-05
2025-04-05 00:00:00.000,0.0001
2025-04-05 08:00:00.000,0.0001
2025-04-05 16:00:00.000,8.17e-05
2025-04-06 00:00:00.000,8.467e-05
2025-04-06 08:00:00.000,4.13e-05
2025-04-06 16:00:00.002,-6.233e-05
2025-04-07 00:00:00.000,-8.59e-06
2025-04-07 08:00:00.000,1.767e-05
2025-04-07 16:00:00.000,-2.563e-05
2025-04-08 00:00:00.000,2.442e-05
2025-04-08 08:00:00.000,-7.17e-06
2025-04-08 16:00:00.000,3.95e-05
2025-04-09 00:00:00.000,3.469e-05
2025-04-09 08:00:00.001,-5.687e-05
2025-04-09 16:00:00.000,7.463e-05
2025-04-10 00:00:00.000,0.0001
2025-04-10 08:00:00.000,1.686e-05
2025-04-10 16:00:00.000,5.18e-06
2025-04-11 00:00:00.001,3.796e-05
2025-04-11 08:00:00.000,5.386e-05
2025-04-11 16:00:00.000,0.0001
2025-04-12 00:00:00.000,9.133e-05
2025-04-12 08:00:00.001,4.817e-05
2025-04-12 16:00:00.000,4.416e-05
2025-04-13 00:00:00.000,2.638e-05
2025-04-13 08:00:00.000,0.0001
2025-04-13 16:00:00.000,6.797e-05
2025-04-14 00:00:00.000,0.0001
2025-04-14 08:00:00.000,2.22e-05
2025-04-14 16:00:00.000,-1.435e-05
2025-04-15 00:00:00.000,-0.0001205
2025-04-15 08:00:00.000,-7.629e-05
2025-04-15 16:00:00.001,-4.331e-05
2025-04-16 00:00:00.000,-1.27e-05
2025-04-16 08:00:00.000,-1.894e-05
2025-04-16 16:00:00.000,-1.668e-05
2025-04-17 00:00:00.001,4.938e-05
2025-04-17 08:00:00.000,4.145e-05
2025-04-17 16:00:00.001,-1.745e-05
2025-04-18 00:00:00.000,4.13e-06
2025-04-18 08:00:00.000,-7.92e-06
2025-04-18 16:00:00.000,5.041e-05
2025-04-19 00:00:00.000,0.0001
2025-04-19 08:00:00.000,0.0001
2025-04-19 16:00:00.000,7.601e-05
2025-04-20 00:00:00.000,7.828e-05
2025-04-20 08:00:00.000,0.0001
2025-04-20 16:00:00.000,-7.54e-05
2025-04-21 00:00:00.000,8.89e-06
2025-04-21 08:00:00.005,0.0001
2025-04-21 16:00:00.003,0.0001
2025-04-22 00:00:00.008,8.131e-05
2025-04-22 08:00:00.000,0.0001
2025-04-22 16:00:00.000,0.0001
2025-04-23 00:00:00.000,0.0001
2025-04-23 08:00:00.002,0.0001
2025-04-23 16:00:00.000,0.0001
2025-04-24 00:00:00.000,0.0001
2025-04-24 08:00:00.001,0.0001
2025-04-24 16:00:00.001,6.561e-05
2025-04-25 00:00:00.007,0.0001
2025-04-25 08:00:00.002,0.0001
2025-04-25 16:00:00.003,6.68e-05
2025-04-26 00:00:00.002,9.774e-05
2025-04-26 08:00:00.000,8.82e-06
2025-04-26 16:00:00.002,2.243e-05
2025-04-27 00:00:00.001,-7.611e-05
2025-04-27 08:00:00.000,7.464e-05
2025-04-27 16:00:00.000,6.479e-05
2025-04-28 00:00:00.001,3.706e-05
2025-04-28 08:00:00.003,8.078e-05
2025-04-28 16:00:00.005,-5.958e-05
2025-04-29 00:00:00.000,3.774e-05
2025-04-29 08:00:00.000,0.0001
2025-04-29 16:00:00.010,1.163e-05
2025-04-30 00:00:00.001,-8.768e-05
2025-04-30 08:00:00.000,-6.965e-05
2025-04-30 16:00:00.003,-8.174e-05
2025-05-01 00:00:00.000,1.67e-05
2025-05-01 08:00:00.000,7.872e-05
2025-05-01 16:00:00.001,0.0001
2025-05-02 00:00:00.000,0.0001
2025-05-02 08:00:00.000,6.873e-05
2025-05-02 16:00:00.003,6.792e-05
2025-05-03 00:00:00.000,4.762e-05
2025-05-03 08:00:00.000,1.327e-05
2025-05-03 16:00:00.000,4.606e-05
2025-05-04 00:00:00.001,9.44e-06
2025-05-04 08:00:00.001,-9.94e-06
2025-05-04 16:00:00.002,-1.556e-05
2025-05-05 00:00:00.000,-7.879e-05
2025-05-05 08:00:00.000,-3.963e-05
2025-05-05 16:00:00.006,-8.009e-05
2025-05-06 00:00:00.002,-1.072e-05
2025-05-06 08:00:00.005,1.705e-05
2025-05-06 16:00:00.000,1.691e-05
2025-05-07 00:00:00.002,7.112e-05
2025-05-07 08:00:00.000,5.421e-05
2025-05-07 16:00:00.006,5.902e-05
2025-05-08 00:00:00.000,4.074e-05
2025-05-08 08:00:00.001,0.0001
2025-05-08 16:00:00.002,0.0001
2025-05-09 00:00:00.001,0.0001
2025-05-09 08:00:00.006,0.0001
2025-05-09 16:00:00.000,0.0001
2025-05-10 00:00:00.001,0.0001
2025-05-10 08:00:00.000,0.0001
2025-05-10 16:00:00.001,0.0001
2025-05-11 00:00:00.000,0.0001
2025-05-11 08:00:00.001,0.0001
2025-05-11 16:00:00.001,5.785e-05
2025-05-12 00:00:00.004,3.834e-05
2025-05-12 08:00:00.000,8.624e-05
2025-05-12 16:00:00.000,0.0001
2025-05-13 00:00:00.000,2.17e-06
2025-05-13 08:00:00.008,9.248e-05
2025-05-13 16:00:00.001,9.394e-05
2025-05-14 00:00:00.007,0.0001
2025-05-14 08:00:00.000,0.0001
2025-05-14 16:00:00.002,5.801e-05
2025-05-15 00:00:00.000,8.215e-05
2025-05-15 08:00:00.003,8.267e-05
2025-05-15 16:00:00.000,-1.668e-05
2025-05-16 00:00:00.001,-4.912e-05
2025-05-16 08:00:00.000,1.871e-05
2025-05-16 16:00:00.000,9.839e-05
2025-05-17 00:00:00.000,1.92e-05
2025-05-17 08:00:00.001,-4.771e-05
2025-05-17 16:00:00.004,2.338e-05
2025-05-18 00:00:00.000,2.615e-05
2025-05-18 08:00:00.000,-1.153e-05
2025-05-18 16:00:00.000,0.0001
2025-05-19 00:00:00.000,8.583e-05
2025-05-19 08:00:00.006,-6.235e-05
2025-05-19 16:00:00.010,-6.722e-05
2025-05-20 00:00:00.000,0.0001
2025-05-20 08:00:00.002,8.232e-05
2025-05-20 16:00:00.000,-6.344e-05
2025-05-21 00:00:00.000,0.0001
2025-05-21 08:00:00.001,0.0001
2025-05-21 16:00:00.004,5.136e-05
2025-05-22 00:00:00.001,0.0001
2025-05-22 08:00:00.000,0.0001
2025-05-22 16:00:00.002,0.0001
2025-05-23 00:00:00.006,0.0001
2025-05-23 08:00:00.000,0.0001
2025-05-23 16:00:00.007,2.259e-05
2025-05-24 00:00:00.010,8.052e-05
2025-05-24 08:00:00.000,-4.39e-05
2025-05-24 16:00:00.003,-9.352e-05
2025-05-25 00:00:00.004,-5.088e-05
2025-05-25 08:00:00.000,-1.04e-05
2025-05-25 16:00:00.000,1.095e-05
2025-05-26 00:00:00.000,1.289e-05
2025-05-26 08:00:00.000,2.939e-05
2025-05-26 16:00:00.002,9.827e-05
2025-05-27 00:00:00.003,6.561e-05
2025-05-27 08:00:00.001,0.0001
2025-05-27 16:00:00.005,0.0001
2025-05-28 00:00:00.002,3.18e-05
2025-05-28 08:00:00.003,8.57e-06
2025-05-28 16:00:00.002,1.04e-06
2025-05-29 00:00:00.000,3.144e-05
2025-05-29 08:00:00.006,0.0001
2025-05-29 16:00:00.000,0.0001
2025-05-30 00:00:00.003,-4.292e-05
2025-05-30 08:00:00.003,4.087e-05
2025-05-30 16:00:00.000,3.287e-05
2025-05-31 00:00:00.000,5.564e-05
2025-05-31 08:00:00.000,3.884e-05
2025-05-31 16:00:00.000,2.822e-05
2025-06-01 00:00:00.001,-1.869e-05
2025-06-01 08:00:00.002,-3.376e-05
2025-06-01 16:00:00.000,7.042e-05
2025-06-02 00:00:00.001,7.157e-05
2025-06-02 08:00:00.000,5.424e-05
2025-06-02 16:00:00.000,7.448e-05
2025-06-03 00:00:00.000,0.0001
2025-06-03 08:00:00.000,1.244e-05
2025-06-03 16:00:00.001,2.866e-05
2025-06-04 00:00:00.000,6.535e-05
2025-06-04 08:00:00.000,0.0001
2025-06-04 16:00:00.000,1.4e-05
2025-06-05 00:00:00.016,3.909e-05
2025-06-05 08:00:00.000,6.495e-05
2025-06-05 16:00:00.000,8.145e-05
2025-06-06 00:00:00.002,-6.883e-05
2025-06-06 08:00:00.000,-2.465e-05
2025-06-06 16:00:00.006,6.223e-05
2025-06-07 00:00:00.000,7.779e-05
2025-06-07 08:00:00.000,5.17e-06
2025-06-07 16:00:00.002,8.656e-05
2025-06-08 00:00:00.000,-2.23e-06
2025-06-08 08:00:00.000,4.005e-05
2025-06-08 16:00:00.000,1.457e-05
2025-06-09 00:00:00.000,6.928e-05
2025-06-09 08:00:00.001,1.615e-05
2025-06-09 16:00:00.001,6.878e-05
2025-06-10 00:00:00.000,0.0001
2025-06-10 08:00:00.001,0.0001
2025-06-10 16:00:00.003,4.141e-05
2025-06-11 00:00:00.000,0.0001
2025-06-11 08:00:00.000,0.0001
2025-06-11 16:00:00.010,8.119e-05
2025-06-12 00:00:00.002,2.046e-05
2025-06-12 08:00:00.003,1.603e-05
2025-06-12 16:00:00.001,2.8e-06
2025-06-13 00:00:00.000,1.933e-05
2025-06-13 08:00:00.001,-3.676e-05
2025-06-13 16:00:00.004,2.656e-05
2025-06-14 00:00:00.000,9.142e-05
2025-06-14 08:00:00.000,2.512e-05
2025-06-14 16:00:00.000,8.163e-05
2025-06-15 00:00:00.005,5.489e-05
2025-06-15 08:00:00.009,6.502e-05
2025-06-15 16:00:00.000,1.474e-05
2025-06-16 00:00:00.000,3.646e-05
2025-06-16 08:00:00.000,4.797e-05
2025-06-16 16:00:00.003,5.295e-05
2025-06-17 00:00:00.000,2.398e-05
2025-06-17 08:00:00.006,5.482e-05
2025-06-17 16:00:00.001,2.74e-05
2025-06-18 00:00:00.001,6.803e-05
2025-06-18 08:00:00.001,0.0001
2025-06-18 16:00:00.001,7.46e-05
2025-06-19 00:00:00.005,5.951e-05
2025-06-19 08:00:00.003,7.045e-05
2025-06-19 16:00:00.000,3.004e-05
2025-06-20 00:00:00.000,6.766e-05
2025-06-20 08:00:00.002,3.808e-05
2025-06-20 16:00:00.001,-5.01e-06
2025-06-21 00:00:00.002,-3.937e-05
2025-06-21 08:00:00.005,6.688e-05
2025-06-21 16:00:00.000,-5.45e-06
2025-06-22 00:00:00.005,6.2e-06
2025-06-22 08:00:00.000,0.0001
2025-06-22 16:00:00.003,1.954e-05
2025-06-23 00:00:00.000,4.515e-05
2025-06-23 08:00:00.004,7.48e-06
2025-06-23 16:00:00.013,-4.51e-06
2025-06-24 00:00:00.003,6.537e-05
2025-06-24 08:00:00.000,1.241e-05
2025-06-24 16:00:00.000,2.437e-05
2025-06-25 00:00:00.005,3.345e-05
2025-06-25 08:00:00.000,6.808e-05
2025-06-25 16:00:00.005,4.294e-05
2025-06-26 00:00:00.000,6.114e-05
2025-06-26 08:00:00.006,-5.207e-05
2025-06-26 16:00:00.007,2.42e-06
2025-06-27 00:00:00.000,7.86e-05
2025-06-27 08:00:00.000,7.156e-05
2025-06-27 16:00:00.009,-4.55e-05
2025-06-28 00:00:00.001,8.521e-05
2025-06-28 08:00:00.002,9.424e-05
2025-06-28 16:00:00.000,2.765e-05
2025-06-29 00:00:00.004,1.26e-05
2025-06-29 08:00:00.001,6.53e-05
2025-06-29 16:00:00.001,-3.892e-05
2025-06-30 00:00:00.000,9.942e-05
2025-06-30 08:00:00.005,6.437e-05
2025-06-30 16:00:00.002,1.407e-05
2025-07-01 00:00:00.007,6.636e-05
2025-07-01 08:00:00.002,7.71e-05
2025-07-01 16:00:00.000,8.45e-06
2025-07-02 00:00:00.001,-6.097e-05
2025-07-02 08:00:00.000,-5.59e-06
2025-07-02 16:00:00.003,0.0001
2025-07-03 00:00:00.006,0.0001
2025-07-03 08:00:00.003,0.0001
2025-07-03 16:00:00.003,0.0001
2025-07-04 00:00:00.005,7.379e-05
2025-07-04 08:00:00.003,9.048e-05
2025-07-04 16:00:00.001,-2.565e-05
2025-07-05 00:00:00.004,-7.207e-05
2025-07-05 08:00:00.009,-3.317e-05
2025-07-05 16:00:00.006,6.02e-05
2025-07-06 00:00:00.001,-2.326e-05
2025-07-06 08:00:00.002,1.653e-05
2025-07-06 16:00:00.004,0.0001
2025-07-07 00:00:00.000,0.0001
2025-07-07 08:00:00.007,0.0001
2025-07-07 16:00:00.000,1.03e-05
2025-07-08 00:00:00.010,-3.2e-07
2025-07-08 08:00:00.003,4.338e-05
2025-07-08 16:00:00.000,8.556e-05
2025-07-09 00:00:00.002,0.0001
2025-07-09 08:00:00.006,7.082e-05
2025-07-09 16:00:00.001,0.0001
2025-07-10 00:00:00.003,0.0001
2025-07-10 08:00:00.000,0.0001
2025-07-10 16:00:00.004,0.0001
2025-07-11 00:00:00.004,0.0001
2025-07-11 08:00:00.007,0.0001
2025-07-11 16:00:00.001,0.0001
2025-07-12 00:00:00.000,0.0001
2025-07-12 08:00:00.001,0.0001
2025-07-12 16:00:00.002,0.0001
2025-07-13 00:00:00.006,0.0001
2025-07-13 08:00:00.001,0.0001
2025-07-13 16:00:00.003,6.117e-05
2025-07-14 00:00:00.000,9.44e-05
2025-07-14 08:00:00.000,0.0001
2025-07-14 16:00:00.000,0.0001
2025-07-15 00:00:00.002,0.0001
2025-07-15 08:00:00.000,0.0001
2025-07-15 16:00:00.000,6.227e-05
2025-07-16 00:00:00.000,0.0001
2025-07-16 08:00:00.000,0.0001
2025-07-16 16:00:00.008,0.0001
2025-07-17 00:00:00.003,0.0001
2025-07-17 08:00:00.000,0.0001
2025-07-17 16:00:00.000,0.0001
2025-07-18 00:00:00.004,0.0001
2025-07-18 08:00:00.000,0.0001
2025-07-18 16:00:00.000,0.0001
2025-07-19 00:00:00.009,0.0001
2025-07-19 08:00:00.000,0.0001
2025-07-19 16:00:00.002,0.0001
2025-07-20 00:00:00.000,0.0001
2025-07-20 08:00:00.000,0.0001
2025-07-20 16:00:00.000,0.0001
2025-07-21 00:00:00.001,0.0001
2025-07-21 08:00:00.000,0.0001
2025-07-21 16:00:00.001,0.0001
2025-07-22 00:00:00.000,0.0001
2025-07-22 08:00:00.010,0.0001
2025-07-22 16:00:00.007,0.0001
2025-07-23 00:00:00.000,0.0001
2025-07-23 08:00:00.004,0.0001
2025-07-23 16:00:00.002,0.0001
2025-07-24 00:00:00.000,0.0001
2025-07-24 08:00:00.001,0.0001
2025-07-24 16:00:00.000,0.0001
2025-07-25 00:00:00.000,0.0001
2025-07-25 08:00:00.000,0.0001
2025-07-25 16:00:00.000,0.0001
2025-07-26 00:00:00.001,0.0001
2025-07-26 08:00:00.005,0.0001
2025-07-26 16:00:00.001,0.0001
2025-07-27 00:00:00.001,0.0001
2025-07-27 08:00:00.000,0.0001
2025-07-27 16:00:00.008,8.689e-05
2025-07-28 00:00:00.005,0.0001
2025-07-28 08:00:00.000,0.0001
2025-07-28 16:00:00.000,0.0001
2025-07-29 00:00:00.001,6.002e-05
2025-07-29 08:00:00.000,2.6e-07
2025-07-29 16:00:00.000,5.355e-05
2025-07-30 00:00:00.011,8.098e-05
2025-07-30 08:00:00.000,5.904e-05
2025-07-30 16:00:00.008,4.271e-05
2025-07-31 00:00:00.000,9.53e-05
2025-07-31 08:00:00.009,0.0001
2025-07-31 16:00:00.000,3.944e-05
2025-08-01 00:00:00.001,7.237e-05
2025-08-01 08:00:00.003,6.515e-05
2025-08-01 16:00:00.000,7.968e-05
2025-08-02 00:00:00.004,2.347e-05
2025-08-02 08:00:00.000,7.798e-05
2025-08-02 16:00:00.000,7.945e-05
2025-08-03 00:00:00.000,6.425e-05
2025-08-03 08:00:00.000,1.531e-05
2025-08-03 16:00:00.003,8.074e-05
2025-08-04 00:00:00.004,9.36e-05
2025-08-04 08:00:00.000,2.434e-05
2025-08-04 16:00:00.002,4.07e-05
2025-08-05 00:00:00.000,1.65e-05
2025-08-05 08:00:00.000,8.275e-05
2025-08-05 16:00:00.000,1.607e-05
2025-08-06 00:00:00.005,-1.167e-05
2025-08-06 08:00:00.000,2.198e-05
2025-08-06 16:00:00.000,6.671e-05
2025-08-07 00:00:00.003,0.0001
2025-08-07 08:00:00.002,0.0001
2025-08-07 16:00:00.002,0.0001
2025-08-08 00:00:00.002,4.61e-05
2025-08-08 08:00:00.004,0.0001
2025-08-08 16:00:00.000,9.65e-05
2025-08-09 00:00:00.005,5.213e-05
2025-08-09 08:00:00.000,2.556e-05
2025-08-09 16:00:00.007,9.99e-05
2025-08-10 00:00:00.003,9.793e-05
2025-08-10 08:00:00.005,0.0001
2025-08-10 16:00:00.002,0.0001
2025-08-11 00:00:00.000,0.0001
2025-08-11 08:00:00.000,7.432e-05
2025-08-11 16:00:00.000,0.0001
2025-08-12 00:00:00.000,0.0001
2025-08-12 08:00:00.001,0.0001
2025-08-12 16:00:00.005,4.695e-05
2025-08-13 00:00:00.000,0.0001
2025-08-13 08:00:00.002,0.0001
2025-08-13 16:00:00.006,0.0001
2025-08-14 00:00:00.002,0.0001
2025-08-14 08:00:00.003,0.0001
2025-08-14 16:00:00.000,0.0001
2025-08-15 00:00:00.000,-6.509e-05
2025-08-15 08:00:00.000,-2.987e-05
2025-08-15 16:00:00.000,0.0001
2025-08-16 00:00:00.004,2.897e-05
2025-08-16 08:00:00.000,0.0001
2025-08-16 16:00:00.002,8.389e-05
2025-08-17 00:00:00.000,-5.12e-06
2025-08-17 08:00:00.001,0.0001
2025-08-17 16:00:00.007,6.571e-05
2025-08-18 00:00:00.000,3.039e-05
2025-08-18 08:00:00.001,7.1e-06
2025-08-18 16:00:00.002,-3.96e-05
2025-08-19 00:00:00.000,-1.654e-05
2025-08-19 08:00:00.001,8.678e-05
2025-08-19 16:00:00.000,6.159e-05
2025-08-20 00:00:00.000,0.0001
2025-08-20 08:00:00.000,2.249e-05
2025-08-20 16:00:00.000,3.49e-05
2025-08-21 00:00:00.006,5.1e-05
2025-08-21 08:00:00.000,0.0001
2025-08-21 16:00:00.003,8.069e-05
2025-08-22 00:00:00.010,0.0001
2025-08-22 08:00:00.007,7.351e-05
2025-08-22 16:00:00.001,8.114e-05
2025-08-23 00:00:00.004,0.0001
2025-08-23 08:00:00.006,0.0001
2025-08-23 16:00:00.000,0.0001
2025-08-24 00:00:00.001,0.0001
2025-08-24 08:00:00.002,0.0001
2025-08-24 16:00:00.001,7.277e-05
2025-08-25 00:00:00.000,9.743e-05
2025-08-25 08:00:00.002,4.991e-05
2025-08-25 16:00:00.002,-2.219e-05
2025-08-26 00:00:00.000,-9.169e-05
2025-08-26 08:00:00.000,-3.787e-05
2025-08-26 16:00:00.000,-4.269e-05
2025-08-27 00:00:00.003,7.187e-05
2025-08-27 08:00:00.000,0.0001
2025-08-27 16:00:00.009,0.0001
2025-08-28 00:00:00.000,0.0001
2025-08-28 08:00:00.005,0.0001
2025-08-28 16:00:00.004,0.0001
2025-08-29 00:00:00.000,0.0001
2025-08-29 08:00:00.000,9.185e-05
2025-08-29 16:00:00.005,7.561e-05
2025-08-30 00:00:00.000,1.584e-05
2025-08-30 08:00:00.002,0.0001
2025-08-30 16:00:00.003,0.0001
2025-08-31 00:00:00.016,0.0001
2025-08-31 08:00:00.000,0.0001
2025-08-31 16:00:00.001,0.0001
2025-09-01 00:00:00.000,9.89e-05
2025-09-01 08:00:00.000,5.901e-05
2025-09-01 16:00:00.001,0.0001
2025-09-02 00:00:00.000,9.92e-06
2025-09-02 08:00:00.005,0.0001
2025-09-02 16:00:00.007,9.922e-05
2025-09-03 00:00:00.006,0.0001
2025-09-03 08:00:00.002,0.0001
2025-09-03 16:00:00.002,0.0001
2025-09-04 00:00:00.002,0.0001
2025-09-04 08:00:00.000,5.84e-05
2025-09-04 16:00:00.000,2.616e-05
2025-09-05 00:00:00.001,1.315e-05
2025-09-05 08:00:00.006,0.0001
2025-09-05 16:00:00.000,9.07e-05
2025-09-06 00:00:00.000,0.0001
2025-09-06 08:00:00.005,8.947e-05
2025-09-06 16:00:00.000,-2.299e-05
2025-09-07 00:00:00.000,-5.6e-07
2025-09-07 08:00:00.000,0.0001
2025-09-07 16:00:00.000,0.0001
2025-09-08 00:00:00.007,9.278e-05
2025-09-08 08:00:00.000,8.476e-05
2025-09-08 16:00:00.000,0.0001
2025-09-09 00:00:00.000,0.0001
2025-09-09 08:00:00.000,0.0001
2025-09-09 16:00:00.000,0.0001
2025-09-10 00:00:00.000,4.374e-05
2025-09-10 08:00:00.002,5.444e-05
2025-09-10 16:00:00.000,0.0001
2025-09-11 00:00:00.000,6.962e-05
2025-09-11 08:00:00.000,0.0001
2025-09-11 16:00:00.001,1.14e-05
2025-09-12 00:00:00.002,6.04e-05
2025-09-12 08:00:00.001,0.0001
2025-09-12 16:00:00.005,0.0001
2025-09-13 00:00:00.005,0.0001
2025-09-13 08:00:00.002,0.0001
2025-09-13 16:00:00.000,0.0001
2025-09-14 00:00:00.006,0.0001
2025-09-14 08:00:00.000,0.0001
2025-09-14 16:00:00.001,0.0001
2025-09-15 00:00:00.006,0.0001
2025-09-15 08:00:00.002,0.0001
2025-09-15 16:00:00.001,5.651e-05
2025-09-16 00:00:00.001,1.87e-06
2025-09-16 08:00:00.000,0.0001
2025-09-16 16:00:00.000,2.46e-05
2025-09-17 00:00:00.001,-2.969e-05
2025-09-17 08:00:00.000,5.728e-05
2025-09-17 16:00:00.003,3.869e-05
2025-09-18 00:00:00.006,2.687e-05
2025-09-18 08:00:00.002,9.133e-05
2025-09-18 16:00:00.000,4.652e-05
2025-09-19 00:00:00.000,8.947e-05
2025-09-19 08:00:00.005,0.0001
2025-09-19 16:00:00.000,9.696e-05
2025-09-20 00:00:00.000,-4.87e-06
2025-09-20 08:00:00.000,4.131e-05
2025-09-20 16:00:00.002,2.204e-05
2025-09-21 00:00:00.000,9.41e-06
2025-09-21 08:00:00.000,4.324e-05
2025-09-21 16:00:00.000,8.203e-05
2025-09-22 00:00:00.005,2.913e-05
2025-09-22 08:00:00.003,-9.48e-06
2025-09-22 16:00:00.000,-2.725e-05
2025-09-23 00:00:00.000,2.411e-05
2025-09-23 08:00:00.001,6.534e-05
2025-09-23 16:00:00.000,2.219e-05
2025-09-24 00:00:00.003,8.144e-05
2025-09-24 08:00:00.001,8.018e-05
2025-09-24 16:00:00.002,8.73e-06
2025-09-25 00:00:00.000,4e-05
2025-09-25 08:00:00.001,-1.303e-05
2025-09-25 16:00:00.000,2.999e-05
2025-09-26 00:00:00.000,3.908e-05
2025-09-26 08:00:00.000,5.649e-05
2025-09-26 16:00:00.008,0.0001
2025-09-27 00:00:00.000,6.492e-05
2025-09-27 08:00:00.010,0.0001
2025-09-27 16:00:00.003,0.0001
2025-09-28 00:00:00.000,7.58e-05
2025-09-28 08:00:00.000,1.48e-05
2025-09-28 16:00:00.000,2.725e-05
2025-09-29 00:00:00.000,0.0001
2025-09-29 08:00:00.002,8.93e-05
2025-09-29 16:00:00.001,-2.594e-05
2025-09-30 00:00:00.002,5.367e-05
2025-09-30 08:00:00.005,-2.92e-05
2025-09-30 16:00:00.000,-6.72e-05
2025-10-01 00:00:00.000,0.0001
2025-10-01 08:00:00.000,0.0001
2025-10-01 16:00:00.000,3.43e-05
2025-10-02 00:00:00.000,6.658e-05
2025-10-02 08:00:00.013,3.522e-05
2025-10-02 16:00:00.000,0.0001
2025-10-03 00:00:00.006,9.988e-05
2025-10-03 08:00:00.006,0.0001
2025-10-03 16:00:00.000,2.871e-05
2025-10-04 00:00:00.001,0.0001
2025-10-04 08:00:00.000,3.773e-05
2025-10-04 16:00:00.000,-2.221e-05
2025-10-05 00:00:00.000,1.203e-05
2025-10-05 08:00:00.003,0.0001
2025-10-05 16:00:00.009,0.0001
2025-10-06 00:00:00.004,-2.685e-05
2025-10-06 08:00:00.002,5.952e-05
2025-10-06 16:00:00.004,0.0001
2025-10-07 00:00:00.000,0.0001
2025-10-07 08:00:00.003,0.0001
2025-10-07 16:00:00.000,4.808e-05
2025-10-08 00:00:00.000,-3.221e-05
2025-10-08 08:00:00.006,6.845e-05
2025-10-08 16:00:00.002,6.681e-05
2025-10-09 00:00:00.001,0.0001
2025-10-09 08:00:00.000,1.365e-05
2025-10-09 16:00:00.000,2.15e-05
2025-10-10 00:00:00.005,9.706e-05
2025-10-10 08:00:00.002,0.0001
2025-10-10 16:00:00.014,0.0001
2025-10-11 00:00:00.000,0.00045253
2025-10-11 08:00:00.003,-0.0002366
2025-10-11 16:00:00.000,-0.00014742
2025-10-12 00:00:00.004,-0.00011681
2025-10-12 08:00:00.002,-0.00010444
2025-10-12 16:00:00.000,-3.99e-05
2025-10-13 00:00:00.003,-2.835e-05
2025-10-13 08:00:00.002,-4.833e-05
2025-10-13 16:00:00.003,-7.42e-06
2025-10-14 00:00:00.000,6.155e-05
2025-10-14 08:00:00.000,8.728e-05
2025-10-14 16:00:00.000,-3.401e-05
2025-10-15 00:00:00.006,2.415e-05
2025-10-15 08:00:00.002,3.94e-05
2025-10-15 16:00:00.000,-4.106e-05
2025-10-16 00:00:00.000,-1.239e-05
2025-10-16 08:00:00.003,-6.104e-05
2025-10-16 16:00:00.002,-1.36e-06
2025-10-17 00:00:00.001,-1.077e-05
2025-10-17 08:00:00.005,-3.57e-06
2025-10-17 16:00:00.003,-1.688e-05
2025-10-18 00:00:00.000,-6.348e-05
2025-10-18 08:00:00.002,-2.13e-05
2025-10-18 16:00:00.001,-8.194e-05
2025-10-19 00:00:00.001,-3.031e-05
2025-10-19 08:00:00.001,-1.482e-05
2025-10-19 16:00:00.001,4.724e-05
2025-10-20 00:00:00.004,9.42e-05
2025-10-20 08:00:00.001,8.284e-05
2025-10-20 16:00:00.000,3.349e-05
2025-10-21 00:00:00.009,0.0001
2025-10-21 08:00:00.000,2.951e-05
2025-10-21 16:00:00.000,9.551e-05
2025-10-22 00:00:00.004,5.871e-05
2025-10-22 08:00:00.000,-8.814e-05
2025-10-22 16:00:00.000,-4.032e-05
2025-10-23 00:00:00.000,8.654e-05
2025-10-23 08:00:00.001,2.239e-05
2025-10-23 16:00:00.004,8.653e-05
2025-10-24 00:00:00.000,0.0001
2025-10-24 08:00:00.000,0.0001
2025-10-24 16:00:00.009,5.659e-05
2025-10-25 00:00:00.000,0.0001
2025-10-25 08:00:00.001,0.0001
2025-10-25 16:00:00.001,7.87e-05
2025-10-26 00:00:00.001,3.381e-05
2025-10-26 08:00:00.001,2.4e-07
2025-10-26 16:00:00.000,0.0001
2025-10-27 00:00:00.000,0.0001
2025-10-27 08:00:00.005,0.0001
2025-10-27 16:00:00.000,4.055e-05
2025-10-28 00:00:00.000,9.691e-05
2025-10-28 08:00:00.000,6.89e-06
2025-10-28 16:00:00.004,-3.8e-06
2025-10-29 00:00:00.004,-7.161e-05
2025-10-29 08:00:00.005,-0.00011307
2025-10-29 16:00:00.000,-3.614e-05
2025-10-30 00:00:00.004,7.491e-05
2025-10-30 08:00:00.008,-2.011e-05
2025-10-30 16:00:00.001,-0.00011438
2025-10-31 00:00:00.000,-0.00014643
2025-10-31 08:00:00.008,7.208e-05
2025-10-31 16:00:00.007,2.53e-06
2025-11-01 00:00:00.001,6.001e-05
2025-11-01 08:00:00.000,6.47e-05
2025-11-01 16:00:00.000,9.233e-05
2025-11-02 00:00:00.007,5.004e-05
2025-11-02 08:00:00.000,5.038e-05
2025-11-02 16:00:00.001,2.611e-05
2025-11-03 00:00:00.000,8.18e-05
2025-11-03 08:00:00.010,-0.0001308
2025-11-03 16:00:00.000,-0.00010886
2025-11-04 00:00:00.002,3.099e-05
2025-11-04 08:00:00.004,3.14e-05
2025-11-04 16:00:00.000,8.12e-05
2025-11-05 00:00:00.000,9.842e-05
2025-11-05 08:00:00.000,9.22e-05
2025-11-05 16:00:00.004,-4.63e-06
2025-11-06 00:00:00.001,-3.123e-05
2025-11-06 08:00:00.000,4.926e-05
2025-11-06 16:00:00.001,-2.664e-05
2025-11-07 00:00:00.005,2.685e-05
2025-11-07 08:00:00.003,0.0001
2025-11-07 16:00:00.005,0.0001
2025-11-08 00:00:00.011,0.0001
2025-11-08 08:00:00.015,0.0001
2025-11-08 16:00:00.001,8.754e-05
2025-11-09 00:00:00.004,-7.8e-06
2025-11-09 08:00:00.000,6.61e-05
2025-11-09 16:00:00.005,-5.37e-06
2025-11-10 00:00:00.000,7.881e-05
2025-11-10 08:00:00.000,5.265e-05
2025-11-10 16:00:00.003,-1.329e-05
2025-11-11 00:00:00.007,1.817e-05
2025-11-11 08:00:00.000,-4.993e-05
2025-11-11 16:00:00.009,6.972e-05
2025-11-12 00:00:00.000,1.502e-05
2025-11-12 08:00:00.002,8e-08
2025-11-12 16:00:00.000,5.875e-05
2025-11-13 00:00:00.002,-3.942e-05
2025-11-13 08:00:00.000,6.768e-05
2025-11-13 16:00:00.001,0.0001
2025-11-14 00:00:00.000,-0.00012823
2025-11-14 08:00:00.000,5.129e-05
2025-11-14 16:00:00.001,6.219e-05
2025-11-15 00:00:00.005,-2.683e-05
2025-11-15 08:00:00.000,0.0001
2025-11-15 16:00:00.001,9.089e-05
2025-11-16 00:00:00.001,0.0001
2025-11-16 08:00:00.000,6.791e-05
2025-11-16 16:00:00.000,-1.359e-05
2025-11-17 00:00:00.003,-1.494e-05
2025-11-17 08:00:00.003,9.451e-05
2025-11-17 16:00:00.000,9.084e-05
2025-11-18 00:00:00.002,-0.00010361
2025-11-18 08:00:00.004,0.0001
2025-11-18 16:00:00.000,0.0001
2025-11-19 00:00:00.000,0.0001
2025-11-19 08:00:00.000,7.834e-05
2025-11-19 16:00:00.008,6.143e-05
2025-11-20 00:00:00.000,-4.22e-05
2025-11-20 08:00:00.000,0.0001
2025-11-20 16:00:00.000,0.0001
2025-11-21 00:00:00.001,-7.973e-05
2025-11-21 08:00:00.000,-8.081e-05
2025-11-21 16:00:00.001,2.428e-05
2025-11-22 00:00:00.004,2.808e-05
2025-11-22 08:00:00.000,1.63e-05
2025-11-22 16:00:00.000,-5.02e-06
2025-11-23 00:00:00.000,4.6e-05
2025-11-23 08:00:00.008,-7.686e-05
2025-11-23 16:00:00.003,1.193e-05
2025-11-24 00:00:00.004,-2.885e-05
2025-11-24 08:00:00.000,7.5e-06
2025-11-24 16:00:00.006,8.181e-05
2025-11-25 00:00:00.000,9.329e-05
2025-11-25 08:00:00.009,2.867e-05
2025-11-25 16:00:00.007,-3.973e-05
2025-11-26 00:00:00.001,9.307e-05
2025-11-26 08:00:00.001,1.977e-05
2025-11-26 16:00:00.000,-2.489e-05
2025-11-27 00:00:00.013,0.0001
2025-11-27 08:00:00.000,-5.7e-06
2025-11-27 16:00:00.004,-3.123e-05
2025-11-28 00:00:00.008,-8.81e-06
2025-11-28 08:00:00.000,-4.313e-05
2025-11-28 16:00:00.008,3.33e-06
2025-11-29 00:00:00.000,-1.539e-05
2025-11-29 08:00:00.005,3.616e-05
2025-11-29 16:00:00.001,1.85e-06
2025-11-30 00:00:00.003,6.812e-05
2025-11-30 08:00:00.000,6.599e-05
2025-11-30 16:00:00.004,-7.4e-07
2025-12-01 00:00:00.000,-4.318e-05
2025-12-01 08:00:00.004,-9.221e-05
2025-12-01 16:00:00.000,-6.697e-05
2025-12-02 00:00:00.004,-0.00011936
2025-12-02 08:00:00.000,-3.572e-05
2025-12-02 16:00:00.000,-6.62e-06
2025-12-03 00:00:00.000,9.97e-05
2025-12-03 08:00:00.000,5.609e-05
2025-12-03 16:00:00.005,7.413e-05
2025-12-04 00:00:00.012,7.079e-05
2025-12-04 08:00:00.000,8.828e-05
2025-12-04 16:00:00.011,9.58e-05
2025-12-05 00:00:00.000,9.105e-05
2025-12-05 08:00:00.000,4.694e-05
2025-12-05 16:00:00.010,1.716e-05
2025-12-06 00:00:00.001,-0.00010042
2025-12-06 08:00:00.001,-3.412e-05
2025-12-06 16:00:00.008,-3.965e-05
2025-12-07 00:00:00.000,5.305e-05
2025-12-07 08:00:00.004,-3.949e-05
2025-12-07 16:00:00.000,-1.193e-05
2025-12-08 00:00:00.000,-1.48e-05
2025-12-08 08:00:00.000,8.003e-05
2025-12-08 16:00:00.001,9.172e-05
2025-12-09 00:00:00.001,0.0001
2025-12-09 08:00:00.001,5.875e-05
2025-12-09 16:00:00.007,5.382e-05
2025-12-10 00:00:00.007,0.0001
2025-12-10 08:00:00.002,-1.941e-05
2025-12-10 16:00:00.012,-1.34e-06
2025-12-11 00:00:00.001,4.415e-05
2025-12-11 08:00:00.000,-8.866e-05
2025-12-11 16:00:00.000,-7.076e-05
2025-12-12 00:00:00.005,5.894e-05
2025-12-12 08:00:00.007,2.417e-05
2025-12-12 16:00:00.002,3.936e-05
2025-12-13 00:00:00.001,-8.071e-05
2025-12-13 08:00:00.006,4.469e-05
2025-12-13 16:00:00.000,8.276e-05
2025-12-14 00:00:00.000,0.0001
2025-12-14 08:00:00.003,4.352e-05
2025-12-14 16:00:00.005,-1.158e-05
2025-12-15 00:00:00.000,-8.026e-05
2025-12-15 08:00:00.000,5.18e-05
2025-12-15 16:00:00.000,-4.43e-06
2025-12-16 00:00:00.002,-0.00012442
2025-12-16 08:00:00.000,1.14e-06
2025-12-16 16:00:00.002,4.903e-05
2025-12-17 00:00:00.004,3.811e-05
2025-12-17 08:00:00.000,7.406e-05
2025-12-17 16:00:00.000,5.487e-05
2025-12-18 00:00:00.005,-2.463e-05
2025-12-18 08:00:00.007,-5.158e-05
2025-12-18 16:00:00.001,8.293e-05
2025-12-19 00:00:00.000,-3.22e-05
2025-12-19 08:00:00.001,5.932e-05
2025-12-19 16:00:00.000,0.0001
2025-12-20 00:00:00.005,8.939e-05
2025-12-20 08:00:00.000,2.889e-05
2025-12-20 16:00:00.002,6.068e-05
2025-12-21 00:00:00.000,7.082e-05
2025-12-21 08:00:00.009,2.93e-05
2025-12-21 16:00:00.000,1.089e-05
2025-12-22 00:00:00.000,-1.261e-05
2025-12-22 08:00:00.005,1.239e-05
2025-12-22 16:00:00.009,5.548e-05
2025-12-23 00:00:00.000,-1.65e-05
2025-12-23 08:00:00.000,6.691e-05
2025-12-23 16:00:00.001,1.593e-05
2025-12-24 00:00:00.001,4.177e-05
2025-12-24 08:00:00.001,4.037e-05
2025-12-24 16:00:00.000,1.289e-05
2025-12-25 00:00:00.000,0.0001
2025-12-25 08:00:00.001,6.815e-05
2025-12-25 16:00:00.005,-2.609e-05
2025-12-26 00:00:00.004,4.282e-05
2025-12-26 08:00:00.001,6.091e-05
2025-12-26 16:00:00.007,-3.004e-05
2025-12-27 00:00:00.000,-8.976e-05
2025-12-27 08:00:00.000,2.54e-05
2025-12-27 16:00:00.011,5.477e-05
2025-12-28 00:00:00.008,3.66e-06
2025-12-28 08:00:00.000,8.404e-05
2025-12-28 16:00:00.000,5.826e-05
2025-12-29 00:00:00.016,4.2e-06
2025-12-29 08:00:00.001,0.0001
2025-12-29 16:00:00.000,-1.906e-05
2025-12-30 00:00:00.005,-7.613e-05
2025-12-30 08:00:00.001,-5.154e-05
2025-12-30 16:00:00.003,8.116e-05
2025-12-31 00:00:00.004,-1.727e-05
2025-12-31 08:00:00.001,-5.672e-05
2025-12-31 16:00:00.001,-4.87e-06
2026-01-01 00:00:00.008,-9.368e-05
2026-01-01 08:00:00.002,-2.743e-05
2026-01-01 16:00:00.001,0.0001
2026-01-02 00:00:00.006,0.0001
2026-01-02 08:00:00.007,0.0001
2026-01-02 16:00:00.000,0.0001
2026-01-03 00:00:00.001,0.0001
2026-01-03 08:00:00.000,0.0001
2026-01-03 16:00:00.000,0.0001
2026-01-04 00:00:00.000,0.0001
2026-01-04 08:00:00.000,0.0001
2026-01-04 16:00:00.001,0.0001
2026-01-05 00:00:00.000,0.0001
2026-01-05 08:00:00.000,5.494e-05
2026-01-05 16:00:00.000,3.678e-05
2026-01-06 00:00:00.010,8.963e-05
2026-01-06 08:00:00.000,3.508e-05
2026-01-06 16:00:00.000,5.316e-05
2026-01-07 00:00:00.001,7.807e-05
2026-01-07 08:00:00.001,5.284e-05
2026-01-07 16:00:00.001,4.783e-05
2026-01-08 00:00:00.001,6.238e-05
2026-01-08 08:00:00.000,8.702e-05
2026-01-08 16:00:00.000,3.5e-06
2026-01-09 00:00:00.003,4.733e-05
2026-01-09 08:00:00.000,4.77e-06
2026-01-09 16:00:00.001,2.259e-05
2026-01-10 00:00:00.000,2.896e-05
2026-01-10 08:00:00.002,3.999e-05
2026-01-10 16:00:00.001,-6.39e-06
2026-01-11 00:00:00.003,5.36e-06
2026-01-11 08:00:00.006,9.517e-05
2026-01-11 16:00:00.000,9.3e-07
2026-01-12 00:00:00.005,-4.23e-06
2026-01-12 08:00:00.000,1.844e-05
2026-01-12 16:00:00.000,1.627e-05
2026-01-13 00:00:00.007,-2.02e-06
2026-01-13 08:00:00.009,7.289e-05
2026-01-13 16:00:00.002,0.0001
2026-01-14 00:00:00.000,0.0001
2026-01-14 08:00:00.001,0.0001
2026-01-14 16:00:00.004,8.885e-05
2026-01-15 00:00:00.000,7.726e-05
2026-01-15 08:00:00.004,-1.98e-05
2026-01-15 16:00:00.002,1.2e-06
2026-01-16 00:00:00.000,-3.042e-05
2026-01-16 08:00:00.000,2.522e-05
2026-01-16 16:00:00.001,-3.83e-06
2026-01-17 00:00:00.000,-3.47e-05
2026-01-17 08:00:00.000,-1.522e-05
2026-01-17 16:00:00.002,-1.609e-05
2026-01-18 00:00:00.001,3.375e-05
2026-01-18 08:00:00.000,-1.312e-05
2026-01-18 16:00:00.000,-6.9e-07
2026-01-19 00:00:00.007,2.438e-05
2026-01-19 08:00:00.007,-1.481e-05
2026-01-19 16:00:00.007,-2.592e-05
2026-01-20 00:00:00.005,7.602e-05
2026-01-20 08:00:00.001,4.471e-05
2026-01-20 16:00:00.009,1.121e-05
2026-01-21 00:00:00.001,-9.23e-06
2026-01-21 08:00:00.011,2.726e-05
2026-01-21 16:00:00.011,-2.782e-05
2026-01-22 00:00:00.010,6.287e-05
2026-01-22 08:00:00.003,5.905e-05
2026-01-22 16:00:00.005,7.77e-06
2026-01-23 00:00:00.005,-2.751e-05
2026-01-23 08:00:00.000,2.076e-05
2026-01-23 16:00:00.011,-3.507e-05
2026-01-24 00:00:00.011,2.791e-05
2026-01-24 08:00:00.002,5.92e-06
2026-01-24 16:00:00.001,4.335e-05
2026-01-25 00:00:00.002,5.142e-05
2026-01-25 08:00:00.011,-5.83e-06
2026-01-25 16:00:00.005,-4.02e-05
2026-01-26 00:00:00.000,-0.00010208
2026-01-26 08:00:00.003,5.045e-05
2026-01-26 16:00:00.000,2.82e-06
2026-01-27 00:00:00.002,2.538e-05
2026-01-27 08:00:00.000,-3.757e-05
2026-01-27 16:00:00.000,1.586e-05
2026-01-28 00:00:00.000,8.395e-05
2026-01-28 08:00:00.000,7.658e-05
2026-01-28 16:00:00.000,6.919e-05
2026-01-29 00:00:00.000,0.0001
2026-01-29 08:00:00.009,-1.937e-05
2026-01-29 16:00:00.000,-8.92e-05
2026-01-30 00:00:00.008,-0.00016899
2026-01-30 08:00:00.000,-0.00011255
2026-01-30 16:00:00.001,-3.928e-05
2026-01-31 00:00:00.000,2.929e-05
2026-01-31 08:00:00.001,-8.74e-06
2026-01-31 16:00:00.009,-0.00019169
